variant,setup,arm,abstention_rate,fallback_rate
sim1_base,task003_nosolution,false,0.0,0.0002
sim1_base,task003_nosolution,silent,0.0,0.0003
sim1_base,task003_nosolution,truth,0.0,0.0002
sim1_base,task003_symmetric,false,0.0,0.0074
sim1_base,task003_symmetric,silent,0.0,0.0
sim1_base,task003_symmetric,truth,0.0,0.0439
sim1_pm,task003_nosolution,false,0.0016,0.0037
sim1_pm,task003_nosolution,silent,0.0017,0.0026
sim1_pm,task003_nosolution,truth,0.0013,0.0033
sim1_pm,task003_symmetric,false,0.001,0.0102
sim1_pm,task003_symmetric,silent,0.0011,0.0021
sim1_pm,task003_symmetric,truth,0.0012,0.1197
sim1_pm_post_always,task003_nosolution,false,0.0,0.0037
sim1_pm_post_always,task003_nosolution,silent,0.0,0.0026
sim1_pm_post_always,task003_nosolution,truth,0.0,0.0033
sim1_pm_post_always,task003_symmetric,false,0.0,0.0105
sim1_pm_post_always,task003_symmetric,silent,0.0,0.0021
sim1_pm_post_always,task003_symmetric,truth,0.0,0.1209
sim1_uniform_post,task003_nosolution,false,0.0,0.0
sim1_uniform_post,task003_nosolution,silent,0.0,0.0
sim1_uniform_post,task003_nosolution,truth,0.0,0.0
sim1_uniform_post,task003_symmetric,false,0.0,0.0
sim1_uniform_post,task003_symmetric,silent,0.0,0.0
sim1_uniform_post,task003_symmetric,truth,0.0,0.0
