setup,rho,q,variant,all_A0,all_A2,A0_majority,A2_majority
nosolution,0.75,12,sim1_base,0.353,0.543,0.438,0.559
nosolution,1.0,12,sim1_base,0.411,0.471,0.469,0.519
nosolution,0.75,3,sim1_base,0.15,0.674,0.229,0.762
nosolution,1.0,3,sim1_base,0.199,0.432,0.36,0.591
nosolution,0.75,6,sim1_base,0.28,0.63,0.36,0.64
nosolution,1.0,6,sim1_base,0.304,0.471,0.409,0.558
symmetric,0.75,12,sim1_base,0.862,0.056,0.944,0.056
symmetric,1.0,12,sim1_base,0.93,0.07,0.93,0.07
symmetric,0.75,3,sim1_base,0.693,0.014,0.977,0.02
symmetric,1.0,3,sim1_base,1.0,0.0,1.0,0.0
symmetric,0.75,6,sim1_base,0.829,0.025,0.975,0.025
symmetric,1.0,6,sim1_base,0.97,0.03,0.97,0.03
nosolution,0.75,12,sim1_pm,0.0,0.001,0.332,0.476
nosolution,1.0,12,sim1_pm,0.0,0.0,0.444,0.4
nosolution,0.75,3,sim1_pm,0.0,0.0,0.147,0.405
nosolution,1.0,3,sim1_pm,0.0,0.0,0.424,0.41
nosolution,0.75,6,sim1_pm,0.0,0.002,0.256,0.521
nosolution,1.0,6,sim1_pm,0.0,0.0,0.445,0.399
symmetric,0.75,12,sim1_pm,0.298,0.0,1.0,0.0
symmetric,1.0,12,sim1_pm,1.0,0.0,1.0,0.0
symmetric,0.75,3,sim1_pm,0.0,0.0,0.829,0.039
symmetric,1.0,3,sim1_pm,0.999,0.0,1.0,0.0
symmetric,0.75,6,sim1_pm,0.047,0.0,0.986,0.004
symmetric,1.0,6,sim1_pm,1.0,0.0,1.0,0.0
nosolution,0.75,12,sim1_pm_post_always,0.0,0.002,0.352,0.451
nosolution,1.0,12,sim1_pm_post_always,0.0,0.0,0.444,0.4
nosolution,0.75,3,sim1_pm_post_always,0.0,0.0,0.135,0.417
nosolution,1.0,3,sim1_pm_post_always,0.0,0.0,0.43,0.406
nosolution,0.75,6,sim1_pm_post_always,0.0,0.0,0.251,0.521
nosolution,1.0,6,sim1_pm_post_always,0.0,0.0,0.443,0.398
symmetric,0.75,12,sim1_pm_post_always,0.287,0.0,0.999,0.0
symmetric,1.0,12,sim1_pm_post_always,1.0,0.0,1.0,0.0
symmetric,0.75,3,sim1_pm_post_always,0.0,0.0,0.812,0.046
symmetric,1.0,3,sim1_pm_post_always,0.997,0.0,1.0,0.0
symmetric,0.75,6,sim1_pm_post_always,0.046,0.0,0.988,0.003
symmetric,1.0,6,sim1_pm_post_always,1.0,0.0,1.0,0.0
nosolution,0.75,12,sim1_uniform_post,0.075,0.149,0.433,0.517
nosolution,1.0,12,sim1_uniform_post,0.079,0.006,0.534,0.337
nosolution,0.75,3,sim1_uniform_post,0.036,0.062,0.38,0.459
nosolution,1.0,3,sim1_uniform_post,0.089,0.005,0.638,0.278
nosolution,0.75,6,sim1_uniform_post,0.054,0.099,0.4,0.525
nosolution,1.0,6,sim1_uniform_post,0.097,0.006,0.575,0.319
symmetric,0.75,12,sim1_uniform_post,0.408,0.018,0.889,0.083
symmetric,1.0,12,sim1_uniform_post,1.0,0.0,1.0,0.0
symmetric,0.75,3,sim1_uniform_post,0.114,0.016,0.752,0.138
symmetric,1.0,3,sim1_uniform_post,0.997,0.0,1.0,0.0
symmetric,0.75,6,sim1_uniform_post,0.262,0.014,0.851,0.094
symmetric,1.0,6,sim1_uniform_post,0.999,0.0,1.0,0.0
