variant,q,missing_fact,fact_favours,held_by_agents_at_start,share_of_all_agents,lean_of_all_but_this_fact_A2_minus_A0
sim1_base,12,cf_x00_ge_2,A0,2,0.0000,-0.0213
sim1_base,12,cf_x01_le_2,A0,2,0.0000,0.2857
sim1_base,12,cf_x05_le_2,A2,1,0.0018,0.0000
sim1_base,12,cf_x08_le_2,A1/A2,1,0.0000,-0.3506
sim1_base,12,cf_x00_ge_x02,A0,1,0.0013,0.0000
sim1_base,12,cf_x00_ge_x03,A0/A1,2,0.0000,0.2581
sim1_base,12,cf_x01_ge_x02,A2,2,0.0000,-0.1724
sim1_base,12,cf_x02_le_x04,A2,2,0.0006,0.0000
sim1_base,12,cf_x02_le_x05,A0,1,0.0016,0.0000
sim1_base,12,cf_x02_eq_x05,A1/A2,2,0.0000,-0.0986
sim1_base,12,cf_x03_le_x04,A1/A2,1,0.0016,0.0000
sim1_base,12,cf_x03_eq_x04,A1/A2,2,0.0000,0.4464
sim1_base,12,cf_x03_ge_x05,A2,2,0.0003,0.0000
sim1_base,12,cf_x06_le_x07,A1,2,0.0000,0.4038
sim1_base,12,cf_x06_ge_x07,A2,1,0.0000,-0.0968
sim1_base,3,cf_x00_ge_2,A0,2,0.0001,-0.0213
sim1_base,3,cf_x01_le_2,A0,2,0.0003,0.2857
sim1_base,3,cf_x05_le_2,A2,1,0.0050,0.0000
sim1_base,3,cf_x08_le_2,A1/A2,1,0.0001,-0.3506
sim1_base,3,cf_x00_ge_x02,A0,1,0.0076,0.0000
sim1_base,3,cf_x00_ge_x03,A0/A1,2,0.0001,0.2581
sim1_base,3,cf_x01_ge_x02,A2,2,0.0001,-0.1724
sim1_base,3,cf_x02_le_x04,A2,2,0.0018,0.0000
sim1_base,3,cf_x02_le_x05,A0,1,0.0132,0.0000
sim1_base,3,cf_x02_eq_x05,A1/A2,2,0.0000,-0.0986
sim1_base,3,cf_x03_le_x04,A1/A2,1,0.0060,0.0000
sim1_base,3,cf_x03_eq_x04,A1/A2,2,0.0003,0.4464
sim1_base,3,cf_x03_ge_x05,A2,2,0.0005,0.0000
sim1_base,3,cf_x06_le_x07,A1,2,0.0000,0.4038
sim1_base,3,cf_x06_ge_x07,A2,1,0.0000,-0.0968
sim1_base,6,cf_x00_ge_2,A0,2,0.0000,-0.0213
sim1_base,6,cf_x01_le_2,A0,2,0.0004,0.2857
sim1_base,6,cf_x05_le_2,A2,1,0.0041,0.0000
sim1_base,6,cf_x08_le_2,A1/A2,1,0.0000,-0.3506
sim1_base,6,cf_x00_ge_x02,A0,1,0.0044,0.0000
sim1_base,6,cf_x00_ge_x03,A0/A1,2,0.0000,0.2581
sim1_base,6,cf_x01_ge_x02,A2,2,0.0000,-0.1724
sim1_base,6,cf_x02_le_x04,A2,2,0.0008,0.0000
sim1_base,6,cf_x02_le_x05,A0,1,0.0083,0.0000
sim1_base,6,cf_x02_eq_x05,A1/A2,2,0.0000,-0.0986
sim1_base,6,cf_x03_le_x04,A1/A2,1,0.0042,0.0000
sim1_base,6,cf_x03_eq_x04,A1/A2,2,0.0001,0.4464
sim1_base,6,cf_x03_ge_x05,A2,2,0.0002,0.0000
sim1_base,6,cf_x06_le_x07,A1,2,0.0001,0.4038
sim1_base,6,cf_x06_ge_x07,A2,1,0.0000,-0.0968
sim1_pm,12,cf_x00_ge_2,A0,2,0.0000,-0.0213
sim1_pm,12,cf_x01_le_2,A0,2,0.0000,0.2857
sim1_pm,12,cf_x05_le_2,A2,1,0.0080,0.0000
sim1_pm,12,cf_x08_le_2,A1/A2,1,0.0000,-0.3506
sim1_pm,12,cf_x00_ge_x02,A0,1,0.0269,0.0000
sim1_pm,12,cf_x00_ge_x03,A0/A1,2,0.0000,0.2581
sim1_pm,12,cf_x01_ge_x02,A2,2,0.0000,-0.1724
sim1_pm,12,cf_x02_le_x04,A2,2,0.0079,0.0000
sim1_pm,12,cf_x02_le_x05,A0,1,0.0376,0.0000
sim1_pm,12,cf_x02_eq_x05,A1/A2,2,0.0000,-0.0986
sim1_pm,12,cf_x03_le_x04,A1/A2,1,0.0260,0.0000
sim1_pm,12,cf_x03_eq_x04,A1/A2,2,0.0000,0.4464
sim1_pm,12,cf_x03_ge_x05,A2,2,0.0024,0.0000
sim1_pm,12,cf_x06_le_x07,A1,2,0.0000,0.4038
sim1_pm,12,cf_x06_ge_x07,A2,1,0.0000,-0.0968
sim1_pm,3,cf_x00_ge_2,A0,2,0.0004,-0.0213
sim1_pm,3,cf_x01_le_2,A0,2,0.0003,0.2857
sim1_pm,3,cf_x05_le_2,A2,1,0.0143,0.0000
sim1_pm,3,cf_x08_le_2,A1/A2,1,0.0004,-0.3506
sim1_pm,3,cf_x00_ge_x02,A0,1,0.0308,0.0000
sim1_pm,3,cf_x00_ge_x03,A0/A1,2,0.0001,0.2581
sim1_pm,3,cf_x01_ge_x02,A2,2,0.0005,-0.1724
sim1_pm,3,cf_x02_le_x04,A2,2,0.0058,0.0000
sim1_pm,3,cf_x02_le_x05,A0,1,0.0490,0.0000
sim1_pm,3,cf_x02_eq_x05,A1/A2,2,0.0002,-0.0986
sim1_pm,3,cf_x03_le_x04,A1/A2,1,0.0283,0.0000
sim1_pm,3,cf_x03_eq_x04,A1/A2,2,0.0003,0.4464
sim1_pm,3,cf_x03_ge_x05,A2,2,0.0018,0.0000
sim1_pm,3,cf_x06_le_x07,A1,2,0.0000,0.4038
sim1_pm,3,cf_x06_ge_x07,A2,1,0.0001,-0.0968
sim1_pm,6,cf_x00_ge_2,A0,2,0.0000,-0.0213
sim1_pm,6,cf_x01_le_2,A0,2,0.0000,0.2857
sim1_pm,6,cf_x05_le_2,A2,1,0.0142,0.0000
sim1_pm,6,cf_x08_le_2,A1/A2,1,0.0000,-0.3506
sim1_pm,6,cf_x00_ge_x02,A0,1,0.0312,0.0000
sim1_pm,6,cf_x00_ge_x03,A0/A1,2,0.0000,0.2581
sim1_pm,6,cf_x01_ge_x02,A2,2,0.0000,-0.1724
sim1_pm,6,cf_x02_le_x04,A2,2,0.0063,0.0000
sim1_pm,6,cf_x02_le_x05,A0,1,0.0494,0.0000
sim1_pm,6,cf_x02_eq_x05,A1/A2,2,0.0000,-0.0986
sim1_pm,6,cf_x03_le_x04,A1/A2,1,0.0289,0.0000
sim1_pm,6,cf_x03_eq_x04,A1/A2,2,0.0000,0.4464
sim1_pm,6,cf_x03_ge_x05,A2,2,0.0017,0.0000
sim1_pm,6,cf_x06_le_x07,A1,2,0.0000,0.4038
sim1_pm,6,cf_x06_ge_x07,A2,1,0.0000,-0.0968
sim1_pm_post_always,12,cf_x00_ge_2,A0,2,0.0000,-0.0213
sim1_pm_post_always,12,cf_x01_le_2,A0,2,0.0000,0.2857
sim1_pm_post_always,12,cf_x05_le_2,A2,1,0.0064,0.0000
sim1_pm_post_always,12,cf_x08_le_2,A1/A2,1,0.0000,-0.3506
sim1_pm_post_always,12,cf_x00_ge_x02,A0,1,0.0249,0.0000
sim1_pm_post_always,12,cf_x00_ge_x03,A0/A1,2,0.0000,0.2581
sim1_pm_post_always,12,cf_x01_ge_x02,A2,2,0.0000,-0.1724
sim1_pm_post_always,12,cf_x02_le_x04,A2,2,0.0091,0.0000
sim1_pm_post_always,12,cf_x02_le_x05,A0,1,0.0410,0.0000
sim1_pm_post_always,12,cf_x02_eq_x05,A1/A2,2,0.0000,-0.0986
sim1_pm_post_always,12,cf_x03_le_x04,A1/A2,1,0.0259,0.0000
sim1_pm_post_always,12,cf_x03_eq_x04,A1/A2,2,0.0000,0.4464
sim1_pm_post_always,12,cf_x03_ge_x05,A2,2,0.0022,0.0000
sim1_pm_post_always,12,cf_x06_le_x07,A1,2,0.0000,0.4038
sim1_pm_post_always,12,cf_x06_ge_x07,A2,1,0.0000,-0.0968
sim1_pm_post_always,3,cf_x00_ge_2,A0,2,0.0002,-0.0213
sim1_pm_post_always,3,cf_x01_le_2,A0,2,0.0005,0.2857
sim1_pm_post_always,3,cf_x05_le_2,A2,1,0.0120,0.0000
sim1_pm_post_always,3,cf_x08_le_2,A1/A2,1,0.0008,-0.3506
sim1_pm_post_always,3,cf_x00_ge_x02,A0,1,0.0293,0.0000
sim1_pm_post_always,3,cf_x00_ge_x03,A0/A1,2,0.0000,0.2581
sim1_pm_post_always,3,cf_x01_ge_x02,A2,2,0.0000,-0.1724
sim1_pm_post_always,3,cf_x02_le_x04,A2,2,0.0080,0.0000
sim1_pm_post_always,3,cf_x02_le_x05,A0,1,0.0510,0.0000
sim1_pm_post_always,3,cf_x02_eq_x05,A1/A2,2,0.0001,-0.0986
sim1_pm_post_always,3,cf_x03_le_x04,A1/A2,1,0.0297,0.0000
sim1_pm_post_always,3,cf_x03_eq_x04,A1/A2,2,0.0006,0.4464
sim1_pm_post_always,3,cf_x03_ge_x05,A2,2,0.0019,0.0000
sim1_pm_post_always,3,cf_x06_le_x07,A1,2,0.0001,0.4038
sim1_pm_post_always,3,cf_x06_ge_x07,A2,1,0.0001,-0.0968
sim1_pm_post_always,6,cf_x00_ge_2,A0,2,0.0000,-0.0213
sim1_pm_post_always,6,cf_x01_le_2,A0,2,0.0000,0.2857
sim1_pm_post_always,6,cf_x05_le_2,A2,1,0.0136,0.0000
sim1_pm_post_always,6,cf_x08_le_2,A1/A2,1,0.0000,-0.3506
sim1_pm_post_always,6,cf_x00_ge_x02,A0,1,0.0274,0.0000
sim1_pm_post_always,6,cf_x00_ge_x03,A0/A1,2,0.0000,0.2581
sim1_pm_post_always,6,cf_x01_ge_x02,A2,2,0.0000,-0.1724
sim1_pm_post_always,6,cf_x02_le_x04,A2,2,0.0072,0.0000
sim1_pm_post_always,6,cf_x02_le_x05,A0,1,0.0480,0.0000
sim1_pm_post_always,6,cf_x02_eq_x05,A1/A2,2,0.0001,-0.0986
sim1_pm_post_always,6,cf_x03_le_x04,A1/A2,1,0.0312,0.0000
sim1_pm_post_always,6,cf_x03_eq_x04,A1/A2,2,0.0000,0.4464
sim1_pm_post_always,6,cf_x03_ge_x05,A2,2,0.0019,0.0000
sim1_pm_post_always,6,cf_x06_le_x07,A1,2,0.0000,0.4038
sim1_pm_post_always,6,cf_x06_ge_x07,A2,1,0.0000,-0.0968
sim1_uniform_post,12,cf_x00_ge_2,A0,2,0.0040,-0.0213
sim1_uniform_post,12,cf_x01_le_2,A0,2,0.0042,0.2857
sim1_uniform_post,12,cf_x05_le_2,A2,1,0.0572,0.0000
sim1_uniform_post,12,cf_x08_le_2,A1/A2,1,0.0541,-0.3506
sim1_uniform_post,12,cf_x00_ge_x02,A0,1,0.0497,0.0000
sim1_uniform_post,12,cf_x00_ge_x03,A0/A1,2,0.0085,0.2581
sim1_uniform_post,12,cf_x01_ge_x02,A2,2,0.0035,-0.1724
sim1_uniform_post,12,cf_x02_le_x04,A2,2,0.0060,0.0000
sim1_uniform_post,12,cf_x02_le_x05,A0,1,0.0462,0.0000
sim1_uniform_post,12,cf_x02_eq_x05,A1/A2,2,0.0027,-0.0986
sim1_uniform_post,12,cf_x03_le_x04,A1/A2,1,0.0601,0.0000
sim1_uniform_post,12,cf_x03_eq_x04,A1/A2,2,0.0067,0.4464
sim1_uniform_post,12,cf_x03_ge_x05,A2,2,0.0045,0.0000
sim1_uniform_post,12,cf_x06_le_x07,A1,2,0.0038,0.4038
sim1_uniform_post,12,cf_x06_ge_x07,A2,1,0.0729,-0.0968
sim1_uniform_post,3,cf_x00_ge_2,A0,2,0.0095,-0.0213
sim1_uniform_post,3,cf_x01_le_2,A0,2,0.0121,0.2857
sim1_uniform_post,3,cf_x05_le_2,A2,1,0.0565,0.0000
sim1_uniform_post,3,cf_x08_le_2,A1/A2,1,0.0531,-0.3506
sim1_uniform_post,3,cf_x00_ge_x02,A0,1,0.0489,0.0000
sim1_uniform_post,3,cf_x00_ge_x03,A0/A1,2,0.0093,0.2581
sim1_uniform_post,3,cf_x01_ge_x02,A2,2,0.0143,-0.1724
sim1_uniform_post,3,cf_x02_le_x04,A2,2,0.0066,0.0000
sim1_uniform_post,3,cf_x02_le_x05,A0,1,0.0487,0.0000
sim1_uniform_post,3,cf_x02_eq_x05,A1/A2,2,0.0079,-0.0986
sim1_uniform_post,3,cf_x03_le_x04,A1/A2,1,0.0505,0.0000
sim1_uniform_post,3,cf_x03_eq_x04,A1/A2,2,0.0111,0.4464
sim1_uniform_post,3,cf_x03_ge_x05,A2,2,0.0112,0.0000
sim1_uniform_post,3,cf_x06_le_x07,A1,2,0.0098,0.4038
sim1_uniform_post,3,cf_x06_ge_x07,A2,1,0.0567,-0.0968
sim1_uniform_post,6,cf_x00_ge_2,A0,2,0.0068,-0.0213
sim1_uniform_post,6,cf_x01_le_2,A0,2,0.0080,0.2857
sim1_uniform_post,6,cf_x05_le_2,A2,1,0.0663,0.0000
sim1_uniform_post,6,cf_x08_le_2,A1/A2,1,0.0565,-0.3506
sim1_uniform_post,6,cf_x00_ge_x02,A0,1,0.0643,0.0000
sim1_uniform_post,6,cf_x00_ge_x03,A0/A1,2,0.0105,0.2581
sim1_uniform_post,6,cf_x01_ge_x02,A2,2,0.0041,-0.1724
sim1_uniform_post,6,cf_x02_le_x04,A2,2,0.0052,0.0000
sim1_uniform_post,6,cf_x02_le_x05,A0,1,0.0568,0.0000
sim1_uniform_post,6,cf_x02_eq_x05,A1/A2,2,0.0057,-0.0986
sim1_uniform_post,6,cf_x03_le_x04,A1/A2,1,0.0620,0.0000
sim1_uniform_post,6,cf_x03_eq_x04,A1/A2,2,0.0062,0.4464
sim1_uniform_post,6,cf_x03_ge_x05,A2,2,0.0052,0.0000
sim1_uniform_post,6,cf_x06_le_x07,A1,2,0.0064,0.4038
sim1_uniform_post,6,cf_x06_ge_x07,A2,1,0.0675,-0.0968
