variant,rho,b,rule,reads_from_controller,agent_posts_own_evidence,agent_posts_pool_facts,posts_by_fallback,own_evidence_facts_held
sim1_base,0.75000,1,on,0.00105,0.96878,0.12716,0.00003,7.09068
sim1_base,0.75000,1,off,0.00117,0.96356,0.13148,0.00003,7.03610
sim1_base,0.75000,3,on,0.00247,0.94209,0.14734,0.00041,6.90092
sim1_base,0.75000,3,off,0.00277,0.93305,0.15547,0.00041,6.83475
sim1_base,1.00000,1,on,0.00095,0.97159,0.07214,0.00272,9.97448
sim1_base,1.00000,1,off,0.00105,0.96657,0.07732,0.00451,9.94856
sim1_base,1.00000,3,on,0.00233,0.94626,0.09892,0.04489,9.98011
sim1_base,1.00000,3,off,0.00259,0.93999,0.10506,0.04657,9.95089
sim1_pm,0.75000,1,on,0.00695,0.85592,0.21580,0.00231,6.38380
sim1_pm,0.75000,1,off,0.00776,0.84468,0.22328,0.00238,6.24100
sim1_pm,0.75000,3,on,0.01337,0.78326,0.27266,0.00463,5.81426
sim1_pm,0.75000,3,off,0.01499,0.76078,0.29298,0.00454,5.66822
sim1_pm,1.00000,1,on,0.00352,0.91042,0.13334,0.02468,9.78534
sim1_pm,1.00000,1,off,0.00388,0.89693,0.14730,0.03102,9.69874
sim1_pm,1.00000,3,on,0.00839,0.84670,0.20304,0.19931,10.07473
sim1_pm,1.00000,3,off,0.00913,0.82984,0.21889,0.19784,9.95259
