step,setup,arm,board,forgetting,agent_schedule,controller_schedule,lambda_c,controller_gate,silent_when_target_proved,episodes,mean_p_A0_t30,mean_p_A2_t30,share_A0_t30,share_A2_t30,share_voted_t30,proof_rate_A0_t30,mean_p_A0_t40,mean_p_A2_t40,share_A0_t40,share_A2_t40,share_voted_t40,proof_rate_A0_t40,abstention_rate,controller_messages,controller_reads,share_budget_exhausted,agent_actions,silent_cell,gain_m_target_t30,gain_share_target_t30,gain_m_target_t40,gain_share_target_t40
S0,task003_nosolution,false,cleared_nightly,dawn,days,nights,,votes,True,1000,0.14795042717832577,0.8151195678326637,0.14779166666666665,0.8149166666666667,1.0,0.0,0.1404133729090556,0.8210688508511893,0.141875,0.819125,1.0,0.0,0.0015010416666666666,8.586,348.0,0.0,960.0,S0__task003_nosolution__silent,0.2723250733827851,0.2691666666666666,0.27512973217610365,0.2725833333333333
S0,task003_nosolution,silent,cleared_nightly,dawn,days,nights,,votes,True,1000,0.3693108101221742,0.5427944944498786,0.3685,0.54575,1.0,0.0,0.3656685215936899,0.5459391186750856,0.36766666666666664,0.5465416666666667,1.0,0.0,0.001190625,0.0,0.0,0.0,960.0,,,,,
S0,task003_nosolution,truth,cleared_nightly,dawn,days,nights,,votes,True,1000,0.7924817064701597,0.13044741563873305,0.7965416666666666,0.12729166666666666,1.0,0.0,0.7931130190701108,0.12508375070274674,0.7913333333333333,0.12508333333333332,1.0,0.0,0.0010333333333333334,9.673,348.0,0.0,960.0,S0__task003_nosolution__silent,0.42317089634798544,0.4280416666666667,0.42744449747642094,0.4236666666666667
S0,task003_symmetric,false,cleared_nightly,dawn,days,nights,,votes,True,1000,0.6290154432632966,0.3368529313220453,0.62925,0.33775,1.0,0.3099166666666666,0.6596554379039742,0.29806919328633397,0.6566666666666666,0.29870833333333335,1.0,0.30975,0.0006833333333333333,26.835,348.0,0.0,960.0,S0__task003_symmetric__silent,0.21793446754150023,0.21883333333333332,0.18088553783692715,0.183375
S0,task003_symmetric,silent,cleared_nightly,dawn,days,nights,,votes,True,1000,0.8426414609439555,0.11891846378054513,0.8425833333333334,0.11891666666666667,1.0,0.273125,0.8438285754370408,0.11718365544940687,0.8440833333333333,0.11533333333333334,1.0,0.283125,0.00079375,0.0,0.0,0.0,960.0,,,,,
S0,task003_symmetric,truth,cleared_nightly,dawn,days,nights,,votes,True,1000,0.9158668986026597,0.05884274720081177,0.9153333333333333,0.058583333333333334,1.0,0.4746666666666666,0.9143599162785312,0.06011509496492303,0.9135,0.06129166666666666,1.0,0.4725416666666667,0.0009104166666666667,1.892,348.0,0.0,960.0,S0__task003_symmetric__silent,0.07322543765870432,0.07275,0.07053134084149022,0.06941666666666665
S1,task003_nosolution,false,persistent,dawn,days,nights,,votes,True,1000,0.176730830896058,0.7957160464491296,0.17629166666666665,0.7955,1.0,0.0,0.17641169700111398,0.7950958396737992,0.1774583333333333,0.7955416666666667,1.0,0.0,0.0007885416666666667,11.12,348.0,0.0,960.0,S1__task003_nosolution__silent,0.24571162018681278,0.24058333333333334,0.24803331837761802,0.2465416666666667
S1,task003_nosolution,silent,persistent,dawn,days,nights,,votes,True,1000,0.38307864004787084,0.5500044262623167,0.37883333333333336,0.5549166666666667,1.0,0.0,0.385058360955116,0.547062521296181,0.38729166666666665,0.549,1.0,0.0,0.0007541666666666667,0.0,0.0,0.0,960.0,,,,,
S1,task003_nosolution,truth,persistent,dawn,days,nights,,votes,True,1000,0.7923736715190444,0.14656488877307608,0.795625,0.14566666666666667,1.0,0.0,0.7900686125214116,0.14557434381840775,0.78775,0.14883333333333332,1.0,0.0,0.0007510416666666667,12.647,348.0,0.0,960.0,S1__task003_nosolution__silent,0.4092950314711736,0.4167916666666666,0.40501025156629566,0.40045833333333336
S1,task003_symmetric,false,persistent,dawn,days,nights,,votes,True,1000,0.7896714219925243,0.18505718902583868,0.788375,0.1865416666666667,1.0,0.4148333333333334,0.7981507765184959,0.17472837931272622,0.798875,0.17420833333333335,1.0,0.41025,0.0005697916666666667,28.913,348.0,0.0,960.0,S1__task003_symmetric__silent,0.08718124946528781,0.08983333333333335,0.07739879064778514,0.07508333333333334
S1,task003_symmetric,silent,persistent,dawn,days,nights,,votes,True,1000,0.8765972427385244,0.0978759395605509,0.8767083333333333,0.09670833333333333,1.0,0.35125,0.8762131830437738,0.09732958866494107,0.873375,0.099125,1.0,0.35,0.000571875,0.0,0.0,0.0,960.0,,,,,
S1,task003_symmetric,truth,persistent,dawn,days,nights,,votes,True,1000,0.9301302326684802,0.05326254260291849,0.929125,0.0545,1.0,0.523375,0.9301807397149698,0.05302487398688646,0.929,0.053125,1.0,0.5202083333333334,0.0005739583333333333,2.11,348.0,0.0,960.0,S1__task003_symmetric__silent,0.053532989929955886,0.052416666666666674,0.053967556671196,0.055625
S2,task003_nosolution,false,persistent,continuous,days,nights,,votes,True,1000,0.20630425937911467,0.7241049919934565,0.19191666666666665,0.7772916666666667,1.0,0.0,0.20689645742636076,0.7192276643890233,0.19295833333333332,0.773,1.0,0.0,0.0008270833333333333,11.953,348.0,0.0,960.0,S2__task003_nosolution__silent,0.2169073368972927,0.25045833333333334,0.2118852842369281,0.2504166666666667
S2,task003_nosolution,silent,persistent,continuous,days,nights,,votes,True,1000,0.38387173258718055,0.5071976550961638,0.39325,0.5268333333333333,1.0,0.0,0.3823916313601154,0.5073423801520951,0.39970833333333333,0.5225833333333334,1.0,0.0,0.0007916666666666666,0.0,0.0,0.0,960.0,,,,,
S2,task003_nosolution,truth,persistent,continuous,days,nights,,votes,True,1000,0.7147358036200466,0.1801575883318226,0.7915833333333334,0.1469166666666667,1.0,0.0,0.7120144996272914,0.17632189817019553,0.7925,0.1451666666666667,1.0,0.0,0.000796875,12.313,348.0,0.0,960.0,S2__task003_nosolution__silent,0.3308640710328661,0.3983333333333334,0.3296228682671758,0.3927916666666667
S2,task003_symmetric,false,persistent,continuous,days,nights,,votes,True,1000,0.6514684300378376,0.2890179839208966,0.7524583333333333,0.2209583333333333,1.0,0.183875,0.6637296013705705,0.2781141302443816,0.7679583333333333,0.20541666666666666,1.0,0.184625,0.0005958333333333333,28.605,348.0,0.0,960.0,S2__task003_symmetric__silent,0.12641081847004598,0.10695833333333332,0.11673931984289351,0.09420833333333332
S2,task003_symmetric,silent,persistent,continuous,days,nights,,votes,True,1000,0.7775980536998227,0.16260716545085058,0.8565833333333333,0.114,1.0,0.14325,0.7783565824955199,0.16137481040148816,0.8575,0.11120833333333334,1.0,0.14370833333333335,0.0006,0.0,0.0,0.0,960.0,,,,,
S2,task003_symmetric,truth,persistent,continuous,days,nights,,votes,True,1000,0.8543821414901644,0.10154838441558295,0.9287916666666668,0.05395833333333334,1.0,0.2765,0.8558341890218285,0.10071576161171239,0.9275416666666667,0.05291666666666667,1.0,0.27591666666666664,0.00060625,2.338,348.0,0.0,960.0,S2__task003_symmetric__silent,0.07678408779034188,0.07220833333333335,0.07747760652630871,0.07004166666666667
S3,task003_nosolution,false,persistent,continuous,poisson,nights,,votes,True,1000,0.22717034660211485,0.6678199156017004,0.20625,0.7595,1.0,0.0,0.22791510540672483,0.663191651288088,0.21258333333333332,0.7535833333333334,1.0,0.0,0.001033491149756302,12.304,347.982,0.0,960.821,S3__task003_nosolution__silent,0.18827461072318125,0.24674999999999997,0.1838757413063338,0.24354166666666666
S3,task003_nosolution,silent,persistent,continuous,poisson,nights,,votes,True,1000,0.379367177947042,0.47954530487851904,0.39891666666666664,0.51275,1.0,0.0,0.37991612003039654,0.4793159099817543,0.40375,0.5100416666666666,1.0,0.0,0.0009346173740998584,0.0,0.0,0.0,960.821,,,,,
S3,task003_nosolution,truth,persistent,continuous,poisson,nights,,votes,True,1000,0.6665465460920493,0.19613842600620296,0.7932083333333334,0.14508333333333331,1.0,0.0,0.6683814831284005,0.19011909016029951,0.7962916666666667,0.13925,1.0,0.0,0.0009148426189685696,11.267,347.982,0.0,960.821,S3__task003_nosolution__silent,0.28717936814500716,0.39429166666666665,0.288465363098004,0.3925416666666667
S3,task003_symmetric,false,persistent,continuous,poisson,nights,,votes,True,1000,0.5919592076233937,0.3188660389463116,0.7427083333333334,0.22770833333333332,1.0,0.160875,0.6023782127868256,0.30798853627003975,0.753,0.21845833333333334,1.0,0.16166666666666668,0.0005745086753932314,28.137,347.989,0.0,960.821,S3__task003_symmetric__silent,0.12694163853543083,0.112875,0.11579915693838885,0.09816666666666665
S3,task003_symmetric,silent,persistent,continuous,poisson,nights,,votes,True,1000,0.7160210699771906,0.19192440041088082,0.85125,0.11483333333333333,1.0,0.12045833333333335,0.7139634369817106,0.19218937933165092,0.8435,0.12029166666666667,1.0,0.11970833333333335,0.0005849164412518044,0.0,0.0,0.0,960.821,,,,,
S3,task003_symmetric,truth,persistent,continuous,poisson,nights,,votes,True,1000,0.7976024212727139,0.12939091458633548,0.9289583333333332,0.05070833333333333,1.0,0.2235833333333333,0.7945908885160673,0.13105194506971413,0.930875,0.0485,1.0,0.22308333333333336,0.0005984465368679494,2.325,347.989,0.0,960.821,S3__task003_symmetric__silent,0.08158135129552344,0.07770833333333334,0.08062745153435666,0.08737500000000001
S4,task003_nosolution,false,persistent,continuous,poisson,poisson,1.0,votes,True,1000,0.22510958333796993,0.6686137090339942,0.1995,0.7646666666666666,1.0,0.0,0.22552040931087558,0.6627136916545805,0.208,0.75575,1.0,0.0,0.0010095532882815842,12.108,355.436,0.034,960.821,S3__task003_nosolution__silent,0.1890684041554751,0.2519166666666667,0.18339778167282633,0.2457083333333333
S4,task003_nosolution,truth,persistent,continuous,poisson,poisson,1.0,votes,True,1000,0.6716755190769921,0.18957928648929123,0.800375,0.1333333333333333,1.0,0.0,0.6698091198155612,0.18518062750329567,0.798125,0.13395833333333332,1.0,0.0,0.0008763338852918494,11.181,356.304,0.006,960.821,S3__task003_nosolution__silent,0.2923083411299499,0.40145833333333336,0.2898929997851647,0.394375
S4,task003_symmetric,false,persistent,continuous,poisson,poisson,1.0,votes,True,1000,0.5916976591108898,0.31950943089300315,0.7395416666666667,0.22841666666666666,1.0,0.15545833333333334,0.6018649724134135,0.3075516078521678,0.7527916666666667,0.21625,1.0,0.15725,0.0005443261544033696,27.043,334.955,0.468,960.821,S3__task003_symmetric__silent,0.12758503048212227,0.11358333333333333,0.11536222852051682,0.09595833333333333
S4,task003_symmetric,truth,persistent,continuous,poisson,poisson,1.0,votes,True,1000,0.7967862172873994,0.12989963878933067,0.9298333333333334,0.051,1.0,0.22875,0.7948597177064216,0.1310287184703912,0.9302083333333334,0.050416666666666665,1.0,0.231625,0.000586997994423519,2.403,356.625,0.0,960.821,S3__task003_symmetric__silent,0.08076514731020885,0.07858333333333334,0.08089628072471108,0.08670833333333335
S5,task003_nosolution,false,persistent,continuous,poisson,poisson,1.0,always,True,1000,0.2418807776197628,0.655611211514329,0.22795833333333332,0.7390416666666666,1.0,0.0,0.2518906570950391,0.6394435197354288,0.23879166666666668,0.7244166666666667,1.0,0.0,0.0009720853311907213,27.87,330.824,0.531,960.821,S3__task003_nosolution__silent,0.17606590663580987,0.2262916666666667,0.16012760975367454,0.214375
S5,task003_nosolution,truth,persistent,continuous,poisson,poisson,1.0,always,True,1000,0.6662673453810027,0.19715371390566178,0.7909166666666667,0.1509166666666667,1.0,0.0,0.6636493242101553,0.19480581999615304,0.7877083333333333,0.150125,1.0,0.0,0.0008617630130898471,27.87,330.819,0.531,960.821,S3__task003_nosolution__silent,0.2869001674339607,0.392,0.28373320417975884,0.3839583333333333
S5,task003_symmetric,false,persistent,continuous,poisson,poisson,1.0,always,True,1000,0.5889654764815766,0.32201797849900526,0.7357083333333334,0.2325833333333333,1.0,0.15383333333333332,0.5989569951299495,0.3105135119052385,0.7495416666666668,0.21983333333333335,1.0,0.15620833333333334,0.0005474484841609416,27.87,330.924,0.531,960.821,S3__task003_symmetric__silent,0.13009357808812444,0.11775,0.11832413257358755,0.09954166666666667
S5,task003_symmetric,truth,persistent,continuous,poisson,poisson,1.0,always,True,1000,0.8524348352973853,0.08589655627114158,0.963875,0.023,1.0,0.301125,0.8494601049017246,0.08780130057919454,0.9618333333333333,0.022541666666666668,1.0,0.29470833333333335,0.0006098950793123797,17.888,356.133,0.016,960.821,S3__task003_symmetric__silent,0.1364137653201947,0.112625,0.13549666792001408,0.11833333333333335
S6,task003_nosolution,false,persistent,continuous,poisson,poisson,1.0,always,False,1000,0.2418807776197628,0.655611211514329,0.22795833333333332,0.7390416666666666,1.0,0.0,0.2518906570950391,0.6394435197354288,0.23879166666666668,0.7244166666666667,1.0,0.0,0.0009720853311907213,27.87,330.824,0.531,960.821,S3__task003_nosolution__silent,0.17606590663580987,0.2262916666666667,0.16012760975367454,0.214375
S6,task003_nosolution,truth,persistent,continuous,poisson,poisson,1.0,always,False,1000,0.6662673453810027,0.19715371390566178,0.7909166666666667,0.1509166666666667,1.0,0.0,0.6636493242101553,0.19480581999615304,0.7877083333333333,0.150125,1.0,0.0,0.0008617630130898471,27.87,330.819,0.531,960.821,S3__task003_nosolution__silent,0.2869001674339607,0.392,0.28373320417975884,0.3839583333333333
S6,task003_symmetric,false,persistent,continuous,poisson,poisson,1.0,always,False,1000,0.5889654764815766,0.32201797849900526,0.7357083333333334,0.2325833333333333,1.0,0.15383333333333332,0.5989569951299495,0.3105135119052385,0.7495416666666668,0.21983333333333335,1.0,0.15620833333333334,0.0005474484841609416,27.87,330.924,0.531,960.821,S3__task003_symmetric__silent,0.13009357808812444,0.11775,0.11832413257358755,0.09954166666666667
S6,task003_symmetric,truth,persistent,continuous,poisson,poisson,1.0,always,False,1000,0.8505381536707944,0.0870454349565445,0.9626250000000001,0.02320833333333333,1.0,0.2985,0.8478508872813334,0.08761339412975941,0.9652916666666668,0.021333333333333333,1.0,0.294875,0.0006130174090699516,27.87,330.921,0.531,960.821,S3__task003_symmetric__silent,0.13451708369360402,0.111375,0.1338874502996228,0.12179166666666669
