cell,step,setup,arm,q,qc,rho,board,forgetting,agent_schedule,controller_schedule,lambda_c,controller_gate,silent_when_target_proved,episodes,mean_p_A0_t30,mean_p_A2_t30,share_A0_t30,share_A2_t30,share_voted_t30,proof_rate_A0_t30,mean_p_A0_t40,mean_p_A2_t40,share_A0_t40,share_A2_t40,share_voted_t40,proof_rate_A0_t40,abstention_rate,controller_messages,controller_reads,share_budget_exhausted,agent_actions,silent_cell,gain_m_target_t30,gain_share_target_t30,gain_m_target_t40,gain_share_target_t40
task003_nosolution__false__lc0.5__gateoff__stopon,,task003_nosolution,false,6,12,0.75,persistent,continuous,poisson,poisson,0.5,always,True,1000,0.22596189151133728,0.6710741541296334,0.2055,0.761,1.0,0.0,0.23513773590178721,0.656725436427686,0.21875,0.745375,1.0,0.0,0.0009411402163581413,15.046,178.714,0.0,960.537,task003_nosolution__silent,0.19236332338177464,0.25154166666666666,0.1797247045148263,0.24208333333333332
task003_nosolution__false__lc0.5__gateon__stopon,,task003_nosolution,false,6,12,0.75,persistent,continuous,poisson,poisson,0.5,votes,True,1000,0.22110518849460975,0.6717263399471695,0.19695833333333335,0.7667916666666668,1.0,0.0,0.2206758618365646,0.6685076626900956,0.19808333333333333,0.7671666666666668,1.0,0.0,0.0009442634692885334,6.925,178.715,0.0,960.537,task003_nosolution__silent,0.19301550919931054,0.2573333333333333,0.19150693077723602,0.263875
task003_nosolution__false__lc1__gateoff__stopon,,task003_nosolution,false,6,12,0.75,persistent,continuous,poisson,poisson,1.0,always,True,1000,0.24277190883023367,0.6530598712459862,0.22525,0.73875,1.0,0.0,0.25173446442272757,0.6407756563603686,0.24233333333333332,0.721,1.0,0.0,0.0009265650360163117,27.974,331.857,0.533,960.537,task003_nosolution__silent,0.17434904049812724,0.2292916666666667,0.16377492444750902,0.2177083333333333
task003_nosolution__false__lc1__gateon__stopon,,task003_nosolution,false,6,12,0.75,persistent,continuous,poisson,poisson,1.0,votes,True,1000,0.223089516065336,0.6703390589865267,0.198,0.7670416666666666,1.0,0.0,0.22612930394392364,0.6622444755525345,0.20866666666666667,0.7546666666666667,1.0,0.0,0.0009453045535986641,12.402,357.261,0.04,960.537,task003_nosolution__silent,0.19162822823866782,0.25758333333333333,0.18524374363967486,0.251375
task003_nosolution__false__lc2__gateoff__stopon,,task003_nosolution,false,6,12,0.75,persistent,continuous,poisson,poisson,2.0,always,True,1000,0.2530956945721802,0.6417451181358995,0.23825,0.7280416666666666,1.0,0.0,0.2589893883554772,0.6302265180179649,0.24954166666666666,0.71525,1.0,0.0,0.000889086000851607,30.0,352.427,1.0,960.537,task003_nosolution__silent,0.16303428738804066,0.21858333333333332,0.15322578610510526,0.21195833333333333
task003_nosolution__false__lc2__gateon__stopon,,task003_nosolution,false,6,12,0.75,persistent,continuous,poisson,poisson,2.0,votes,True,1000,0.2334812331690316,0.6594276512267115,0.213875,0.7490416666666667,1.0,0.0,0.23625900700960473,0.6517884678427871,0.22333333333333333,0.7366666666666666,1.0,0.0,0.000925523951706181,18.763,638.592,0.34,960.537,task003_nosolution__silent,0.18071682047885265,0.23958333333333334,0.17478773592992744,0.233375
task003_nosolution__false__lc4__gateoff__stopon,,task003_nosolution,false,6,12,0.75,persistent,continuous,poisson,poisson,4.0,always,True,1000,0.25061027650227724,0.6460984282371721,0.230875,0.7350833333333333,1.0,0.0,0.25591803252284345,0.6349218928900732,0.24254166666666668,0.7223333333333333,1.0,0.0,0.000855771302927425,30.0,345.443,1.0,960.537,task003_nosolution__silent,0.16738759748931334,0.225625,0.15792116097721368,0.21904166666666666
task003_nosolution__false__lc4__gateon__stopon,,task003_nosolution,false,6,12,0.75,persistent,continuous,poisson,poisson,4.0,votes,True,1000,0.2397421848384256,0.6534131089837323,0.2235,0.7395833333333334,1.0,0.0,0.2439170883532361,0.6430665174675831,0.227875,0.734625,1.0,0.0,0.0008516069656869023,23.416,1012.823,0.568,960.537,task003_nosolution__silent,0.17470227823587345,0.230125,0.16606578555472348,0.23133333333333334
task003_nosolution__false__lc8__gateoff__stopon,,task003_nosolution,false,6,12,0.75,persistent,continuous,poisson,poisson,8.0,always,True,1000,0.24827896003305683,0.6479756777919998,0.22645833333333332,0.7409166666666667,1.0,0.0,0.2502182967440528,0.6428449819926109,0.23275,0.7320416666666666,1.0,0.0,0.0007974705815601065,30.0,331.358,1.0,960.537,task003_nosolution__silent,0.16926484704414094,0.23145833333333332,0.16584425007975137,0.22875
task003_nosolution__false__lc8__gateon__stopon,,task003_nosolution,false,6,12,0.75,persistent,continuous,poisson,poisson,8.0,votes,True,1000,0.24178415970134703,0.6517357101445425,0.2243333333333333,0.7407916666666667,1.0,0.0,0.24413754542007654,0.6446996343892497,0.22933333333333333,0.7335416666666668,1.0,0.0,0.000839113953965334,26.374,1414.021,0.75,960.537,task003_nosolution__silent,0.1730248793966837,0.23133333333333334,0.16769890247639,0.23025
task003_nosolution__silent,,task003_nosolution,silent,6,12,0.75,persistent,continuous,poisson,poisson,0.5,votes,True,1000,0.38130265286055814,0.47871083074785886,0.40379166666666666,0.5094583333333333,1.0,0.0,0.3824575297179509,0.47700073191285963,0.40870833333333334,0.5032916666666667,1.0,0.0,0.0008974146753326525,0.0,0.0,0.0,960.537,,,,,
task003_nosolution__truth__lc0.5__gateoff__stopon,,task003_nosolution,truth,6,12,0.75,persistent,continuous,poisson,poisson,0.5,always,True,1000,0.665403865724719,0.20125513988826152,0.7895,0.15333333333333332,1.0,0.0,0.6602727580628637,0.19781351289811425,0.7909166666666667,0.1446666666666667,1.0,0.0,0.0008266209422437657,15.046,178.722,0.0,960.537,task003_nosolution__silent,0.28410121286416096,0.3857083333333333,0.27781522834491273,0.3822083333333333
task003_nosolution__truth__lc0.5__gateon__stopon,,task003_nosolution,truth,6,12,0.75,persistent,continuous,poisson,poisson,0.5,votes,True,1000,0.6588818884944699,0.20403102943311535,0.7870416666666668,0.14904166666666666,1.0,0.0,0.6580123157833623,0.19955321320366382,0.788,0.14695833333333333,1.0,0.0,0.0008505658813767715,7.029,178.722,0.0,960.537,task003_nosolution__silent,0.27757923563391185,0.38325,0.27555478606541134,0.37929166666666664
task003_nosolution__truth__lc1__gateoff__stopon,,task003_nosolution,truth,6,12,0.75,persistent,continuous,poisson,poisson,1.0,always,True,1000,0.6656406332787983,0.20287630827499975,0.7835833333333334,0.15691666666666665,1.0,0.0,0.658179152052069,0.20020882580315322,0.7865,0.15233333333333335,1.0,0.0,0.0008120457619019361,27.974,331.854,0.533,960.537,task003_nosolution__silent,0.28433798041824027,0.37979166666666664,0.27572162233411807,0.37779166666666664
task003_nosolution__truth__lc1__gateon__stopon,,task003_nosolution,truth,6,12,0.75,persistent,continuous,poisson,poisson,1.0,votes,True,1000,0.6681748233381486,0.19338478711747314,0.7970833333333334,0.138875,1.0,0.0,0.6696938405490984,0.18786860605836006,0.7986666666666667,0.13475,1.0,0.0,0.0008380728696552032,11.388,358.494,0.004,960.537,task003_nosolution__silent,0.2868721704775905,0.39329166666666665,0.2872363108311475,0.3899583333333333
task003_nosolution__truth__lc2__gateoff__stopon,,task003_nosolution,truth,6,12,0.75,persistent,continuous,poisson,poisson,2.0,always,True,1000,0.6660124036574403,0.19665745285798975,0.7912083333333333,0.1475,1.0,0.0,0.6660238770006818,0.19187306098425574,0.7915833333333333,0.1430833333333333,1.0,0.0,0.0007787310639777541,30.0,352.396,1.0,960.537,task003_nosolution__silent,0.2847097507968821,0.3874166666666667,0.28356634728273084,0.382875
task003_nosolution__truth__lc2__gateon__stopon,,task003_nosolution,truth,6,12,0.75,persistent,continuous,poisson,poisson,2.0,votes,True,1000,0.6759789308097781,0.18658882161048246,0.8045,0.13525,1.0,0.0,0.6712862419397836,0.1859375953804845,0.8065416666666667,0.1305416666666667,1.0,0.0,0.0008120457619019361,18.061,697.19,0.119,960.537,task003_nosolution__silent,0.29467627794921997,0.4007083333333334,0.2888287122218327,0.39783333333333337
task003_nosolution__truth__lc4__gateoff__stopon,,task003_nosolution,truth,6,12,0.75,persistent,continuous,poisson,poisson,4.0,always,True,1000,0.6738910943792545,0.18636907391365015,0.7999583333333332,0.13629166666666667,1.0,0.0,0.6684633944107202,0.18451807255230715,0.7994166666666667,0.1312916666666667,1.0,0.0,0.0007079373308888674,30.0,345.422,1.0,960.537,task003_nosolution__silent,0.2925884415186964,0.3961666666666666,0.28600586469276934,0.3907083333333334
task003_nosolution__truth__lc4__gateon__stopon,,task003_nosolution,truth,6,12,0.75,persistent,continuous,poisson,poisson,4.0,votes,True,1000,0.6787454369155878,0.1856685237031818,0.805125,0.1348333333333333,1.0,0.0,0.6718236842014322,0.184254519588504,0.80775,0.128,1.0,0.0,0.0007308411857117425,25.089,1156.065,0.505,960.537,task003_nosolution__silent,0.2974427840550296,0.4013333333333334,0.28936615448348135,0.3990416666666667
task003_nosolution__truth__lc8__gateoff__stopon,,task003_nosolution,truth,6,12,0.75,persistent,continuous,poisson,poisson,8.0,always,True,1000,0.6801929159686341,0.17925315209367912,0.8089583333333332,0.12525,1.0,0.0,0.6779009673399677,0.17837125961664502,0.807375,0.12608333333333335,1.0,0.0,0.0006121575743568441,30.0,331.349,1.0,960.537,task003_nosolution__silent,0.2988902631080758,0.4051666666666667,0.29544343762201686,0.3986666666666666
task003_nosolution__truth__lc8__gateon__stopon,,task003_nosolution,truth,6,12,0.75,persistent,continuous,poisson,poisson,8.0,votes,True,1000,0.6783206649807535,0.18336080849343694,0.8056666666666668,0.13220833333333332,1.0,0.0,0.6761237560195096,0.18017148541762817,0.806,0.12758333333333335,1.0,0.0,0.0006621296212431171,28.781,1433.104,0.835,960.537,task003_nosolution__silent,0.2970180121201954,0.401875,0.29366622630155853,0.3972916666666667
task003_symmetric__false__lc0.5__gateoff__stopon,,task003_symmetric,false,6,12,0.75,persistent,continuous,poisson,poisson,0.5,always,True,1000,0.6142348947399657,0.2999308243279904,0.7602083333333334,0.21070833333333333,1.0,0.15304166666666666,0.614402945610954,0.29644557799832394,0.767875,0.20429166666666665,1.0,0.15183333333333335,0.0006131986586669748,15.046,178.766,0.0,960.537,task003_symmetric__silent,0.11105204446398054,0.09866666666666667,0.10826889903066263,0.09691666666666666
task003_symmetric__false__lc0.5__gateon__stopon,,task003_symmetric,false,6,12,0.75,persistent,continuous,poisson,poisson,0.5,votes,True,1000,0.6171503291008951,0.2967788592176511,0.7646666666666666,0.20629166666666668,1.0,0.1540416666666667,0.6165109475064917,0.29445002106973267,0.7685,0.20275,1.0,0.1517083333333333,0.0006131986586669748,14.718,178.765,0.0,960.537,task003_symmetric__silent,0.10790007935364124,0.09425,0.1062733421020713,0.095375
task003_symmetric__false__lc1__gateoff__stopon,,task003_symmetric,false,6,12,0.75,persistent,continuous,poisson,poisson,1.0,always,True,1000,0.5873490871501065,0.32261739684146007,0.7423333333333333,0.22991666666666669,1.0,0.15204166666666669,0.5987740026791889,0.30943378701850727,0.7499166666666668,0.21941666666666665,1.0,0.1539583333333333,0.0005996645626352759,27.974,331.932,0.533,960.537,task003_symmetric__silent,0.13373861697745007,0.117875,0.12125710805084594,0.11204166666666668
task003_symmetric__false__lc1__gateon__stopon,,task003_symmetric,false,6,12,0.75,persistent,continuous,poisson,poisson,1.0,votes,True,1000,0.5897630386603974,0.31946648221611224,0.7447083333333334,0.22591666666666665,1.0,0.15241666666666664,0.5989689965622345,0.31060277140704,0.748375,0.222,1.0,0.1554583333333333,0.0005996645626352759,27.11,335.589,0.468,960.537,task003_symmetric__silent,0.1305877023521023,0.113875,0.12242609243937863,0.114625
task003_symmetric__false__lc2__gateoff__stopon,,task003_symmetric,false,6,12,0.75,persistent,continuous,poisson,poisson,2.0,always,True,1000,0.5951156862080653,0.314460527270838,0.742625,0.22429166666666667,1.0,0.155875,0.5978358934871669,0.3103900924491148,0.7485416666666668,0.22295833333333331,1.0,0.151,0.0005642676960908326,30.0,352.544,1.0,960.537,task003_symmetric__silent,0.12558174740682812,0.11225,0.12221341348145347,0.11558333333333334
task003_symmetric__false__lc2__gateon__stopon,,task003_symmetric,false,6,12,0.75,persistent,continuous,poisson,poisson,2.0,votes,True,1000,0.5987368850828887,0.31034218345199427,0.7485,0.219375,1.0,0.1584583333333333,0.6031153035572137,0.3048034785126007,0.7581666666666668,0.21154166666666666,1.0,0.1532916666666667,0.0005642676960908326,29.625,380.08,0.965,960.537,task003_symmetric__silent,0.12146340358798444,0.10733333333333332,0.11662679954493933,0.10416666666666667
task003_symmetric__false__lc4__gateoff__stopon,,task003_symmetric,false,6,12,0.75,persistent,continuous,poisson,poisson,4.0,always,True,1000,0.5742214324395032,0.3341050806924526,0.7176666666666668,0.251625,1.0,0.14120833333333335,0.5775965367027446,0.32918035153144454,0.7256666666666667,0.244875,1.0,0.13904166666666665,0.00048722745714116164,30.0,345.746,1.0,960.537,task003_symmetric__silent,0.14522630082844273,0.13958333333333334,0.14100367256378327,0.1375
task003_symmetric__false__lc4__gateon__stopon,,task003_symmetric,false,6,12,0.75,persistent,continuous,poisson,poisson,4.0,votes,True,1000,0.5848314566133628,0.3231703491949219,0.72925,0.23870833333333333,1.0,0.146,0.5843370003097907,0.32212766408855403,0.7325416666666668,0.236625,1.0,0.139875,0.0004924328786918151,29.748,421.312,0.979,960.537,task003_symmetric__silent,0.13429156933091196,0.12666666666666665,0.1339509851208927,0.12925
task003_symmetric__false__lc8__gateoff__stopon,,task003_symmetric,false,6,12,0.75,persistent,continuous,poisson,poisson,8.0,always,True,1000,0.5529803783827688,0.3550644025182512,0.6855416666666666,0.284125,1.0,0.13541666666666666,0.5548335944081367,0.351325253064175,0.691875,0.276625,1.0,0.131625,0.00041331047112188284,30.0,331.838,1.0,960.537,task003_symmetric__silent,0.16618562265424133,0.1720833333333333,0.1631485740965137,0.16925
task003_symmetric__false__lc8__gateon__stopon,,task003_symmetric,false,6,12,0.75,persistent,continuous,poisson,poisson,8.0,votes,True,1000,0.5693012614376456,0.3378070749670169,0.7067083333333333,0.26175,1.0,0.137875,0.569681124222994,0.3373107035258064,0.7094166666666667,0.2585,1.0,0.1355833333333333,0.00042059806129279766,29.83,493.079,0.985,960.537,task003_symmetric__silent,0.14892829510300704,0.14970833333333333,0.1491340245581451,0.151125
task003_symmetric__silent,,task003_symmetric,silent,6,12,0.75,persistent,continuous,poisson,poisson,0.5,votes,True,1000,0.7185016646485222,0.18887877986400992,0.8532916666666668,0.11204166666666665,1.0,0.126125,0.7166224785618763,0.1881766789676613,0.8549166666666668,0.107375,1.0,0.12233333333333335,0.0006371435977999806,0.0,0.0,0.0,960.537,,,,,
task003_symmetric__truth__lc0.5__gateoff__stopoff,,task003_symmetric,truth,6,12,0.75,persistent,continuous,poisson,poisson,0.5,always,False,1000,0.8385361863890386,0.09790541803780488,0.9577916666666666,0.028166666666666666,1.0,0.2929583333333333,0.8353416937551907,0.09901904551192395,0.959,0.02679166666666667,1.0,0.28191666666666665,0.000655883115382333,15.046,178.766,0.0,960.537,task003_symmetric__silent,0.12003452174051636,0.1045,0.11871921519331444,0.10408333333333335
task003_symmetric__truth__lc0.5__gateoff__stopon,,task003_symmetric,truth,6,12,0.75,persistent,continuous,poisson,poisson,0.5,always,True,1000,0.8395568669739221,0.09725234037783206,0.9595833333333333,0.026625,1.0,0.2940416666666667,0.8346821032159984,0.10014489962634426,0.956625,0.029125,1.0,0.280375,0.0006590063683127251,9.358,178.766,0.0,960.537,task003_symmetric__silent,0.12105520232539999,0.10629166666666667,0.11805962465412227,0.10170833333333335
task003_symmetric__truth__lc0.5__gateon__stopoff,,task003_symmetric,truth,6,12,0.75,persistent,continuous,poisson,poisson,0.5,votes,False,1000,0.7862134473973563,0.13698699380827378,0.9217083333333332,0.05533333333333333,1.0,0.2104166666666667,0.7835640913167523,0.13736007785797943,0.92125,0.05516666666666666,1.0,0.20979166666666668,0.0006517187781418102,1.752,178.766,0.0,960.537,task003_symmetric__silent,0.06771178274883426,0.06841666666666665,0.06694161275487596,0.06633333333333333
task003_symmetric__truth__lc0.5__gateon__stopon,,task003_symmetric,truth,6,12,0.75,persistent,continuous,poisson,poisson,0.5,votes,True,1000,0.7846919440696163,0.13827133496852748,0.9208333333333334,0.056458333333333326,1.0,0.206375,0.781182059755869,0.1391233440561129,0.9194583333333334,0.056833333333333326,1.0,0.20445833333333335,0.0006465133565911568,1.659,178.766,0.0,960.537,task003_symmetric__silent,0.06619027942109418,0.06754166666666667,0.06455958119399263,0.06454166666666669
task003_symmetric__truth__lc1__gateoff__stopoff,,task003_symmetric,truth,6,12,0.75,persistent,continuous,poisson,poisson,1.0,always,False,1000,0.8499234226019907,0.08799579648229443,0.9626666666666668,0.023041666666666665,1.0,0.3018333333333333,0.8476382306799473,0.08807367383617508,0.964875,0.022208333333333333,1.0,0.29266666666666663,0.0006579652840025944,27.974,331.931,0.533,960.537,task003_symmetric__silent,0.13142175795346867,0.10937500000000001,0.13101575211807093,0.10995833333333334
task003_symmetric__truth__lc1__gateoff__stopon,,task003_symmetric,truth,6,12,0.75,persistent,continuous,poisson,poisson,1.0,always,True,1000,0.8516682994707618,0.08611415009320114,0.9630833333333333,0.023375,1.0,0.3050833333333333,0.8470172325202029,0.08782587698535807,0.9646666666666668,0.021791666666666664,1.0,0.29575,0.0006600474526228557,18.151,357.791,0.023,960.537,task003_symmetric__silent,0.13316663482223964,0.10979166666666669,0.13039475395832667,0.10975
task003_symmetric__truth__lc1__gateon__stopoff,,task003_symmetric,truth,6,12,0.75,persistent,continuous,poisson,poisson,1.0,votes,False,1000,0.7978654148035977,0.1297359000320803,0.9298750000000001,0.049625,1.0,0.23275,0.7966365976889285,0.1296012796108749,0.9347916666666667,0.04695833333333333,1.0,0.23395833333333335,0.0006340203448695886,2.692,358.605,0.0,960.537,task003_symmetric__silent,0.07936375015507574,0.07658333333333332,0.08001411912705209,0.079875
task003_symmetric__truth__lc1__gateon__stopon,,task003_symmetric,truth,6,12,0.75,persistent,continuous,poisson,poisson,1.0,votes,True,1000,0.797055423964445,0.13023906383121162,0.928875,0.051416666666666666,1.0,0.22945833333333335,0.7963756217414414,0.12943565754834804,0.933625,0.04658333333333334,1.0,0.231625,0.0006329792605594579,2.534,358.605,0.0,960.537,task003_symmetric__silent,0.0785537593159228,0.07558333333333335,0.079753143179565,0.07870833333333332
task003_symmetric__truth__lc2__gateoff__stopoff,,task003_symmetric,truth,6,12,0.75,persistent,continuous,poisson,poisson,2.0,always,False,1000,0.8488911707277041,0.08673870834990327,0.9624583333333334,0.022625,1.0,0.294375,0.8446419049398975,0.08934468329632982,0.9632916666666668,0.021875,1.0,0.2822083333333334,0.0006381846821101113,30.0,352.539,1.0,960.537,task003_symmetric__silent,0.13038950607918193,0.10916666666666669,0.12801942637802133,0.10837500000000001
task003_symmetric__truth__lc2__gateoff__stopon,,task003_symmetric,truth,6,12,0.75,persistent,continuous,poisson,poisson,2.0,always,True,1000,0.859864173393157,0.07820173159256544,0.9665000000000001,0.020041666666666666,1.0,0.3039583333333334,0.8527680625483052,0.08163353439806735,0.9659583333333334,0.020541666666666663,1.0,0.2919166666666666,0.0006413079350405034,29.173,565.095,0.807,960.537,task003_symmetric__silent,0.14136250874463493,0.11320833333333334,0.13614558398642881,0.11104166666666669
task003_symmetric__truth__lc2__gateon__stopoff,,task003_symmetric,truth,6,12,0.75,persistent,continuous,poisson,poisson,2.0,votes,False,1000,0.8157197990404255,0.11591803486702269,0.9435416666666667,0.039875,1.0,0.2637083333333334,0.8113286226130578,0.11893434434989614,0.9439583333333333,0.04075,1.0,0.25254166666666666,0.00060591106849606,4.197,714.437,0.0,960.537,task003_symmetric__silent,0.09721813439190337,0.09025,0.09470614405118152,0.08904166666666667
task003_symmetric__truth__lc2__gateon__stopon,,task003_symmetric,truth,6,12,0.75,persistent,continuous,poisson,poisson,2.0,votes,True,1000,0.8129981293467776,0.11752477843152023,0.9414583333333334,0.041,1.0,0.2572916666666667,0.8111648887889764,0.11950831362098549,0.9444166666666668,0.03958333333333333,1.0,0.25170833333333337,0.0006048699841859293,3.819,714.437,0.0,960.537,task003_symmetric__silent,0.09449646469825555,0.08816666666666667,0.09454241022710017,0.0895
task003_symmetric__truth__lc4__gateoff__stopoff,,task003_symmetric,truth,6,12,0.75,persistent,continuous,poisson,poisson,4.0,always,False,1000,0.8488312174235176,0.08569111156388065,0.9634583333333334,0.021958333333333333,1.0,0.291125,0.8437191445749133,0.08863516243344721,0.9625416666666667,0.02320833333333333,1.0,0.27791666666666665,0.0005975823940150146,30.0,345.682,1.0,960.537,task003_symmetric__silent,0.13032955277499542,0.11016666666666669,0.12709666601303696,0.10762500000000001
task003_symmetric__truth__lc4__gateoff__stopon,,task003_symmetric,truth,6,12,0.75,persistent,continuous,poisson,poisson,4.0,always,True,1000,0.8531192296428908,0.08181983348269596,0.9647083333333334,0.020541666666666663,1.0,0.2957083333333333,0.8483711887381912,0.08502919371392186,0.9637500000000001,0.021,1.0,0.2801666666666666,0.0005944591410846225,30.0,551.83,1.0,960.537,task003_symmetric__silent,0.13461756499436867,0.11141666666666669,0.13174871017631495,0.10883333333333334
task003_symmetric__truth__lc4__gateon__stopoff,,task003_symmetric,truth,6,12,0.75,persistent,continuous,poisson,poisson,4.0,votes,False,1000,0.8217183120845605,0.11143397413866087,0.9483333333333333,0.03658333333333333,1.0,0.2662083333333333,0.8181269677114785,0.11277571335425407,0.94925,0.034875,1.0,0.260875,0.0005767607078124008,6.27,1426.734,0.0,960.537,task003_symmetric__silent,0.10321664743603833,0.09504166666666669,0.10150448914960214,0.09433333333333334
task003_symmetric__truth__lc4__gateon__stopon,,task003_symmetric,truth,6,12,0.75,persistent,continuous,poisson,poisson,4.0,votes,True,1000,0.8215500618337254,0.11104199536036051,0.9475833333333334,0.036583333333333336,1.0,0.2636666666666666,0.8172756765614756,0.11313873522897802,0.949,0.035375,1.0,0.2604583333333333,0.0005746785391921394,5.666,1426.734,0.0,960.537,task003_symmetric__silent,0.10304839718520331,0.09429166666666668,0.1006531979995993,0.09408333333333334
task003_symmetric__truth__lc8__gateoff__stopoff,,task003_symmetric,truth,6,12,0.75,persistent,continuous,poisson,poisson,8.0,always,False,1000,0.8450907690934583,0.08898697457044896,0.9630833333333334,0.022083333333333333,1.0,0.2854583333333333,0.8417610857791512,0.09064591127853816,0.96325,0.023166666666666665,1.0,0.27841666666666665,0.0005788428764326621,30.0,331.637,1.0,960.537,task003_symmetric__silent,0.12658910444493607,0.10979166666666669,0.12513860721727488,0.10833333333333334
task003_symmetric__truth__lc8__gateoff__stopon,,task003_symmetric,truth,6,12,0.75,persistent,continuous,poisson,poisson,8.0,always,True,1000,0.8503876919102318,0.0842715626146941,0.9650833333333334,0.0205,1.0,0.288125,0.8468405516367188,0.08575603690049678,0.9616666666666668,0.022583333333333337,1.0,0.277875,0.0005705142019516166,30.0,485.561,1.0,960.537,task003_symmetric__silent,0.13188602726170967,0.11179166666666669,0.13021807307484254,0.10675000000000001
task003_symmetric__truth__lc8__gateon__stopoff,,task003_symmetric,truth,6,12,0.75,persistent,continuous,poisson,poisson,8.0,votes,False,1000,0.8284953222892905,0.1053875219193243,0.95375,0.03204166666666666,1.0,0.278375,0.8263225369769795,0.1060628365756963,0.9548750000000001,0.030541666666666665,1.0,0.275,0.000525747576615997,9.398,2853.524,0.003,960.537,task003_symmetric__silent,0.10999365764076839,0.10045833333333334,0.10970005841510318,0.09995833333333334
task003_symmetric__truth__lc8__gateon__stopon,,task003_symmetric,truth,6,12,0.75,persistent,continuous,poisson,poisson,8.0,votes,True,1000,0.8285331008393197,0.10492355861905424,0.9527916666666667,0.032125,1.0,0.279375,0.8245668427964344,0.10705535019336705,0.9532083333333334,0.03166666666666666,1.0,0.27129166666666665,0.0005299119138565199,8.452,2855.6,0.001,960.537,task003_symmetric__silent,0.11003143619079772,0.0995,0.1079443642345581,0.09829166666666668
