cell,step,setup,arm,q,qc,rho,board,forgetting,agent_schedule,controller_schedule,lambda_c,controller_gate,silent_when_target_proved,episodes,mean_p_A0_t30,mean_p_A2_t30,share_A0_t30,share_A2_t30,share_voted_t30,proof_rate_A0_t30,mean_p_A0_t40,mean_p_A2_t40,share_A0_t40,share_A2_t40,share_voted_t40,proof_rate_A0_t40,controller_messages,controller_reads,share_budget_exhausted,agent_actions,silent_cell,gain_m_target_t30,gain_share_target_t30,gain_m_target_t40,gain_share_target_t40
task003_nosolution__false__q12__qc12__lc0.5__gateoff,,task003_nosolution,false,12,12,1.0,persistent,continuous,poisson,poisson,0.5,always,True,1000,0.38690917858609225,0.6130908214139076,0.3854583333333333,0.6145416666666667,1.0,0.0,0.3987039542893088,0.6012960457106911,0.39875,0.60125,1.0,0.0,15.046,178.74,0.0,960.537,task003_nosolution__silent__q12,0.11313173050481681,0.11433333333333333,0.10133695480160021,0.10270833333333335
task003_nosolution__false__q12__qc12__lc0.5__gateon,,task003_nosolution,false,12,12,1.0,persistent,continuous,poisson,poisson,0.5,votes,True,1000,0.3152049350398879,0.6847950649601123,0.31266666666666665,0.6873333333333332,1.0,0.0,0.3237221218124796,0.6762778781875206,0.327,0.673,1.0,0.0,7.558,178.74,0.0,960.537,task003_nosolution__silent__q12,0.1848359740510213,0.187125,0.17631878727842962,0.17445833333333335
task003_nosolution__false__q12__qc12__lc1__gateoff,,task003_nosolution,false,12,12,1.0,persistent,continuous,poisson,poisson,1.0,always,True,1000,0.4584730543464623,0.5415269456535378,0.4557083333333334,0.5442916666666666,1.0,0.0,0.4640451750251383,0.5359548249748617,0.4654583333333333,0.5345416666666666,1.0,0.0,27.974,331.892,0.533,960.537,task003_nosolution__silent__q12,0.04156785474444678,0.044083333333333335,0.03599573406577081,0.036
task003_nosolution__false__q12__qc12__lc1__gateon,,task003_nosolution,false,12,12,1.0,persistent,continuous,poisson,poisson,1.0,votes,True,1000,0.38765325246868226,0.6123467475313178,0.3847916666666667,0.6152083333333334,1.0,0.0,0.40091388630279845,0.5990861136972015,0.40220833333333333,0.5977916666666667,1.0,0.0,16.181,356.336,0.065,960.537,task003_nosolution__silent__q12,0.11238765662222686,0.115,0.09912702278811066,0.09925
task003_nosolution__false__q12__qc12__lc2__gateoff,,task003_nosolution,false,12,12,1.0,persistent,continuous,poisson,poisson,2.0,always,True,1000,0.4657356430428141,0.534264356957186,0.46479166666666666,0.5352083333333334,1.0,0.0,0.46631032969277453,0.5336896703072255,0.466875,0.533125,1.0,0.0,30.0,352.47,1.0,960.537,task003_nosolution__silent__q12,0.034305266048095036,0.035,0.03373057939813455,0.03458333333333333
task003_nosolution__false__q12__qc12__lc2__gateon,,task003_nosolution,false,12,12,1.0,persistent,continuous,poisson,poisson,2.0,votes,True,1000,0.451790087158363,0.548209912841637,0.4534583333333333,0.5465416666666667,1.0,0.0,0.4613821329866174,0.5386178670133825,0.4619166666666667,0.5380833333333332,1.0,0.0,26.307,578.004,0.661,960.537,task003_nosolution__silent__q12,0.0482508219325461,0.04633333333333333,0.03865877610429168,0.03954166666666667
task003_nosolution__false__q12__qc12__lc4__gateoff,,task003_nosolution,false,12,12,1.0,persistent,continuous,poisson,poisson,4.0,always,True,1000,0.451468821084301,0.5485311789156992,0.4482916666666667,0.5517083333333332,1.0,0.0,0.4517734296109296,0.5482265703890705,0.45429166666666665,0.5457083333333334,1.0,0.0,30.0,345.53,1.0,960.537,task003_nosolution__silent__q12,0.04857208800660823,0.0515,0.048267479479979544,0.04716666666666667
task003_nosolution__false__q12__qc12__lc4__gateon,,task003_nosolution,false,12,12,1.0,persistent,continuous,poisson,poisson,4.0,votes,True,1000,0.47199207764155554,0.5280079223584444,0.4713333333333334,0.5286666666666667,1.0,0.0,0.4775674145351343,0.5224325854648657,0.477375,0.522625,1.0,0.0,29.076,774.026,0.923,960.537,task003_nosolution__silent__q12,0.028048831449353526,0.028458333333333332,0.022473494555774833,0.024083333333333335
task003_nosolution__false__q12__qc12__lc8__gateoff,,task003_nosolution,false,12,12,1.0,persistent,continuous,poisson,poisson,8.0,always,True,1000,0.4270856814791098,0.5729143185208905,0.4265,0.5735,1.0,0.0,0.4276143048470255,0.5723856951529747,0.4285,0.5715,1.0,0.0,30.0,331.481,1.0,960.537,task003_nosolution__silent__q12,0.07295522761179943,0.07329166666666666,0.07242660424388378,0.07295833333333333
task003_nosolution__false__q12__qc12__lc8__gateon,,task003_nosolution,false,12,12,1.0,persistent,continuous,poisson,poisson,8.0,votes,True,1000,0.46463089097113086,0.5353691090288691,0.464875,0.535125,1.0,0.0,0.4690676190595783,0.5309323809404217,0.47004166666666664,0.5299583333333334,1.0,0.0,29.501,1035.689,0.969,960.537,task003_nosolution__silent__q12,0.03541001811977832,0.034916666666666665,0.030973290031330758,0.03141666666666666
task003_nosolution__false__q12__qc6__lc0.5__gateoff,,task003_nosolution,false,12,6,1.0,persistent,continuous,poisson,poisson,0.5,always,True,1000,0.393454180071076,0.6065458199289244,0.39108333333333334,0.6089166666666667,1.0,0.0,0.4043583102383569,0.5956416897616437,0.406,0.594,1.0,0.0,15.046,89.781,0.0,960.537,task003_nosolution__silent__q12,0.10658672901983336,0.10870833333333334,0.09568259885255251,0.09545833333333334
task003_nosolution__false__q12__qc6__lc0.5__gateon,,task003_nosolution,false,12,6,1.0,persistent,continuous,poisson,poisson,0.5,votes,True,1000,0.33490158373089957,0.6650984162691007,0.3320833333333334,0.6679166666666667,1.0,0.0,0.34656712152641617,0.6534328784735842,0.35025,0.64975,1.0,0.0,9.175,89.781,0.0,960.537,task003_nosolution__silent__q12,0.16513932536000978,0.16770833333333335,0.15347378756449326,0.15120833333333333
task003_nosolution__false__q12__qc6__lc1__gateoff,,task003_nosolution,false,12,6,1.0,persistent,continuous,poisson,poisson,1.0,always,True,1000,0.4385748372850696,0.5614251627149308,0.437,0.563,1.0,0.0,0.44256222473604834,0.5574377752639521,0.44454166666666667,0.5554583333333333,1.0,0.0,27.974,166.784,0.533,960.537,task003_nosolution__silent__q12,0.06146607180583976,0.06279166666666668,0.05747868435486099,0.056916666666666664
task003_nosolution__false__q12__qc6__lc1__gateon,,task003_nosolution,false,12,6,1.0,persistent,continuous,poisson,poisson,1.0,votes,True,1000,0.39842412062931504,0.6015758793706854,0.3943333333333333,0.6056666666666668,1.0,0.0,0.409040780666728,0.5909592193332723,0.408,0.592,1.0,0.0,18.666,179.294,0.057,960.537,task003_nosolution__silent__q12,0.10161678846159429,0.10545833333333335,0.09100012842418136,0.09345833333333334
task003_nosolution__false__q12__qc6__lc2__gateoff,,task003_nosolution,false,12,6,1.0,persistent,continuous,poisson,poisson,2.0,always,True,1000,0.43739316934952593,0.5626068306504745,0.4354583333333334,0.5645416666666666,1.0,0.0,0.43752245160884873,0.5624775483911516,0.4377916666666667,0.5622083333333333,1.0,0.0,30.0,177.725,1.0,960.537,task003_nosolution__silent__q12,0.06264773974138343,0.06433333333333333,0.0625184574820606,0.06366666666666666
task003_nosolution__false__q12__qc6__lc2__gateon,,task003_nosolution,false,12,6,1.0,persistent,continuous,poisson,poisson,2.0,votes,True,1000,0.43839033164839125,0.5616096683516091,0.43554166666666666,0.5644583333333334,1.0,0.0,0.44394622672999406,0.5560537732700063,0.44666666666666666,0.5533333333333333,1.0,0.0,28.379,283.035,0.788,960.537,task003_nosolution__silent__q12,0.06165057744251808,0.06425,0.056094682360915214,0.05479166666666666
task003_nosolution__false__q12__qc6__lc4__gateoff,,task003_nosolution,false,12,6,1.0,persistent,continuous,poisson,poisson,4.0,always,True,1000,0.42943307924421403,0.5705669207557863,0.42670833333333336,0.5732916666666666,1.0,0.0,0.4298822743841127,0.5701177256158877,0.43183333333333335,0.5681666666666667,1.0,0.0,30.0,175.745,1.0,960.537,task003_nosolution__silent__q12,0.07060782984669531,0.07308333333333335,0.07015863470679667,0.069625
task003_nosolution__false__q12__qc6__lc4__gateon,,task003_nosolution,false,12,6,1.0,persistent,continuous,poisson,poisson,4.0,votes,True,1000,0.44090897950094576,0.5590910204990545,0.44045833333333334,0.5595416666666666,1.0,0.0,0.4438273989059187,0.5561726010940815,0.4467083333333333,0.5532916666666666,1.0,0.0,29.726,343.758,0.969,960.537,task003_nosolution__silent__q12,0.059131929589963536,0.059333333333333335,0.0562135101849906,0.05475
task003_nosolution__false__q12__qc6__lc8__gateoff,,task003_nosolution,false,12,6,1.0,persistent,continuous,poisson,poisson,8.0,always,True,1000,0.4150486939085989,0.5849513060914016,0.41341666666666665,0.5865833333333332,1.0,0.0,0.41555127303490386,0.5844487269650965,0.41708333333333336,0.5829166666666666,1.0,0.0,30.0,171.824,1.0,960.537,task003_nosolution__silent__q12,0.08499221518231047,0.086375,0.08448963605600554,0.084375
task003_nosolution__false__q12__qc6__lc8__gateon,,task003_nosolution,false,12,6,1.0,persistent,continuous,poisson,poisson,8.0,votes,True,1000,0.4331753399434358,0.5668246600565646,0.43225,0.56775,1.0,0.0,0.4341513389982007,0.5658486610017996,0.43754166666666666,0.5624583333333334,1.0,0.0,29.978,424.011,0.999,960.537,task003_nosolution__silent__q12,0.06686556914747356,0.06754166666666667,0.06588957009270865,0.06391666666666666
task003_nosolution__false__q3__qc12__lc0.5__gateoff,,task003_nosolution,false,3,12,1.0,persistent,continuous,poisson,poisson,0.5,always,True,1000,0.2967604471297109,0.7032341678053112,0.29225,0.70775,1.0,0.0,0.34423804978064965,0.6557619502193505,0.347625,0.652375,1.0,0.0,15.046,178.734,0.0,960.537,task003_nosolution__silent__q3,0.20240079206917455,0.20725,0.15597198581312308,0.15416666666666665
task003_nosolution__false__q3__qc12__lc0.5__gateon,,task003_nosolution,false,3,12,1.0,persistent,continuous,poisson,poisson,0.5,votes,True,1000,0.2625413487031697,0.7374565361847192,0.2594166666666667,0.7405833333333333,1.0,0.0,0.2865865325813029,0.7134134674186974,0.2882916666666666,0.7117083333333333,1.0,0.0,7.789,178.734,0.0,960.537,task003_nosolution__silent__q3,0.23662316044858256,0.24008333333333334,0.21362350301247,0.2135
task003_nosolution__false__q3__qc12__lc1__gateoff,,task003_nosolution,false,3,12,1.0,persistent,continuous,poisson,poisson,1.0,always,True,1000,0.36711449754324427,0.6328855024567558,0.364125,0.635875,1.0,0.0,0.4248369669591307,0.5751630330408694,0.4244166666666666,0.5755833333333332,1.0,0.0,27.974,331.877,0.533,960.537,task003_nosolution__silent__q3,0.13205212672061914,0.135375,0.07537306863464198,0.077375
task003_nosolution__false__q3__qc12__lc1__gateon,,task003_nosolution,false,3,12,1.0,persistent,continuous,poisson,poisson,1.0,votes,True,1000,0.3010453263218542,0.698954060933048,0.29854166666666665,0.7014583333333334,1.0,0.0,0.34085693313205434,0.6591430668679459,0.3437916666666666,0.6562083333333333,1.0,0.0,14.418,357.473,0.037,960.537,task003_nosolution__silent__q3,0.19812068519691134,0.20095833333333332,0.1593531024617185,0.158
task003_nosolution__false__q3__qc12__lc2__gateoff,,task003_nosolution,false,3,12,1.0,persistent,continuous,poisson,poisson,2.0,always,True,1000,0.41044904754512357,0.5895490867832348,0.408125,0.591875,1.0,0.0,0.4419994659169323,0.5580005340830678,0.443625,0.556375,1.0,0.0,30.0,352.425,1.0,960.537,task003_nosolution__silent__q3,0.08871571104709806,0.091375,0.058210569676840386,0.05816666666666667
task003_nosolution__false__q3__qc12__lc2__gateon,,task003_nosolution,false,3,12,1.0,persistent,continuous,poisson,poisson,2.0,votes,True,1000,0.35208462394231593,0.64791200355986,0.3507083333333333,0.6492916666666666,1.0,0.0,0.3969806940305535,0.6030193059694465,0.398625,0.601375,1.0,0.0,23.054,624.853,0.463,960.537,task003_nosolution__silent__q3,0.1470786278237233,0.14879166666666666,0.10322934156321922,0.10316666666666666
task003_nosolution__false__q3__qc12__lc4__gateoff,,task003_nosolution,false,3,12,1.0,persistent,continuous,poisson,poisson,4.0,always,True,1000,0.4135552885482582,0.5864447114517418,0.410625,0.589375,1.0,0.0,0.43658768301066364,0.5634123169893366,0.4375833333333334,0.5624166666666668,1.0,0.0,30.0,345.439,1.0,960.537,task003_nosolution__silent__q3,0.08561133571560522,0.088875,0.06362235258310917,0.06420833333333334
task003_nosolution__false__q3__qc12__lc4__gateon,,task003_nosolution,false,3,12,1.0,persistent,continuous,poisson,poisson,4.0,votes,True,1000,0.39104886489851076,0.6089473036838647,0.38775,0.61225,1.0,0.0,0.4285859339251316,0.5714140660748686,0.4284166666666666,0.5715833333333332,1.0,0.0,27.708,863.903,0.816,960.537,task003_nosolution__silent__q3,0.10811392794772814,0.11175,0.07162410166864108,0.073375
task003_nosolution__false__q3__qc12__lc8__gateoff,,task003_nosolution,false,3,12,1.0,persistent,continuous,poisson,poisson,8.0,always,True,1000,0.39948573483470246,0.6005116055908296,0.3971666666666666,0.6028333333333333,1.0,0.0,0.42056790842744096,0.5794320915725594,0.4242916666666666,0.5757083333333333,1.0,0.0,30.0,331.239,1.0,960.537,task003_nosolution__silent__q3,0.09967822985469295,0.10233333333333335,0.07964212716633187,0.0775
task003_nosolution__false__q3__qc12__lc8__gateon,,task003_nosolution,false,3,12,1.0,persistent,continuous,poisson,poisson,8.0,votes,True,1000,0.39282858786004066,0.6071674363757676,0.39166666666666666,0.6083333333333333,1.0,0.0,0.4226791541391792,0.5773208458608209,0.42525,0.57475,1.0,0.0,29.239,1019.335,0.932,960.537,task003_nosolution__silent__q3,0.10633406063963101,0.10783333333333332,0.07753088145459355,0.07654166666666666
task003_nosolution__false__q3__qc6__lc0.5__gateoff,,task003_nosolution,false,3,6,1.0,persistent,continuous,poisson,poisson,0.5,always,True,1000,0.3008667069661997,0.6991321356263932,0.2997083333333333,0.7002916666666668,1.0,0.0,0.34856623841130613,0.6514337615886941,0.35225,0.64775,1.0,0.0,15.046,89.78,0.0,960.537,task003_nosolution__silent__q3,0.19829875989025653,0.19979166666666667,0.15164379718246682,0.14954166666666668
task003_nosolution__false__q3__qc6__lc0.5__gateon,,task003_nosolution,false,3,6,1.0,persistent,continuous,poisson,poisson,0.5,votes,True,1000,0.2619507888250129,0.7380492111749875,0.26079166666666664,0.7392083333333332,1.0,0.0,0.2920608036706039,0.7079391963293965,0.29491666666666666,0.7050833333333334,1.0,0.0,9.057,89.78,0.0,960.537,task003_nosolution__silent__q3,0.23721583543885083,0.23870833333333333,0.2081492319231691,0.206875
task003_nosolution__false__q3__qc6__lc1__gateoff,,task003_nosolution,false,3,6,1.0,persistent,continuous,poisson,poisson,1.0,always,True,1000,0.36014871266236254,0.6398512873376377,0.35708333333333336,0.6429166666666667,1.0,0.0,0.4062698751655565,0.5937301248344437,0.40908333333333335,0.5909166666666666,1.0,0.0,27.974,166.782,0.533,960.537,task003_nosolution__silent__q3,0.13901791160150107,0.1424166666666667,0.09394016042821632,0.09270833333333334
task003_nosolution__false__q3__qc6__lc1__gateon,,task003_nosolution,false,3,6,1.0,persistent,continuous,poisson,poisson,1.0,votes,True,1000,0.2999886363853833,0.700011363614617,0.29804166666666665,0.7019583333333332,1.0,0.0,0.34501265443225004,0.6549873455677503,0.34775,0.65225,1.0,0.0,16.672,179.765,0.021,960.537,task003_nosolution__silent__q3,0.19917798787848032,0.20145833333333332,0.15519738116152287,0.1540416666666667
task003_nosolution__false__q3__qc6__lc2__gateoff,,task003_nosolution,false,3,6,1.0,persistent,continuous,poisson,poisson,2.0,always,True,1000,0.3851654506518713,0.61483018929187,0.3844583333333333,0.6155416666666667,1.0,0.0,0.41430119592397,0.5856988040760304,0.417125,0.582875,1.0,0.0,30.0,177.723,1.0,960.537,task003_nosolution__silent__q3,0.11399681355573346,0.11504166666666667,0.08590883966980285,0.08466666666666665
task003_nosolution__false__q3__qc6__lc2__gateon,,task003_nosolution,false,3,6,1.0,persistent,continuous,poisson,poisson,2.0,votes,True,1000,0.34776484977777605,0.6522326475165965,0.3446666666666666,0.6553333333333333,1.0,0.0,0.3945142031517568,0.6054847145971612,0.39870833333333333,0.6012916666666668,1.0,0.0,26.409,308.755,0.588,960.537,task003_nosolution__silent__q3,0.1513992717804598,0.15483333333333335,0.10569475019093387,0.10308333333333333
task003_nosolution__false__q3__qc6__lc4__gateoff,,task003_nosolution,false,3,6,1.0,persistent,continuous,poisson,poisson,4.0,always,True,1000,0.3829489042989005,0.6170501036376077,0.3807083333333333,0.6192916666666668,1.0,0.0,0.406075699261806,0.5939243007381944,0.4072083333333334,0.5927916666666667,1.0,0.0,30.0,175.734,1.0,960.537,task003_nosolution__silent__q3,0.116216727901471,0.11879166666666666,0.09413433633196695,0.09458333333333332
task003_nosolution__false__q3__qc6__lc4__gateon,,task003_nosolution,false,3,6,1.0,persistent,continuous,poisson,poisson,4.0,votes,True,1000,0.3741451544184201,0.6258548455815801,0.3705,0.6295,1.0,0.0,0.40870496159119407,0.5912950384088062,0.4105833333333333,0.5894166666666666,1.0,0.0,29.524,378.823,0.941,960.537,task003_nosolution__silent__q3,0.12502146984544343,0.129,0.09150507400257873,0.09120833333333335
task003_nosolution__false__q3__qc6__lc8__gateoff,,task003_nosolution,false,3,6,1.0,persistent,continuous,poisson,poisson,8.0,always,True,1000,0.3686573299993688,0.6313426700006314,0.364875,0.635125,1.0,0.0,0.3893367639429065,0.6106632360570938,0.39229166666666665,0.6077083333333333,1.0,0.0,30.0,171.801,1.0,960.537,task003_nosolution__silent__q3,0.1305092942644947,0.134625,0.11087327165086643,0.1095
task003_nosolution__false__q3__qc6__lc8__gateon,,task003_nosolution,false,3,6,1.0,persistent,continuous,poisson,poisson,8.0,votes,True,1000,0.36589895199932826,0.634098980331499,0.36541666666666667,0.6345833333333334,1.0,0.0,0.39474654959190925,0.605253450408091,0.39675,0.60325,1.0,0.0,29.964,376.725,0.994,960.537,task003_nosolution__silent__q3,0.13326560459536238,0.13408333333333333,0.10546348600186363,0.10504166666666667
task003_nosolution__false__q6__qc12__lc0.5__gateoff,,task003_nosolution,false,6,12,1.0,persistent,continuous,poisson,poisson,0.5,always,True,1000,0.35773394474113207,0.6422660552588679,0.3570833333333333,0.6429166666666667,1.0,0.0,0.3853231639127675,0.6146768360872326,0.389,0.611,1.0,0.0,15.046,178.74,0.0,960.537,task003_nosolution__silent__q6,0.14280668673200958,0.14354166666666668,0.1147411218015182,0.11245833333333333
task003_nosolution__false__q6__qc12__lc0.5__gateon,,task003_nosolution,false,6,12,1.0,persistent,continuous,poisson,poisson,0.5,votes,True,1000,0.3026159326395773,0.697384067360423,0.298875,0.701125,1.0,0.0,0.3195337594409983,0.680466240559002,0.3239166666666667,0.6760833333333334,1.0,0.0,7.649,178.74,0.0,960.537,task003_nosolution__silent__q6,0.19792469883356445,0.20175,0.18053052627328753,0.17754166666666665
task003_nosolution__false__q6__qc12__lc1__gateoff,,task003_nosolution,false,6,12,1.0,persistent,continuous,poisson,poisson,1.0,always,True,1000,0.43753522328675837,0.5624647767132417,0.43575,0.56425,1.0,0.0,0.4565107125787391,0.5434892874212608,0.4576666666666666,0.5423333333333332,1.0,0.0,27.974,331.891,0.533,960.537,task003_nosolution__silent__q6,0.06300540818638317,0.064875,0.04355357313554655,0.043791666666666666
task003_nosolution__false__q6__qc12__lc1__gateon,,task003_nosolution,false,6,12,1.0,persistent,continuous,poisson,poisson,1.0,votes,True,1000,0.35050371538381064,0.6494962846161896,0.3489166666666667,0.6510833333333333,1.0,0.0,0.3792518896995445,0.6207481103004556,0.38,0.62,1.0,0.0,14.871,357.019,0.046,960.537,task003_nosolution__silent__q6,0.15003691608933103,0.1517083333333333,0.12081239601474128,0.12145833333333333
task003_nosolution__false__q6__qc12__lc2__gateoff,,task003_nosolution,false,6,12,1.0,persistent,continuous,poisson,poisson,2.0,always,True,1000,0.45456752558890123,0.5454324744110989,0.454,0.546,1.0,0.0,0.4587615947825125,0.5412384052174876,0.46008333333333334,0.5399166666666667,1.0,0.0,30.0,352.467,1.0,960.537,task003_nosolution__silent__q6,0.04597310588424035,0.046625,0.041302690931773314,0.041375
task003_nosolution__false__q6__qc12__lc2__gateon,,task003_nosolution,false,6,12,1.0,persistent,continuous,poisson,poisson,2.0,votes,True,1000,0.4164854764312946,0.5835145235687055,0.414875,0.585125,1.0,0.0,0.4426098591904538,0.5573901408095462,0.443125,0.556875,1.0,0.0,24.619,604.125,0.563,960.537,task003_nosolution__silent__q6,0.084055155041847,0.08575,0.05745442652383197,0.05833333333333333
task003_nosolution__false__q6__qc12__lc4__gateoff,,task003_nosolution,false,6,12,1.0,persistent,continuous,poisson,poisson,4.0,always,True,1000,0.4414029254458568,0.5585970745541433,0.4399166666666667,0.5600833333333333,1.0,0.0,0.44510010548590834,0.5548998945140918,0.4460833333333334,0.5539166666666667,1.0,0.0,30.0,345.526,1.0,960.537,task003_nosolution__silent__q6,0.05913770602728481,0.060708333333333336,0.05496418022837751,0.055375
task003_nosolution__false__q6__qc12__lc4__gateon,,task003_nosolution,false,6,12,1.0,persistent,continuous,poisson,poisson,4.0,votes,True,1000,0.44686016429971664,0.5531398357002834,0.44458333333333333,0.5554166666666667,1.0,0.0,0.4665479742262613,0.5334520257737385,0.46954166666666663,0.5304583333333333,1.0,0.0,28.291,846.596,0.866,960.537,task003_nosolution__silent__q6,0.053680467173424944,0.05604166666666666,0.03351631148802437,0.03191666666666667
task003_nosolution__false__q6__qc12__lc8__gateoff,,task003_nosolution,false,6,12,1.0,persistent,continuous,poisson,poisson,8.0,always,True,1000,0.4235197480252966,0.5764802519747037,0.4228333333333334,0.5771666666666667,1.0,0.0,0.42651658285756167,0.5734834171424384,0.42841666666666667,0.5715833333333333,1.0,0.0,30.0,331.455,1.0,960.537,task003_nosolution__silent__q6,0.0770208834478451,0.07779166666666668,0.07354770285672421,0.07304166666666667
task003_nosolution__false__q6__qc12__lc8__gateon,,task003_nosolution,false,6,12,1.0,persistent,continuous,poisson,poisson,8.0,votes,True,1000,0.4474685123665034,0.5525314876334967,0.446,0.554,1.0,0.0,0.459318457334155,0.540681542665845,0.46141666666666664,0.5385833333333334,1.0,0.0,29.404,1138.619,0.95,960.537,task003_nosolution__silent__q6,0.05307211910663823,0.054625,0.040745828380130814,0.04004166666666666
task003_nosolution__false__q6__qc6__lc0.5__gateoff,,task003_nosolution,false,6,6,1.0,persistent,continuous,poisson,poisson,0.5,always,True,1000,0.36852351436933556,0.6314764856306647,0.36604166666666665,0.6339583333333334,1.0,0.0,0.39301660467375504,0.6069833953262452,0.39575,0.60425,1.0,0.0,15.046,89.781,0.0,960.537,task003_nosolution__silent__q6,0.13201711710380626,0.1345833333333333,0.10704768104053093,0.10570833333333332
task003_nosolution__false__q6__qc6__lc0.5__gateon,,task003_nosolution,false,6,6,1.0,persistent,continuous,poisson,poisson,0.5,votes,True,1000,0.31403013903890625,0.6859698609610941,0.3122083333333333,0.6877916666666667,1.0,0.0,0.33587106958590685,0.6641289304140935,0.3395,0.6605,1.0,0.0,9.01,89.781,0.0,960.537,task003_nosolution__silent__q6,0.18651049243423556,0.18841666666666668,0.1641932161283791,0.16195833333333332
task003_nosolution__false__q6__qc6__lc1__gateoff,,task003_nosolution,false,6,6,1.0,persistent,continuous,poisson,poisson,1.0,always,True,1000,0.424141175871951,0.5758588241280492,0.42316666666666664,0.5768333333333333,1.0,0.0,0.4370631628747013,0.562936837125299,0.43933333333333335,0.5606666666666668,1.0,0.0,27.974,166.784,0.533,960.537,task003_nosolution__silent__q6,0.07639945560119078,0.07745833333333334,0.06300112283958463,0.062125
task003_nosolution__false__q6__qc6__lc1__gateon,,task003_nosolution,false,6,6,1.0,persistent,continuous,poisson,poisson,1.0,votes,True,1000,0.36847916479047027,0.6315208352095301,0.3644583333333334,0.6355416666666666,1.0,0.0,0.39334465232732035,0.6066553476726799,0.3950833333333334,0.6049166666666668,1.0,0.0,17.637,179.696,0.035,960.537,task003_nosolution__silent__q6,0.13206146668267152,0.13616666666666666,0.10671963338696557,0.106375
task003_nosolution__false__q6__qc6__lc2__gateoff,,task003_nosolution,false,6,6,1.0,persistent,continuous,poisson,poisson,2.0,always,True,1000,0.43165856323975377,0.5683414367602465,0.42795833333333333,0.5720416666666667,1.0,0.0,0.4344221664049829,0.5655778335950175,0.43704166666666666,0.5629583333333332,1.0,0.0,30.0,177.725,1.0,960.537,task003_nosolution__silent__q6,0.06888206823338797,0.07266666666666666,0.06564211930930308,0.06441666666666668
task003_nosolution__false__q6__qc6__lc2__gateon,,task003_nosolution,false,6,6,1.0,persistent,continuous,poisson,poisson,2.0,votes,True,1000,0.41522161604482094,0.5847783839551791,0.41341666666666665,0.5865833333333333,1.0,0.0,0.4334367597247978,0.5665632402752024,0.433875,0.566125,1.0,0.0,27.489,295.371,0.713,960.537,task003_nosolution__silent__q6,0.08531901542832074,0.08720833333333333,0.06662752598948814,0.06758333333333333
task003_nosolution__false__q6__qc6__lc4__gateoff,,task003_nosolution,false,6,6,1.0,persistent,continuous,poisson,poisson,4.0,always,True,1000,0.42035331692063627,0.5796466830793642,0.41725,0.58275,1.0,0.0,0.4227803173548557,0.5772196826451448,0.424625,0.575375,1.0,0.0,30.0,175.745,1.0,960.537,task003_nosolution__silent__q6,0.08018731455250558,0.083375,0.07728396835943029,0.07683333333333334
task003_nosolution__false__q6__qc6__lc4__gateon,,task003_nosolution,false,6,6,1.0,persistent,continuous,poisson,poisson,4.0,votes,True,1000,0.42695100114889156,0.5730489988511086,0.4258333333333334,0.5741666666666667,1.0,0.0,0.43752648558714224,0.5624735144128581,0.440625,0.559375,1.0,0.0,29.684,376.602,0.962,960.537,task003_nosolution__silent__q6,0.07358963032425021,0.07479166666666666,0.06253780012714368,0.06083333333333333
task003_nosolution__false__q6__qc6__lc8__gateoff,,task003_nosolution,false,6,6,1.0,persistent,continuous,poisson,poisson,8.0,always,True,1000,0.40442247463391634,0.595577525366084,0.4045,0.5955,1.0,0.0,0.40770067217053285,0.5922993278294675,0.4100833333333333,0.5899166666666666,1.0,0.0,30.0,171.819,1.0,960.537,task003_nosolution__silent__q6,0.09611815683922548,0.096125,0.09236361354375315,0.091375
task003_nosolution__false__q6__qc6__lc8__gateon,,task003_nosolution,false,6,6,1.0,persistent,continuous,poisson,poisson,8.0,votes,True,1000,0.4180037380144631,0.5819962619855371,0.416875,0.583125,1.0,0.0,0.4234479680903939,0.5765520319096065,0.4259166666666666,0.5740833333333333,1.0,0.0,29.929,453.791,0.995,960.537,task003_nosolution__silent__q6,0.08253689345867864,0.08375,0.07661631762389202,0.07554166666666666
task003_nosolution__silent__q12,,task003_nosolution,silent,12,6,1.0,persistent,continuous,poisson,poisson,0.5,votes,True,1000,0.49996818181818187,0.49995909090909096,0.49975,0.5002083333333334,1.0,0.0,0.49996818181818187,0.49995909090909096,0.5014166666666666,0.4985416666666666,1.0,0.0,0.0,0.0,0.0,960.537,,,,,
task003_nosolution__silent__q3,,task003_nosolution,silent,3,6,1.0,persistent,continuous,poisson,poisson,0.5,votes,True,1000,0.49845758637412985,0.5008333757361366,0.499125,0.5005,1.0,0.0,0.4999140434139095,0.49978996440622736,0.5015416666666667,0.49820833333333336,1.0,0.0,0.0,0.0,0.0,960.537,,,,,
task003_nosolution__silent__q6,,task003_nosolution,silent,6,6,1.0,persistent,continuous,poisson,poisson,0.5,votes,True,1000,0.5004667963476935,0.49945936852685846,0.5005833333333333,0.499375,1.0,0.0,0.5000279220779221,0.4999357142857143,0.5014166666666666,0.4985416666666666,1.0,0.0,0.0,0.0,0.0,960.537,,,,,
task003_nosolution__truth__q12__qc12__lc0.5__gateoff,,task003_nosolution,truth,12,12,1.0,persistent,continuous,poisson,poisson,0.5,always,True,1000,0.7601265736578237,0.23987342634217634,0.7594583333333332,0.24054166666666665,1.0,0.0,0.7553964556277056,0.24460354437229437,0.7564583333333332,0.24354166666666666,1.0,0.0,15.046,178.743,0.0,960.537,task003_nosolution__silent__q12,0.2601583918396419,0.2597083333333334,0.2554282738095239,0.2550416666666666
task003_nosolution__truth__q12__qc12__lc0.5__gateon,,task003_nosolution,truth,12,12,1.0,persistent,continuous,poisson,poisson,0.5,votes,True,1000,0.8616363388360526,0.13835519840010857,0.8608333333333333,0.1391666666666667,1.0,0.0,0.8630083294832201,0.13699167051678018,0.862625,0.137375,1.0,0.0,4.569,178.743,0.0,960.537,task003_nosolution__silent__q12,0.36166815701787075,0.36108333333333337,0.36304014766503817,0.36120833333333335
task003_nosolution__truth__q12__qc12__lc1__gateoff,,task003_nosolution,truth,12,12,1.0,persistent,continuous,poisson,poisson,1.0,always,True,1000,0.7564034059049344,0.24359659409506557,0.754625,0.245375,1.0,0.0,0.7523333333333334,0.24766666666666667,0.7532916666666666,0.24670833333333334,1.0,0.0,27.974,331.892,0.533,960.537,task003_nosolution__silent__q12,0.2564352240867527,0.254875,0.25236515151515154,0.251875
task003_nosolution__truth__q12__qc12__lc1__gateon,,task003_nosolution,truth,12,12,1.0,persistent,continuous,poisson,poisson,1.0,votes,True,1000,0.873114125893209,0.12687780959066222,0.872,0.12799999999999997,1.0,0.0,0.8719186908770244,0.12808130912297583,0.873375,0.126625,1.0,0.0,6.189,358.567,0.0,960.537,task003_nosolution__silent__q12,0.37314594407502716,0.37225,0.37195050905884264,0.3719583333333334
task003_nosolution__truth__q12__qc12__lc2__gateoff,,task003_nosolution,truth,12,12,1.0,persistent,continuous,poisson,poisson,2.0,always,True,1000,0.7614810090140877,0.2385189909859122,0.7596666666666666,0.24033333333333334,1.0,0.0,0.7580060036945813,0.24199399630541873,0.7583333333333333,0.2416666666666667,1.0,0.0,30.0,352.447,1.0,960.537,task003_nosolution__silent__q12,0.261512827195906,0.25991666666666663,0.25803782187639945,0.2569166666666667
task003_nosolution__truth__q12__qc12__lc2__gateon,,task003_nosolution,truth,12,12,1.0,persistent,continuous,poisson,poisson,2.0,votes,True,1000,0.8755125786921845,0.12448742130781588,0.8752916666666667,0.12470833333333334,1.0,0.0,0.8731882394064535,0.1268117605935468,0.8745,0.1255,1.0,0.0,8.998,713.042,0.013,960.537,task003_nosolution__silent__q12,0.3755443968740026,0.37554166666666666,0.3732200575882717,0.3730833333333334
task003_nosolution__truth__q12__qc12__lc4__gateoff,,task003_nosolution,truth,12,12,1.0,persistent,continuous,poisson,poisson,4.0,always,True,1000,0.776503713913004,0.2234962860869961,0.77625,0.22375,1.0,0.0,0.772418524411823,0.22758147558817712,0.7740416666666667,0.22595833333333332,1.0,0.0,30.0,345.503,1.0,960.537,task003_nosolution__silent__q12,0.2765355320948221,0.2765,0.27245034259364115,0.272625
task003_nosolution__truth__q12__qc12__lc4__gateon,,task003_nosolution,truth,12,12,1.0,persistent,continuous,poisson,poisson,4.0,votes,True,1000,0.8725412022516875,0.12745879774831273,0.8725416666666668,0.12745833333333334,1.0,0.0,0.8683578482711535,0.13164215172884672,0.867875,0.132125,1.0,0.0,13.061,1390.919,0.097,960.537,task003_nosolution__silent__q12,0.3725730204335057,0.37279166666666663,0.3683896664529717,0.36645833333333333
task003_nosolution__truth__q12__qc12__lc8__gateoff,,task003_nosolution,truth,12,12,1.0,persistent,continuous,poisson,poisson,8.0,always,True,1000,0.8106706460357151,0.18932935396428502,0.8104583333333334,0.1895416666666667,1.0,0.0,0.8061702437039551,0.19382975629604512,0.8055833333333333,0.19441666666666668,1.0,0.0,30.0,331.483,1.0,960.537,task003_nosolution__silent__q12,0.3107024642175332,0.3107083333333333,0.3062020618857732,0.30416666666666664
task003_nosolution__truth__q12__qc12__lc8__gateon,,task003_nosolution,truth,12,12,1.0,persistent,continuous,poisson,poisson,8.0,votes,True,1000,0.8620528439366603,0.13794715606334004,0.8625833333333333,0.13741666666666666,1.0,0.0,0.8568076458953624,0.14319235410463788,0.8574583333333332,0.14254166666666665,1.0,0.0,19.065,2525.17,0.253,960.537,task003_nosolution__silent__q12,0.3620846621184784,0.3628333333333334,0.35683946407718053,0.3560416666666667
task003_nosolution__truth__q12__qc6__lc0.5__gateoff,,task003_nosolution,truth,12,6,1.0,persistent,continuous,poisson,poisson,0.5,always,True,1000,0.7665877284034611,0.23340586134012858,0.7665416666666668,0.23345833333333335,1.0,0.0,0.7634208645521146,0.2365727251914752,0.7629166666666667,0.2370833333333333,1.0,0.0,15.046,89.782,0.0,960.537,task003_nosolution__silent__q12,0.2666195465852794,0.26679166666666665,0.26345268273393274,0.2615
task003_nosolution__truth__q12__qc6__lc0.5__gateon,,task003_nosolution,truth,12,6,1.0,persistent,continuous,poisson,poisson,0.5,votes,True,1000,0.84651908330558,0.15346220288135148,0.8472083333333332,0.15275,1.0,0.0,0.8486964099704044,0.15128756438857016,0.8497916666666666,0.1501666666666667,1.0,0.0,6.665,89.782,0.0,960.537,task003_nosolution__silent__q12,0.34655090148739826,0.34745833333333337,0.34872822815222265,0.348375
task003_nosolution__truth__q12__qc6__lc1__gateoff,,task003_nosolution,truth,12,6,1.0,persistent,continuous,poisson,poisson,1.0,always,True,1000,0.758624824213311,0.24137517578668893,0.7573333333333334,0.24266666666666667,1.0,0.0,0.7551112764550264,0.24488872354497354,0.755625,0.244375,1.0,0.0,27.974,166.785,0.533,960.537,task003_nosolution__silent__q12,0.25865664239512925,0.2575833333333334,0.25514309463684465,0.2542083333333333
task003_nosolution__truth__q12__qc6__lc1__gateon,,task003_nosolution,truth,12,6,1.0,persistent,continuous,poisson,poisson,1.0,votes,True,1000,0.8580790329561884,0.14191942383393535,0.85625,0.14375,1.0,0.0,0.855244983565817,0.14475501643418312,0.8579583333333334,0.14204166666666665,1.0,0.0,10.388,180.045,0.003,960.537,task003_nosolution__silent__q12,0.3581108511380065,0.3565,0.3552768017476353,0.35654166666666665
task003_nosolution__truth__q12__qc6__lc2__gateoff,,task003_nosolution,truth,12,6,1.0,persistent,continuous,poisson,poisson,2.0,always,True,1000,0.7665869837704188,0.23341301622958122,0.764875,0.235125,1.0,0.0,0.7633496819591647,0.23665031804083525,0.7645833333333333,0.23541666666666666,1.0,0.0,30.0,177.711,1.0,960.537,task003_nosolution__silent__q12,0.266618801952237,0.265125,0.26338150014098294,0.2631666666666666
task003_nosolution__truth__q12__qc6__lc2__gateon,,task003_nosolution,truth,12,6,1.0,persistent,continuous,poisson,poisson,2.0,votes,True,1000,0.8525819067024593,0.14741114885309647,0.8517083333333333,0.14829166666666668,1.0,0.0,0.8479284339284153,0.15206462162714057,0.8499166666666667,0.15008333333333335,1.0,0.0,16.755,354.373,0.075,960.537,task003_nosolution__silent__q12,0.35261372488427745,0.3519583333333334,0.3479602521102334,0.3485
task003_nosolution__truth__q12__qc6__lc4__gateoff,,task003_nosolution,truth,12,6,1.0,persistent,continuous,poisson,poisson,4.0,always,True,1000,0.78410332032721,0.21589667967279005,0.783625,0.216375,1.0,0.0,0.7802165687138156,0.21978343128618452,0.7803333333333333,0.21966666666666665,1.0,0.0,30.0,175.726,1.0,960.537,task003_nosolution__silent__q12,0.2841351385090282,0.283875,0.28024838689563375,0.2789166666666667
task003_nosolution__truth__q12__qc6__lc4__gateon,,task003_nosolution,truth,12,6,1.0,persistent,continuous,poisson,poisson,4.0,votes,True,1000,0.84340997121163,0.1565900287883702,0.8437916666666666,0.1562083333333333,1.0,0.0,0.836757394770272,0.1632426052297283,0.8367916666666666,0.16320833333333332,1.0,0.0,23.89,627.684,0.403,960.537,task003_nosolution__silent__q12,0.34344178939344816,0.3440416666666667,0.33678921295209013,0.335375
task003_nosolution__truth__q12__qc6__lc8__gateoff,,task003_nosolution,truth,12,6,1.0,persistent,continuous,poisson,poisson,8.0,always,True,1000,0.8065420127395666,0.19345798726043348,0.805,0.195,1.0,0.0,0.8024328747920699,0.1975671252079302,0.8020833333333333,0.19791666666666669,1.0,0.0,30.0,171.83,1.0,960.537,task003_nosolution__silent__q12,0.30657383092138485,0.30525,0.30246469297388806,0.30066666666666675
task003_nosolution__truth__q12__qc6__lc8__gateon,,task003_nosolution,truth,12,6,1.0,persistent,continuous,poisson,poisson,8.0,votes,True,1000,0.8290280381767526,0.17097196182324756,0.8277083333333334,0.17229166666666665,1.0,0.0,0.8233405040881627,0.17665949591183752,0.8244583333333334,0.17554166666666665,1.0,0.0,28.58,864.031,0.827,960.537,task003_nosolution__silent__q12,0.32905985635857077,0.3279583333333333,0.3233723222699808,0.3230416666666666
task003_nosolution__truth__q3__qc12__lc0.5__gateoff,,task003_nosolution,truth,3,12,1.0,persistent,continuous,poisson,poisson,0.5,always,True,1000,0.827059483024225,0.1728520026905079,0.8270416666666668,0.17283333333333334,1.0,0.0,0.7982849566099721,0.20170253557264198,0.8007916666666668,0.19920833333333335,1.0,0.0,15.046,178.736,0.0,960.537,task003_nosolution__silent__q3,0.3286018966500952,0.3279166666666667,0.29837091319606274,0.29925
task003_nosolution__truth__q3__qc12__lc0.5__gateon,,task003_nosolution,truth,3,12,1.0,persistent,continuous,poisson,poisson,0.5,votes,True,1000,0.8568769181081954,0.1427468098755574,0.8565416666666668,0.14329166666666665,1.0,0.0,0.8656735837799991,0.1342270671927086,0.8664166666666666,0.1335,1.0,0.0,6.49,178.736,0.0,960.537,task003_nosolution__silent__q3,0.35841933173406576,0.3574166666666666,0.3657595403660896,0.364875
task003_nosolution__truth__q3__qc12__lc1__gateoff,,task003_nosolution,truth,3,12,1.0,persistent,continuous,poisson,poisson,1.0,always,True,1000,0.8099791313962978,0.18996371158475536,0.80775,0.19216666666666668,1.0,0.0,0.7783112768074847,0.2216775683288605,0.780375,0.219625,1.0,0.0,27.974,331.878,0.533,960.537,task003_nosolution__silent__q3,0.31152154502216794,0.308625,0.27839723339357514,0.2788333333333334
task003_nosolution__truth__q3__qc12__lc1__gateon,,task003_nosolution,truth,3,12,1.0,persistent,continuous,poisson,poisson,1.0,votes,True,1000,0.882813379971863,0.11698122774743333,0.8832916666666667,0.11654166666666665,1.0,0.0,0.8792738706660358,0.1206945706091782,0.87975,0.12025,1.0,0.0,9.503,358.555,0.0,960.537,task003_nosolution__silent__q3,0.3843557935977332,0.3841666666666667,0.37935982725212625,0.37820833333333337
task003_nosolution__truth__q3__qc12__lc2__gateoff,,task003_nosolution,truth,3,12,1.0,persistent,continuous,poisson,poisson,2.0,always,True,1000,0.81556756248369,0.18438827125773197,0.8142083333333334,0.18570833333333334,1.0,0.0,0.7890191055985226,0.21096570819879112,0.7894583333333334,0.21054166666666665,1.0,0.0,30.0,352.404,1.0,960.537,task003_nosolution__silent__q3,0.3171099761095602,0.3150833333333334,0.2891050621846132,0.28791666666666665
task003_nosolution__truth__q3__qc12__lc2__gateon,,task003_nosolution,truth,3,12,1.0,persistent,continuous,poisson,poisson,2.0,votes,True,1000,0.8846579576882898,0.11512971600516156,0.885125,0.11470833333333333,1.0,0.0,0.875696914233403,0.124241972628441,0.8767916666666666,0.12316666666666669,1.0,0.0,14.148,713.088,0.01,960.537,task003_nosolution__silent__q3,0.38620037131415996,0.386,0.3757828708194936,0.37525
task003_nosolution__truth__q3__qc12__lc4__gateoff,,task003_nosolution,truth,3,12,1.0,persistent,continuous,poisson,poisson,4.0,always,True,1000,0.8394851854007652,0.16037485549616667,0.839,0.16083333333333333,1.0,0.0,0.8184452375105229,0.1815370671292818,0.8209583333333332,0.179,1.0,0.0,30.0,345.424,1.0,960.537,task003_nosolution__silent__q3,0.3410275990266354,0.339875,0.3185311940966134,0.3194166666666666
task003_nosolution__truth__q3__qc12__lc4__gateon,,task003_nosolution,truth,3,12,1.0,persistent,continuous,poisson,poisson,4.0,votes,True,1000,0.8763895166688035,0.12347469190401085,0.8765,0.123375,1.0,0.0,0.8631997428520783,0.13674247051447722,0.8648333333333333,0.135,1.0,0.0,21.452,1296.478,0.226,960.537,task003_nosolution__silent__q3,0.37793193029467365,0.377375,0.36328569943816885,0.3632916666666666
task003_nosolution__truth__q3__qc12__lc8__gateoff,,task003_nosolution,truth,3,12,1.0,persistent,continuous,poisson,poisson,8.0,always,True,1000,0.8597780775580391,0.14004847540074605,0.8579583333333333,0.1419166666666667,1.0,0.0,0.8419705641237595,0.15796942126918292,0.8421666666666667,0.1577916666666667,1.0,0.0,30.0,331.166,1.0,960.537,task003_nosolution__silent__q3,0.3613204911839093,0.3588333333333334,0.34205652070985004,0.340625
task003_nosolution__truth__q3__qc12__lc8__gateon,,task003_nosolution,truth,3,12,1.0,persistent,continuous,poisson,poisson,8.0,votes,True,1000,0.8678535041988877,0.1320244789753455,0.8664583333333333,0.1335,1.0,0.0,0.8509428903753764,0.1490021296971438,0.8510416666666667,0.14895833333333333,1.0,0.0,27.547,1437.595,0.688,960.537,task003_nosolution__silent__q3,0.36939591782475795,0.3673333333333333,0.3510288469614669,0.3495
task003_nosolution__truth__q3__qc6__lc0.5__gateoff,,task003_nosolution,truth,3,6,1.0,persistent,continuous,poisson,poisson,0.5,always,True,1000,0.8090255030747235,0.19073849247352984,0.8101666666666666,0.1895,1.0,0.0,0.7945359508836383,0.20544070234821446,0.7971666666666666,0.20279166666666668,1.0,0.0,15.046,89.781,0.0,960.537,task003_nosolution__silent__q3,0.31056791670059375,0.31104166666666666,0.2946219074697288,0.295625
task003_nosolution__truth__q3__qc6__lc0.5__gateon,,task003_nosolution,truth,3,6,1.0,persistent,continuous,poisson,poisson,0.5,votes,True,1000,0.8238441975158461,0.17510001329404282,0.82475,0.17404166666666668,1.0,0.0,0.8385383410604603,0.1611809511288254,0.8389583333333334,0.1607916666666667,1.0,0.0,8.4,89.781,0.0,960.537,task003_nosolution__silent__q3,0.32538661114171635,0.325625,0.3386242976465508,0.33741666666666664
task003_nosolution__truth__q3__qc6__lc1__gateoff,,task003_nosolution,truth,3,6,1.0,persistent,continuous,poisson,poisson,1.0,always,True,1000,0.815833992500786,0.18407006336459966,0.8149999999999998,0.1849583333333333,1.0,0.0,0.7869721898943899,0.21301659215689228,0.786,0.2139583333333333,1.0,0.0,27.974,166.784,0.533,960.537,task003_nosolution__silent__q3,0.3173764061266562,0.315875,0.2870581464804803,0.28445833333333337
task003_nosolution__truth__q3__qc6__lc1__gateon,,task003_nosolution,truth,3,6,1.0,persistent,continuous,poisson,poisson,1.0,votes,True,1000,0.8655001333419539,0.13396460921362544,0.8645416666666668,0.1350833333333333,1.0,0.0,0.8648189257601707,0.13510014774895665,0.8644166666666666,0.13545833333333332,1.0,0.0,13.331,180.122,0.0,960.537,task003_nosolution__silent__q3,0.36704254696782407,0.3654166666666666,0.3649048823462613,0.362875
task003_nosolution__truth__q3__qc6__lc2__gateoff,,task003_nosolution,truth,3,6,1.0,persistent,continuous,poisson,poisson,2.0,always,True,1000,0.8219988205314565,0.17791005435008114,0.8220416666666668,0.17783333333333332,1.0,0.0,0.7966288618923404,0.20335600278002428,0.7986666666666666,0.20129166666666667,1.0,0.0,30.0,177.707,1.0,960.537,task003_nosolution__silent__q3,0.32354123415732666,0.32291666666666663,0.29671481847843095,0.297125
task003_nosolution__truth__q3__qc6__lc2__gateon,,task003_nosolution,truth,3,6,1.0,persistent,continuous,poisson,poisson,2.0,votes,True,1000,0.8725860899395719,0.12724262997009983,0.8688333333333333,0.131,1.0,0.0,0.8601916040396991,0.1397510347452516,0.86,0.13995833333333332,1.0,0.0,20.856,349.463,0.118,960.537,task003_nosolution__silent__q3,0.3741285035654419,0.3697083333333333,0.36027756062578964,0.3584583333333334
task003_nosolution__truth__q3__qc6__lc4__gateoff,,task003_nosolution,truth,3,6,1.0,persistent,continuous,poisson,poisson,4.0,always,True,1000,0.8397911501348642,0.16008223807800653,0.8402083333333333,0.15954166666666666,1.0,0.0,0.8186340128929178,0.18131417470651978,0.8193333333333332,0.180625,1.0,0.0,30.0,175.717,1.0,960.537,task003_nosolution__silent__q3,0.34133356376073437,0.3410833333333333,0.3187199694790083,0.3177916666666667
task003_nosolution__truth__q3__qc6__lc4__gateon,,task003_nosolution,truth,3,6,1.0,persistent,continuous,poisson,poisson,4.0,votes,True,1000,0.8630565711822924,0.13686060655631088,0.8623333333333334,0.13758333333333334,1.0,0.0,0.8454180232513177,0.15455636439807,0.844875,0.155125,1.0,0.0,27.787,509.734,0.655,960.537,task003_nosolution__silent__q3,0.36459898480816255,0.36320833333333336,0.3455039798374082,0.3433333333333333
task003_nosolution__truth__q3__qc6__lc8__gateoff,,task003_nosolution,truth,3,6,1.0,persistent,continuous,poisson,poisson,8.0,always,True,1000,0.854570304728021,0.14500705202655298,0.85575,0.143875,1.0,0.0,0.8365938321205484,0.1631464528195508,0.836375,0.16320833333333332,1.0,0.0,30.0,171.799,1.0,960.537,task003_nosolution__silent__q3,0.3561127183538912,0.356625,0.336679788706639,0.33483333333333337
task003_nosolution__truth__q3__qc6__lc8__gateon,,task003_nosolution,truth,3,6,1.0,persistent,continuous,poisson,poisson,8.0,votes,True,1000,0.8536273246264534,0.14607228960199478,0.8560416666666667,0.14366666666666666,1.0,0.0,0.8369705413850353,0.16289904304670977,0.83675,0.16316666666666668,1.0,0.0,29.849,401.538,0.972,960.537,task003_nosolution__silent__q3,0.3551697382523235,0.35691666666666666,0.33705649797112597,0.3352083333333334
task003_nosolution__truth__q6__qc12__lc0.5__gateoff,,task003_nosolution,truth,6,12,1.0,persistent,continuous,poisson,poisson,0.5,always,True,1000,0.7767676949478525,0.22322742389764846,0.7781666666666668,0.22183333333333333,1.0,0.0,0.7613323516761017,0.2386676483238983,0.7624166666666667,0.2375833333333333,1.0,0.0,15.046,178.743,0.0,960.537,task003_nosolution__silent__q6,0.27630089860015894,0.27758333333333335,0.26130442959817957,0.261
task003_nosolution__truth__q6__qc12__lc0.5__gateon,,task003_nosolution,truth,6,12,1.0,persistent,continuous,poisson,poisson,0.5,votes,True,1000,0.8598443121679679,0.13998615276465698,0.8610416666666666,0.1388333333333333,1.0,0.0,0.8616584266018134,0.1382997076076651,0.8623333333333334,0.1375833333333333,1.0,0.0,5.103,178.743,0.0,960.537,task003_nosolution__silent__q6,0.35937751582027433,0.3604583333333334,0.36163050452389134,0.36091666666666666
task003_nosolution__truth__q6__qc12__lc1__gateoff,,task003_nosolution,truth,6,12,1.0,persistent,continuous,poisson,poisson,1.0,always,True,1000,0.7638988232209054,0.23609797165088942,0.762375,0.237625,1.0,0.0,0.755342346812514,0.24465765318748592,0.7560416666666667,0.2439583333333333,1.0,0.0,27.974,331.891,0.533,960.537,task003_nosolution__silent__q6,0.26343202687321193,0.26179166666666664,0.25531442473459204,0.254625
task003_nosolution__truth__q6__qc12__lc1__gateon,,task003_nosolution,truth,6,12,1.0,persistent,continuous,poisson,poisson,1.0,votes,True,1000,0.8758367565216812,0.12411062499962537,0.875,0.12495833333333332,1.0,0.0,0.8746991931111452,0.12530080688885517,0.8762083333333334,0.12379166666666666,1.0,0.0,7.152,358.566,0.0,960.537,task003_nosolution__silent__q6,0.37536996017398766,0.3744166666666667,0.37467127103322295,0.3747916666666667
task003_nosolution__truth__q6__qc12__lc2__gateoff,,task003_nosolution,truth,6,12,1.0,persistent,continuous,poisson,poisson,2.0,always,True,1000,0.7697018375858452,0.2302943358835426,0.767875,0.232125,1.0,0.0,0.7624746342324131,0.23752536576758695,0.7627083333333332,0.23729166666666668,1.0,0.0,30.0,352.446,1.0,960.537,task003_nosolution__silent__q6,0.2692350412381517,0.2672916666666667,0.26244671215449095,0.2612916666666667
task003_nosolution__truth__q6__qc12__lc2__gateon,,task003_nosolution,truth,6,12,1.0,persistent,continuous,poisson,poisson,2.0,votes,True,1000,0.8791153401304794,0.12088234505470599,0.878625,0.121375,1.0,0.0,0.8747900038021662,0.12520768138301916,0.8744166666666667,0.12558333333333332,1.0,0.0,10.497,713.617,0.006,960.537,task003_nosolution__silent__q6,0.3786485437827859,0.37804166666666666,0.3747620817242442,0.373
task003_nosolution__truth__q6__qc12__lc4__gateoff,,task003_nosolution,truth,6,12,1.0,persistent,continuous,poisson,poisson,4.0,always,True,1000,0.789548382123091,0.21043860505639633,0.7899583333333333,0.21004166666666665,1.0,0.0,0.7811332809196486,0.2188667190803514,0.7808333333333334,0.21916666666666668,1.0,0.0,30.0,345.502,1.0,960.537,task003_nosolution__silent__q6,0.2890815857753974,0.289375,0.28110535884172655,0.2794166666666667
task003_nosolution__truth__q6__qc12__lc4__gateon,,task003_nosolution,truth,6,12,1.0,persistent,continuous,poisson,poisson,4.0,votes,True,1000,0.8698353159427281,0.13014191166369005,0.8691666666666668,0.1307916666666667,1.0,0.0,0.8630705249240794,0.13692716026110596,0.86225,0.13770833333333335,1.0,0.0,15.983,1382.111,0.119,960.537,task003_nosolution__silent__q6,0.36936851959503464,0.3685833333333334,0.36304260284615736,0.36083333333333334
task003_nosolution__truth__q6__qc12__lc8__gateoff,,task003_nosolution,truth,6,12,1.0,persistent,continuous,poisson,poisson,8.0,always,True,1000,0.8294978501477435,0.17048291908302587,0.8285833333333333,0.171375,1.0,0.0,0.8211204464324756,0.17887955356752444,0.8192916666666668,0.18070833333333333,1.0,0.0,30.0,331.449,1.0,960.537,task003_nosolution__silent__q6,0.32903105380004993,0.328,0.3210925243545536,0.317875
task003_nosolution__truth__q6__qc12__lc8__gateon,,task003_nosolution,truth,6,12,1.0,persistent,continuous,poisson,poisson,8.0,votes,True,1000,0.8586148289223143,0.14138517107768575,0.8575833333333334,0.14241666666666666,1.0,0.0,0.8507609504539368,0.1492390495460633,0.849875,0.150125,1.0,0.0,22.704,2311.223,0.395,960.537,task003_nosolution__silent__q6,0.3581480325746209,0.357,0.35073302837601483,0.34845833333333337
task003_nosolution__truth__q6__qc6__lc0.5__gateoff,,task003_nosolution,truth,6,6,1.0,persistent,continuous,poisson,poisson,0.5,always,True,1000,0.7799890038286302,0.22000547622834987,0.7802083333333333,0.2197916666666667,1.0,0.0,0.7679084154298236,0.2320883794419714,0.769625,0.230375,1.0,0.0,15.046,89.782,0.0,960.537,task003_nosolution__silent__q6,0.27952220748093676,0.279625,0.26788049335190145,0.2682083333333334
task003_nosolution__truth__q6__qc6__lc0.5__gateon,,task003_nosolution,truth,6,6,1.0,persistent,continuous,poisson,poisson,0.5,votes,True,1000,0.8372513736676462,0.16244742980791033,0.837125,0.162625,1.0,0.0,0.8412526568460104,0.15860218186366723,0.8434166666666667,0.156375,1.0,0.0,7.089,89.782,0.0,960.537,task003_nosolution__silent__q6,0.3367845773199527,0.33654166666666663,0.3412247347680883,0.342
task003_nosolution__truth__q6__qc6__lc1__gateoff,,task003_nosolution,truth,6,6,1.0,persistent,continuous,poisson,poisson,1.0,always,True,1000,0.7691382679296359,0.230861732070364,0.7675416666666668,0.23245833333333332,1.0,0.0,0.7582760776508394,0.24172392234916054,0.7590833333333333,0.2409166666666667,1.0,0.0,27.974,166.785,0.533,960.537,task003_nosolution__silent__q6,0.26867147158194243,0.26695833333333335,0.2582481555729174,0.2576666666666667
task003_nosolution__truth__q6__qc6__lc1__gateon,,task003_nosolution,truth,6,6,1.0,persistent,continuous,poisson,poisson,1.0,votes,True,1000,0.8627054891228718,0.1371826808523146,0.8595,0.14020833333333332,1.0,0.0,0.859067156638193,0.14093015518976432,0.8605,0.1395,1.0,0.0,11.355,180.123,0.001,960.537,task003_nosolution__silent__q6,0.36223869277517823,0.3589166666666666,0.35903923456027087,0.35908333333333337
task003_nosolution__truth__q6__qc6__lc2__gateoff,,task003_nosolution,truth,6,6,1.0,persistent,continuous,poisson,poisson,2.0,always,True,1000,0.7749065662370442,0.22509343376295582,0.7743333333333333,0.22566666666666665,1.0,0.0,0.7663642709521831,0.23363572904781693,0.76675,0.23325,1.0,0.0,30.0,177.711,1.0,960.537,task003_nosolution__silent__q6,0.2744397698893507,0.27375,0.26633634887426105,0.2653333333333333
task003_nosolution__truth__q6__qc6__lc2__gateon,,task003_nosolution,truth,6,6,1.0,persistent,continuous,poisson,poisson,2.0,votes,True,1000,0.8631644451488224,0.13681031329166204,0.8621666666666666,0.13779166666666667,1.0,0.0,0.8557941538469965,0.14419783333249095,0.8565833333333334,0.14341666666666666,1.0,0.0,17.6,353.929,0.072,960.537,task003_nosolution__silent__q6,0.36269764880112887,0.36158333333333337,0.35576623176907435,0.3551666666666667
task003_nosolution__truth__q6__qc6__lc4__gateoff,,task003_nosolution,truth,6,6,1.0,persistent,continuous,poisson,poisson,4.0,always,True,1000,0.7985580223892159,0.20144197761078406,0.7960416666666666,0.20395833333333335,1.0,0.0,0.7902404303365897,0.2097595696634104,0.7913333333333332,0.2086666666666667,1.0,0.0,30.0,175.726,1.0,960.537,task003_nosolution__silent__q6,0.29809122604152255,0.2954583333333334,0.2902125082586676,0.28991666666666666
task003_nosolution__truth__q6__qc6__lc4__gateon,,task003_nosolution,truth,6,6,1.0,persistent,continuous,poisson,poisson,4.0,votes,True,1000,0.8469344828160665,0.15305656803383275,0.8432083333333332,0.1567916666666667,1.0,0.0,0.8352859416132788,0.16471405838672135,0.83775,0.16225,1.0,0.0,25.399,613.056,0.477,960.537,task003_nosolution__silent__q6,0.346467686468373,0.342625,0.3352580195353568,0.3363333333333334
task003_nosolution__truth__q6__qc6__lc8__gateoff,,task003_nosolution,truth,6,6,1.0,persistent,continuous,poisson,poisson,8.0,always,True,1000,0.8199031324249599,0.18007999374297812,0.8195416666666666,0.18041666666666667,1.0,0.0,0.8120783734507367,0.18791207051887393,0.8134166666666668,0.18654166666666666,1.0,0.0,30.0,171.828,1.0,960.537,task003_nosolution__silent__q6,0.31943633607726646,0.31895833333333334,0.31205045137281473,0.312
task003_nosolution__truth__q6__qc6__lc8__gateon,,task003_nosolution,truth,6,6,1.0,persistent,continuous,poisson,poisson,8.0,votes,True,1000,0.8338876788205922,0.16610425666327888,0.834375,0.165625,1.0,0.0,0.8233757447043675,0.17662156712358978,0.8244166666666666,0.17558333333333334,1.0,0.0,29.314,711.599,0.902,960.537,task003_nosolution__silent__q6,0.3334208824728987,0.33379166666666665,0.3233478226264453,0.323
