rho,h,K_A2,I_assigned,EP_A2,EP_silent,K_A0,I_target_confounded,C_pi,eta_ctl_confounded
0.75,1,0.42526845718515277,0.06989051474586021,0.550718747198413,0.15071078053103013,0.26307192725250755,0.0033157820694822305,0.34417019221883016,0.006677873461370264
0.75,2,0.730065800376651,0.12238481092445731,0.37569529483064595,0.09403159713878806,0.4321518456690776,0.007327410389387539,0.5811088230228643,0.008740142381231384
0.75,3,0.9951704744873595,0.16494267007187374,0.2820841788081198,0.06661379834186872,0.5825709273068513,0.011035912869521023,0.7888707008971054,0.009696787929523396
0.75,4,1.2319686611285154,0.19814642417566958,0.2237756209819692,0.05097586508083719,0.7208037453591207,0.014195022234297298,0.9763862032438181,0.010077200606686475
0.75,5,1.4484068111118003,0.22362994928486668,0.1842961678009693,0.041082958061568794,0.8509126533389813,0.016731422669689716,1.1496597322253908,0.010087626908357718
0.75,6,1.6501110821742218,0.24297125566478714,0.15603628746116918,0.034338039459056356,0.9754883098770722,0.01866631455031526,1.312799696025647,0.009855656838713448
0.75,7,1.8411071695712735,0.2575172289372358,0.13496121860243165,0.029471922197022025,1.0962136747242153,0.020072953570974345,1.4686604221477444,0.009473606671367004
0.75,8,2.0242975762351088,0.26837064970103297,0.11873168580647707,0.0258050078053194,1.2142044182468739,0.021046699570784273,1.6192509972409912,0.009009387977798568
0.75,9,2.2017862941931576,0.2764133221152475,0.1059024314056895,0.02294599681885144,1.3302160815777324,0.021684795434570907,1.7660011878854451,0.008511180467828198
0.75,10,2.375104250988529,0.2823376755116953,0.09553681589267814,0.020655655382026586,1.444771449836685,0.022074625269759587,1.909937850412607,0.008011236734402476
0.75,11,2.545368321773795,0.28667913373314147,0.08700457653428932,0.018780191638400032,1.558239859252116,0.0222885298350522,2.0518040905129555,0.007529584176884214
0.75,12,2.7133947927101216,0.2898463016551505,0.07986836988012494,0.01721648522085955,1.6708873226201706,0.02238294643302676,2.192141057665146,0.007077407796559177
0.75,13,2.879781005577677,0.29214757012916504,0.0738167120380251,0.015892894055913407,1.782908765170777,0.022399919939639485,2.331344885374227,0.006659864633643558
0.75,14,3.0449644584754982,0.2938135775338602,0.0686226677737458,0.014758127327546585,1.894449161520913,0.02236959231182371,2.469706809998206,0.006278243141430742
1.0,1,0.12393302900478571,0.0035840923680149515,0.20387758985153695,1.1980083271848467,0.09582765995393193,0.002815925393355738,0.10988034447935882,0.017763420348926397
1.0,2,0.2268811373450066,0.01796054558402567,0.15323522091347452,1.001185594359847,0.17939416963201799,0.0007326170289234523,0.2031376534885123,0.002499838997388105
1.0,3,0.3372017030736085,0.035802401108201556,0.1257729374864659,0.8642660886173014,0.27190889775454813,0.00010829446491262626,0.3045553004140783,0.0002464708475681644
1.0,4,0.4542173487805038,0.05351803663029313,0.10733479566952864,0.7621850463145241,0.3728392687804669,0.00020345985091877106,0.41352830878048535,0.0003410349884809341
1.0,5,0.5774958133854056,0.07019938857578593,0.09384849384975694,0.6833089317332154,0.48174722808960646,0.0006440544614049371,0.529621520737506,0.0008429123752906289
1.0,6,0.7067389400254265,0.08554707232729566,0.08347946288267839,0.6209317237038003,0.5982585886860696,0.0012144505198970455,0.652498764355748,0.001290106586833694
1.0,7,0.841717321176618,0.09940316015153797,0.07523150057905448,0.5707342605811747,0.7220418410035135,0.0017920682489339947,0.7818795810900658,0.0015886935586523643
1.0,8,0.9822329345118662,0.1116695516508941,0.06850420943783522,0.5297516306488974,0.852793735863175,0.002313728658547906,0.9175133351875207,0.0017479358988558475
1.0,9,1.1280987434769862,0.1223068882088982,0.0629097426818157,0.4958658319710737,0.9902296801098545,0.0027534611360543826,1.0591642117934204,0.0018019432699730644
1.0,10,1.2791284139173313,0.1313381718199468,0.058184425117713066,0.46752269453723755,1.1340775208002953,0.0031071260039556747,1.2066029673588132,0.001784924857263268
1.0,11,1.4351319204440856,0.13884366400708115,0.05414173438820487,0.4435594635884604,1.2840736875630763,0.0033820916671780453,1.3596028040035808,0.0017242442400064164
1.0,12,1.595914457827313,0.14494890548535697,0.050645462248280225,0.42309317438765953,1.4399609512719598,0.0035906994175416446,1.5179377045496363,0.0016396477734543571
1.0,13,1.7612770964890647,0.14980985786671774,0.047593531496617644,0.4054452001013106,1.601487268126871,0.0037464222483418806,1.681382182307968,0.0015444567249194166
1.0,14,1.9310182564180185,0.1535982217151432,0.04490778824208191,0.3900886331853105,1.768405332062796,0.0038618235939251325,1.8497117942404073,0.0014471509260437657
