comparison,profile,rho,budget,horizon,target,T_act_bits,H_U_given_n_bits,eta_IF,n,B_IR_bits,eta_IR,T_assigned_bits,m
full_communication_rho0.75_b3,full_communication,0.75,3,1,0,,,,0,,,0.09130280756966923,60
full_communication_rho0.75_b3,full_communication,0.75,3,1,2,,,,0,,,0.06331753185134743,60
full_communication_rho0.75_b3,full_communication,0.75,3,2,0,0.6083915577336316,0.6417248910669651,0.9480566613554421,60,0.008570962763467001,0.014087905485400528,0.09234193520449242,60
full_communication_rho0.75_b3,full_communication,0.75,3,2,2,0.5270942150906718,0.527094215090672,0.9999999999999996,60,0.023109409078817002,0.043843033023691365,0.15975988456961843,60
full_communication_rho0.75_b3,full_communication,0.75,3,3,0,0.5941914075733871,0.6608580742400538,0.8991210529684012,60,0.02703697855946876,0.04550213654196857,0.1018810630696349,60
full_communication_rho0.75_b3,full_communication,0.75,3,3,2,0.5166077070391605,0.5832743737058272,0.8857027332726778,60,0.046087880640303315,0.08921253015067719,0.11326709052368471,60
full_communication_rho0.75_b3,full_communication,0.75,3,4,0,0.6176898998103381,0.765269116014894,0.8071538324020334,60,0.018482383343769473,0.02992178332435822,0.04254522455529536,60
full_communication_rho0.75_b3,full_communication,0.75,3,4,2,0.4731726587593863,0.5065059920927198,0.934189656482422,60,0.019908812477732928,0.04207515398275957,0.10550433338969323,60
full_communication_rho0.75_b3,full_communication,0.75,3,5,0,0.2918295834054489,0.29182958340544896,0.9999999999999998,60,0.019248921102395827,0.06595945783759913,0.09302336547717813,60
full_communication_rho0.75_b3,full_communication,0.75,3,5,2,0.4601606745739467,0.6186569246460626,0.7438059063788989,60,0.019164004638589152,0.04164633289520603,0.07669432151688245,60
full_communication_rho0.75_b3,full_communication,0.75,3,6,0,0.4401061992761116,0.5608580742400538,0.7847015483773547,60,0.028437381994888867,0.06461481806360098,0.06545563433637275,60
full_communication_rho0.75_b3,full_communication,0.75,3,6,2,0.3349977578351645,0.5284917657424448,0.6338750753562777,60,0.0291052963656708,0.08688206319276932,0.09458592386235389,60
full_communication_rho0.75_b3,full_communication,0.75,3,7,0,0.41989082333184524,0.5182263988300141,0.8102459162246878,60,0.051054832950378014,0.12159073290827484,0.10526749604102405,60
full_communication_rho0.75_b3,full_communication,0.75,3,7,2,0.388070208585738,0.5295739585136224,0.7327970009608309,60,0.011939665121863185,0.03076676554321305,0.06043579354001597,60
full_communication_rho0.75_b3,full_communication,0.75,3,8,0,0.22376536608700945,0.4030134911230674,0.5552304600608983,60,0.03002626695933609,0.13418639123831436,0.05532357264847511,60
full_communication_rho0.75_b3,full_communication,0.75,3,8,2,0.18529455364998462,0.3541536850632698,0.5232037995506997,60,0.0018983180668077754,0.010244867047704146,0.12484543078533437,60
full_communication_rho0.75_b3,full_communication,0.75,3,9,0,0.20441104177484012,0.35806572425606714,0.5708757580735586,60,0.0193361210341368,0.09459430795052472,0.09145636837329442,60
full_communication_rho0.75_b3,full_communication,0.75,3,9,2,0.2135033674011655,0.5143695095815644,0.4150778057876114,60,0.002658343055004712,0.012451059144232496,0.1126988983951627,60
full_communication_rho0.75_b3,full_communication,0.75,3,10,0,0.2060754662766713,0.3186569246460625,0.6467001038987705,60,0.002512268826463843,0.012191013670161684,0.09849737257513866,60
full_communication_rho0.75_b3,full_communication,0.75,3,10,2,0.3186773294723359,0.5234009778082124,0.608858872994134,60,0.007302102303644727,0.02291378026712947,0.11570936501483844,60
full_communication_rho0.75_b3,full_communication,0.75,3,11,0,0.17013679588738564,0.4467358180791734,0.3808443133548627,60,0.013705298814398798,0.08055458399175684,0.10812558031411204,60
full_communication_rho0.75_b3,full_communication,0.75,3,11,2,0.17149359547139179,0.437362596723654,0.39210850849175244,60,0.006012362675901797,0.03505881755744498,0.15733643319955085,60
full_communication_rho0.75_b3,full_communication,0.75,3,12,0,0.19253274911166593,0.4683341058890491,0.41110127725200946,60,0.003044888757898083,0.015814913420947915,0.07143750711823577,60
full_communication_rho0.75_b3,full_communication,0.75,3,12,2,0.08331741368202648,0.3626891654284262,0.22972126444308827,60,0.008301285246407582,0.09963445670659798,0.07515989223539071,60
full_communication_rho0.75_b3,full_communication,0.75,3,13,0,0.04918944922052055,0.3681793852538927,0.13360185602624117,60,0.0011055134412942251,0.02247460499787491,0.1021464295594178,60
full_communication_rho0.75_b3,full_communication,0.75,3,13,2,0.15410846035422926,0.3970325049889028,0.3881507393419505,60,0.0015108756276038665,0.009803975876022714,0.05928774417926461,60
full_communication_rho0.75_b3,full_communication,0.75,3,14,0,0.31062756305880684,0.43390491415667715,0.7158885574332156,60,0.0150875553412759,0.04857120595708238,0.06411244594619311,60
full_communication_rho0.75_b3,full_communication,0.75,3,14,2,0.04511712628831995,0.5004277744964896,0.09015711874448816,60,0.0004887313626734869,0.010832502042578254,0.1103098077085646,60
full_communication_rho0.75_b3,full_communication,0.75,3,15,0,0.16980013330681623,0.39231394720132834,0.4328169684461356,60,0.010607432958170604,0.06247010972013644,0.051207058166069214,60
full_communication_rho0.75_b3,full_communication,0.75,3,15,2,0.14488134636307584,0.5101504623779698,0.2839972852082479,60,0.0026766465727320592,0.018474749440996526,0.08996009840873019,60
full_communication_rho0.75_b12,full_communication,0.75,12,1,0,,,,0,,,0.13431517742186447,53
full_communication_rho0.75_b12,full_communication,0.75,12,1,2,,,,0,,,0.13446830682738845,53
full_communication_rho0.75_b12,full_communication,0.75,12,2,0,0.7172832534151601,0.7550191024717642,0.9500200075295243,53,0.01709754771047642,0.023836535467781847,0.1858999748923305,53
full_communication_rho0.75_b12,full_communication,0.75,12,2,2,0.5882535277152304,0.663725225828438,0.8862907492795584,53,0.019161863887400748,0.032574158903602664,0.1828489931902802,53
full_communication_rho0.75_b12,full_communication,0.75,12,3,0,0.5829546594762219,0.7623843765389943,0.7646466499256823,53,0.04518130060492865,0.0775039702839386,0.19240220010090917,53
full_communication_rho0.75_b12,full_communication,0.75,12,3,2,0.4931880280644836,0.545167037539266,0.9046548930958824,53,0.008491352552073181,0.017217272254960232,0.14057136985353613,53
full_communication_rho0.75_b12,full_communication,0.75,12,4,0,0.3353667454871197,0.4108384436003273,0.8162983545263643,53,0.0351744035482439,0.1048833971214204,0.09132443513558365,53
full_communication_rho0.75_b12,full_communication,0.75,12,4,2,0.6183188666635278,0.6937905647767355,0.8912183273384601,53,0.042541488192754016,0.06880186015074959,0.19360089502896355,53
full_communication_rho0.75_b12,full_communication,0.75,12,5,0,0.31801420702402533,0.3699932164988078,0.8595136149612356,53,0.04779960999947092,0.15030652387130541,0.18723196998561378,53
full_communication_rho0.75_b12,full_communication,0.75,12,5,2,0.34461627370736614,0.45782382087717755,0.7527268306989598,53,0.025672958626930333,0.07449723238761134,0.1502852807923228,53
full_communication_rho0.75_b12,full_communication,0.75,12,6,0,0.24065825475780125,0.2926372642325837,0.822377339362118,53,0.0577380665054846,0.23991724931102928,0.13987581807760363,53
full_communication_rho0.75_b12,full_communication,0.75,12,6,2,0.3111363206730766,0.5140587263742742,0.6052544285505339,53,0.013817478545551126,0.044409725343733504,0.10910893120955098,53
full_communication_rho0.75_b12,full_communication,0.75,12,7,0,0.20292240570119746,0.3161299528710088,0.6418955364979171,53,0.017231263107325423,0.08491552742923025,0.2122789984538395,53
full_communication_rho0.75_b12,full_communication,0.75,12,7,2,0.447836556481313,0.6222726413461533,0.7196790067975907,53,0.011785529589844619,0.02631658675308789,0.07123645282720203,53
full_communication_rho0.75_b12,full_communication,0.75,12,8,0,0.3211235850689409,0.39659528318214854,0.8097009689382892,53,0.029298063874349252,0.09123610110437498,0.18680654103166663,53
full_communication_rho0.75_b12,full_communication,0.75,12,8,2,0.31564256515472755,0.5043218104377465,0.6258753014880575,53,0.030174183276574926,0.09559605264829724,0.10168522966077281,53
full_communication_rho0.75_b12,full_communication,0.75,12,9,0,0.0897148585313862,0.16518655664459372,0.5431123473589423,53,0.02013019700828865,0.2243797442008586,0.20654661525326432,53
full_communication_rho0.75_b12,full_communication,0.75,12,9,2,0.3754742364130213,0.6472925752161665,0.5800688139943979,53,0.04586967853947267,0.12216464963794765,0.06940930206399246,53
full_communication_rho0.75_b12,full_communication,0.75,12,10,0,0.2942193970459113,0.36969109515911885,0.7958519988675309,53,0.01869563886072628,0.06354318936289889,0.11703600916940343,53
full_communication_rho0.75_b12,full_communication,0.75,12,10,2,0.26993719935151606,0.43968177335811304,0.6139376606172323,53,0.05035941323300454,0.18655973816867602,0.2067379937073841,53
full_communication_rho0.75_b12,full_communication,0.75,12,11,0,0.24114564247408252,0.39208903870049766,0.6150277581676665,53,0.01860659732053275,0.07715916874812498,0.18113178840190103,53
full_communication_rho0.75_b12,full_communication,0.75,12,11,2,0.37498684869673987,0.6818672733475023,0.5499411151613286,53,0.030364013465469037,0.08097354232821398,0.10623179192669906,53
full_communication_rho0.75_b12,full_communication,0.75,12,12,0,0.41035105588404597,0.653683073850834,0.6277523042881867,53,0.02631214397113456,0.06412105828373854,0.1648017946675792,53
full_communication_rho0.75_b12,full_communication,0.75,12,12,2,0.22611297299993377,0.3562374437969104,0.6347254533098432,53,0.05066806368113259,0.22408295733278175,0.1140473665610273,53
full_communication_rho0.75_b12,full_communication,0.75,12,13,0,0.2844824811093836,0.46628384004145385,0.6101058125541996,53,0.032130682564942586,0.1129443276775568,0.16486955624272434,53
full_communication_rho0.75_b12,full_communication,0.75,12,13,2,0.2609897924709585,0.5024375562847299,0.5194472212643602,53,0.0072347450966096,0.027720413998239577,0.10523593054884134,53
full_communication_rho0.75_b12,full_communication,0.75,12,14,0,0.1551992922487294,0.34887216972968044,0.4448600539532396,53,0.019227584948884737,0.12388964324701779,0.22079456365722896,53
full_communication_rho0.75_b12,full_communication,0.75,12,14,2,0.1527758774990794,0.39580577412617846,0.385986985248922,53,0.004953062141041408,0.032420446356600074,0.148730591769865,53
full_communication_rho0.75_b12,full_communication,0.75,12,15,0,0.20980029205214618,0.4269658581715224,0.4913748676547912,53,0.00845150219885846,0.040283557835838604,0.19845546417679688,53
full_communication_rho0.75_b12,full_communication,0.75,12,15,2,0.1991856851735757,0.44483757212930924,0.44777172085561756,53,0.006301340766606565,0.03163551015784798,0.11870245590445541,53
full_communication_rho0.75_b18,full_communication,0.75,18,1,0,,,,0,,,0.07158554995087082,49
full_communication_rho0.75_b18,full_communication,0.75,18,1,2,,,,0,,,0.09252088768480779,49
full_communication_rho0.75_b18,full_communication,0.75,18,2,0,0.3980748244564752,0.4951133449087909,0.8040074632401758,49,0.0306524053298377,0.07700161740117574,0.14061316852355313,49
full_communication_rho0.75_b18,full_communication,0.75,18,2,2,0.5129679165258625,0.635416896117699,0.8072934787538996,49,0.03566049349226815,0.0695179802545609,0.15447282603672907,49
full_communication_rho0.75_b18,full_communication,0.75,18,3,0,0.5883453351696011,0.629161661700213,0.9351258523599291,49,0.017266630100917175,0.029347781088363282,0.15575544868032903,49
full_communication_rho0.75_b18,full_communication,0.75,18,3,2,0.378149490060833,0.5822311227138941,0.6494834702380794,49,0.03105801824135963,0.08213158832070175,0.10827646270410939,49
full_communication_rho0.75_b18,full_communication,0.75,18,4,0,0.2677431730359948,0.3493758260972194,0.7663471626725857,49,0.02449751721782399,0.09149632814178459,0.13730639999302718,49
full_communication_rho0.75_b18,full_communication,0.75,18,4,2,0.44845241736810404,0.5709013969599407,0.785516412739784,49,0.011257140124220405,0.02510219521234108,0.11782607544616083,49
full_communication_rho0.75_b18,full_communication,0.75,18,5,0,0.49519719401000856,0.4951971940100084,1.0000000000000004,49,0.051162240801895645,0.10331690369162631,0.1803980694389202,49
full_communication_rho0.75_b18,full_communication,0.75,18,5,2,0.18867576526197,0.3827528061666014,0.49294417238013616,49,0.014255797351376767,0.07555711954623885,0.1830830978472457,49
full_communication_rho0.75_b18,full_communication,0.75,18,6,0,0.43640975480110517,0.4364097548011052,0.9999999999999999,49,0.017804092446155755,0.04079673346043792,0.08462656221719905,49
full_communication_rho0.75_b18,full_communication,0.75,18,6,2,0.2448979591836734,0.44897959183673464,0.5454545454545454,49,0.004646360840222104,0.018972640097573597,0.056279877640998,49
full_communication_rho0.75_b18,full_communication,0.75,18,7,0,0.34193647963598905,0.4235691326972137,0.8072743107095594,49,0.02373999991800982,0.06942809946245691,0.13025379284996327,49
full_communication_rho0.75_b18,full_communication,0.75,18,7,2,0.3727482144181716,0.5360135205406206,0.6954082315726282,49,0.019560349430042163,0.05247603790825454,0.12133874749170762,49
full_communication_rho0.75_b18,full_communication,0.75,18,8,0,0.44101307090687375,0.5634620504987106,0.7826846023020373,49,0.03271703135588247,0.0741860808991558,0.0905476984194801,49
full_communication_rho0.75_b18,full_communication,0.75,18,8,2,0.35022978487204415,0.4980892236034021,0.7031466819103692,49,0.01808386384438507,0.051634283049318545,0.10969616236320284,49
full_communication_rho0.75_b18,full_communication,0.75,18,9,0,0.44437627573096633,0.6230474492445066,0.7132302303296596,49,0.031386757345728857,0.07063103738852833,0.15589084121446004,49
full_communication_rho0.75_b18,full_communication,0.75,18,9,2,0.19460421537326208,0.3653088679569413,0.5327114462389672,49,0.0024128406644497134,0.012398707087725443,0.1319773198126182,49
full_communication_rho0.75_b18,full_communication,0.75,18,10,0,0.41560261176735264,0.4972352648285773,0.8358269036099689,49,0.03516826052309456,0.08461992183721204,0.13561087264933822,49
full_communication_rho0.75_b18,full_communication,0.75,18,10,2,0.2628690718619643,0.4569461127665957,0.5752736800197612,49,0.0305953483907659,0.11639006511512273,0.18281951061293022,49
full_communication_rho0.75_b18,full_communication,0.75,18,11,0,0.3901921526278317,0.5380515913591897,0.7251946818745663,49,0.02507064298899307,0.06425204305147993,0.2095282018090564,49
full_communication_rho0.75_b18,full_communication,0.75,18,11,2,0.3514138969157882,0.5554955295688494,0.6326133662831451,49,0.027393126025819135,0.07795117457288134,0.09936986260552855,49
full_communication_rho0.75_b18,full_communication,0.75,18,12,0,0.4489795918367347,0.6022403062107538,0.7455156807117033,49,0.03117803410485951,0.06944198505173255,0.14843022223195987,49
full_communication_rho0.75_b18,full_communication,0.75,18,12,2,0.36530886795694134,0.47235198015768687,0.773382738514167,49,0.01721792801138099,0.04713252133099176,0.1542740866750389,49
full_communication_rho0.75_b18,full_communication,0.75,18,13,0,0.4892687438987161,0.6117177234905531,0.7998276412638091,49,0.014495215186491613,0.029626284873599605,0.11069958835948197,49
full_communication_rho0.75_b18,full_communication,0.75,18,13,2,0.31059757038517594,0.4330465499770128,0.7172382978265576,49,0.019084261656821117,0.061443692663643454,0.17412554112706619,49
full_communication_rho0.75_b18,full_communication,0.75,18,14,0,0.341936479635989,0.5360135205406206,0.6379251017607048,49,0.015430611021412832,0.04512712723088102,0.12842103873510013,49
full_communication_rho0.75_b18,full_communication,0.75,18,14,2,0.27234648914176335,0.3947954687336001,0.689841983281569,49,0.02899256564910465,0.10645470679819659,0.23750222175441457,49
full_communication_rho0.75_b18,full_communication,0.75,18,15,0,0.23185694691734512,0.4105281204308854,0.5647772597745335,49,0.019014457876999243,0.08200943784435202,0.11751517570633344,49
full_communication_rho0.75_b18,full_communication,0.75,18,15,2,0.48182939743748593,0.645094703559935,0.7469126544963482,49,0.029896534795110178,0.06204796750490727,0.245091035437099,49
report_only_rho0.75_b3,report_only,0.75,3,1,0,,,,0,,,0.15517750212511472,59
report_only_rho0.75_b3,report_only,0.75,3,1,2,,,,0,,,0.09396045007837164,59
report_only_rho0.75_b3,report_only,0.75,3,2,0,0.4772495234081323,0.5450461335776239,0.8756130793470969,59,0.01908510266621656,0.039989778365677776,0.09280237980452966,59
report_only_rho0.75_b3,report_only,0.75,3,2,2,0.4191365415796705,0.48693315174916213,0.8607681363941795,59,0.09626576772945616,0.2296763898624614,0.10180278101518302,59
report_only_rho0.75_b3,report_only,0.75,3,3,0,0.3281523796432189,0.44264199832395573,0.7413493994825464,59,0.048826021102517776,0.14879069643073586,0.21673620042178918,59
report_only_rho0.75_b3,report_only,0.75,3,3,2,0.426853339746346,0.6385520684865674,0.6684706867492126,59,0.027985094372684628,0.06556138084643905,0.1344973606048156,59
report_only_rho0.75_b3,report_only,0.75,3,4,0,0.35393134177181773,0.5082263086830082,0.6964049985703759,59,0.020811020757449127,0.058799598400263046,0.1756694503812823,59
report_only_rho0.75_b3,report_only,0.75,3,4,2,0.22765198979740314,0.3438342435647479,0.662098072132637,59,0.017184988592567608,0.07548797885694404,0.11465604440886215,59
report_only_rho0.75_b3,report_only,0.75,3,5,0,0.20689501856814374,0.27709348382367416,0.7466614361086868,59,0.027237672990454327,0.1316497283451183,0.23014539622125355,59
report_only_rho0.75_b3,report_only,0.75,3,5,2,0.3105539660446418,0.5630386601504004,0.551567748405919,59,0.01197723530521967,0.038567323604870515,0.1883989613719714,59
report_only_rho0.75_b3,report_only,0.75,3,6,0,0.17983531671714698,0.424556704814558,0.42358373964603196,59,0.0324481265254526,0.1804324485189328,0.22067210179864707,59
report_only_rho0.75_b3,report_only,0.75,3,6,2,0.3234657894055006,0.6980397804243121,0.46339162677645374,59,0.014293249110199425,0.04418782318980026,0.303299719810427,59
report_only_rho0.75_b3,report_only,0.75,3,7,0,0.23892650360176548,0.4969562401131614,0.48077976352074736,59,0.005835431961524182,0.02442354394994404,0.19356611402175167,59
report_only_rho0.75_b3,report_only,0.75,3,7,2,0.16079131216987627,0.34969380416524337,0.45980600815534145,59,0.00702252710408821,0.043674791935704206,0.34703826896407597,59
report_only_rho0.75_b3,report_only,0.75,3,8,0,0.1250292273555616,0.44285630493349715,0.28232459595294007,59,0.022698387759272843,0.18154465351307447,0.19489945387262414,59
report_only_rho0.75_b3,report_only,0.75,3,8,2,0.3185421613469698,0.4202370766012072,0.7580058473737601,59,0.04731103610380501,0.14852362369787464,0.4529318419974967,59
report_only_rho0.75_b3,report_only,0.75,3,9,0,0.2334544598717872,0.4948642565253789,0.4717545403480047,59,0.0022246585718870325,0.009529304229650662,0.16252214059675157,59
report_only_rho0.75_b3,report_only,0.75,3,9,2,0.22827001736204272,0.2621683224467885,0.8707002250753387,59,0.037568195516094194,0.1645778799609498,0.5215624537947567,59
report_only_rho0.75_b3,report_only,0.75,3,10,0,0.17708123502974887,0.36154749548954535,0.4897869221579753,59,0.015866468908129608,0.08959994493749782,0.2276219523966505,59
report_only_rho0.75_b3,report_only,0.75,3,10,2,0.31126318604407255,0.5613460250637925,0.5544943263982318,59,0.006335909933945231,0.020355474781550663,0.4624016529825548,59
report_only_rho0.75_b3,report_only,0.75,3,11,0,0.188774298260384,0.3790074246022883,0.49807546239621675,59,0.025078991918627842,0.1328517290210523,0.168443885474355,59
report_only_rho0.75_b3,report_only,0.75,3,11,2,0.37523670317657,0.5302408900871912,0.7076721358001402,59,0.02067955205309167,0.05511068580986007,0.40838453051391577,59
report_only_rho0.75_b3,report_only,0.75,3,12,0,0.2075153277409223,0.5562681198039683,0.3730491113063458,59,0.005126825279214187,0.02470576672589169,0.10000980753959476,59
report_only_rho0.75_b3,report_only,0.75,3,12,2,0.44092623368987344,0.6021088608818554,0.7323031802655884,59,0.027361719393964194,0.06205509516861527,0.4570692999104656,59
report_only_rho0.75_b3,report_only,0.75,3,13,0,0.22798961699211273,0.4508606788244515,0.5056764266659046,59,0.022853989482617635,0.10024136091867844,0.15979216834570675,59
report_only_rho0.75_b3,report_only,0.75,3,13,2,0.41815312649249337,0.5537463468314764,0.755134781267914,59,0.009560330313055216,0.022863228103178708,0.5302830760605564,59
report_only_rho0.75_b3,report_only,0.75,3,14,0,0.07100838809732692,0.3997213064428707,0.17764474135550148,59,0.012472593554053881,0.1756495801166258,0.14775706586094314,59
report_only_rho0.75_b3,report_only,0.75,3,14,2,0.25008283901971984,0.3856760593587029,0.6484271785901212,59,0.017482658655216955,0.06990747035560642,0.5223195806119068,59
report_only_rho0.75_b3,report_only,0.75,3,15,0,0.20092409785738452,0.34118699685885356,0.5888972900702464,59,0.00872782857942801,0.04343843606864421,0.10623121676852615,59
report_only_rho0.75_b3,report_only,0.75,3,15,2,0.17780042365547566,0.22449343216672085,0.7920072402092884,59,0.0853538906328405,0.4800544839996049,0.6442529349044699,59
report_only_rho0.75_b12,report_only,0.75,12,1,0,,,,0,,,0.13747580982053237,51
report_only_rho0.75_b12,report_only,0.75,12,1,2,,,,0,,,0.08672311950060478,51
report_only_rho0.75_b12,report_only,0.75,12,2,0,0.3773551470164026,0.37735514701640255,1.0000000000000002,51,0.04865148996263813,0.12892759075185845,0.05429811787703322,51
report_only_rho0.75_b12,report_only,0.75,12,2,2,0.4633868247204127,0.5174042267236181,0.8955992254928759,51,0.060744426614149236,0.13108794504634386,0.20824513619487126,51
report_only_rho0.75_b12,report_only,0.75,12,3,0,0.5638213235718325,0.6962700981240575,0.8097738580055666,51,0.06516981805297704,0.11558594066666977,0.1319188408472408,51
report_only_rho0.75_b12,report_only,0.75,12,3,2,0.41410618585811254,0.4533218721326224,0.9134926226038415,51,0.07490916558461927,0.18089361652348224,0.37498676544594994,51
report_only_rho0.75_b12,report_only,0.75,12,4,0,0.41492665605353257,0.468944058056738,0.8848105630615116,51,0.03036586504260578,0.07318369306860842,0.3175117001185751,51
report_only_rho0.75_b12,report_only,0.75,12,4,2,0.18127671564385356,0.18127671564385356,1.0,51,0.055395148126726114,0.30558336149226434,0.607432902157192,51
report_only_rho0.75_b12,report_only,0.75,12,5,0,0.31449215720211265,0.44694093175433763,0.7036548565101532,51,0.06619756976190973,0.21049036755268577,0.2602299493185791,51
report_only_rho0.75_b12,report_only,0.75,12,5,2,0.24048357855863542,0.2796992648331452,0.8597933880952316,51,0.061392462581038844,0.25528754582330015,0.7173635154577408,51
report_only_rho0.75_b12,report_only,0.75,12,6,0,0.3350228691603985,0.37423855543490836,0.8952120627204304,51,0.015272783349129855,0.04558728598858045,0.21834482968420538,51
report_only_rho0.75_b12,report_only,0.75,12,6,2,0.3748904995836029,0.4533218721326224,0.8269852452076835,51,0.05943394283754808,0.1585368071571895,0.7032892409086581,51
report_only_rho0.75_b12,report_only,0.75,12,7,0,0.49562342965732864,0.4956234296573287,0.9999999999999999,51,0.0870265078758832,0.17558997954566608,0.26794276484446483,51
report_only_rho0.75_b12,report_only,0.75,12,7,2,0.3757109697790228,0.4541423423280425,0.8272978200029495,51,0.09675923530163587,0.25753635928848584,0.7419075690265439,51
report_only_rho0.75_b12,report_only,0.75,12,8,0,0.4857577234475617,0.5493873802678858,0.8841807090849124,51,0.05111565907544131,0.10522871095627433,0.2627350133888798,51
report_only_rho0.75_b12,report_only,0.75,12,8,2,0.27646795039431127,0.27646795039431127,1.0,51,0.1630824255325873,0.5898782310933027,0.759290072556029,51
report_only_rho0.75_b12,report_only,0.75,12,9,0,0.41934944995907497,0.4585651362335848,0.9144817536792983,51,0.03317120950690077,0.07910159297964503,0.3237226969394844,51
report_only_rho0.75_b12,report_only,0.75,12,9,2,0.5073392741358277,0.5073392741358279,0.9999999999999996,51,0.07125811443279692,0.1404545598291673,0.79936869169892,51
report_only_rho0.75_b12,report_only,0.75,12,10,0,0.32541061434327967,0.36462630061778945,0.8924496499345596,51,0.04088452492852974,0.12563980130469915,0.3513309617147013,51
report_only_rho0.75_b12,report_only,0.75,12,10,2,0.3285272059247739,0.3285272059247739,1.0,51,0.07402717609499697,0.22533042853062127,0.7903252750204625,51
report_only_rho0.75_b12,report_only,0.75,12,11,0,0.46166095898365,0.5156783609868554,0.8952498183173091,51,0.03036903276245183,0.06578211168063568,0.3659752261121197,51
report_only_rho0.75_b12,report_only,0.75,12,11,2,0.269320343009992,0.38696740183352146,0.6959768231998447,51,0.04018376132910836,0.14920432998118344,0.7000294064518613,51
report_only_rho0.75_b12,report_only,0.75,12,12,0,0.48684159653549863,0.5800746848132138,0.8392739922657777,51,0.054291896710702406,0.11151860707272915,0.2696594404750177,51
report_only_rho0.75_b12,report_only,0.75,12,12,2,0.3600887838549074,0.3600887838549074,1.0,51,0.03304585863059156,0.09177141891736044,0.6937172665421242,51
report_only_rho0.75_b12,report_only,0.75,12,13,0,0.3463060589266812,0.4935565492076015,0.7016542673431666,51,0.03006588953576578,0.08681883773258277,0.3902168518746036,51
report_only_rho0.75_b12,report_only,0.75,12,13,2,0.5169515289529465,0.5953829015019665,0.8682673413173909,51,0.03874148907289143,0.07494220812415418,0.8061329655802222,51
report_only_rho0.75_b12,report_only,0.75,12,14,0,0.1957106589478004,0.31613633443949246,0.619070437742609,51,0.03283435241317728,0.16776987308562893,0.2306412424699199,51
report_only_rho0.75_b12,report_only,0.75,12,14,2,0.5078457750958847,0.5470614613703946,0.9283157578377498,51,0.05887959846547448,0.11593991985924784,0.7405451622871553,51
report_only_rho0.75_b12,report_only,0.75,12,15,0,0.28321779079555803,0.28321779079555803,1.0,51,0.04837135232365315,0.17079206849180678,0.2042937546076224,51
report_only_rho0.75_b12,report_only,0.75,12,15,2,0.2893115196502641,0.28931151965026414,0.9999999999999998,51,0.04088366480528439,0.14131364300566684,0.7177753689787207,51
report_only_rho0.75_b18,report_only,0.75,18,1,0,,,,0,,,0.22570178205907446,53
report_only_rho0.75_b18,report_only,0.75,18,1,2,,,,0,,,0.09833215775771652,53
report_only_rho0.75_b18,report_only,0.75,18,2,0,0.481105495152199,0.5188413442088029,0.927269001443691,53,0.04548807690976696,0.0945490695245056,0.2612459562522011,53
report_only_rho0.75_b18,report_only,0.75,18,2,2,0.4388891496007553,0.47662499865735924,0.9208269621549334,53,0.0813003113591236,0.18524110571673993,0.33173220298068334,53
report_only_rho0.75_b18,report_only,0.75,18,3,0,0.49695653637051646,0.5724282344837242,0.8681551789958858,53,0.02476930977234303,0.049842004198684585,0.20941645009656948,53
report_only_rho0.75_b18,report_only,0.75,18,3,2,0.525930244923155,0.6014019430363626,0.8745070597341845,53,0.05505999823710161,0.1046906862052525,0.44617489773204716,53
report_only_rho0.75_b18,report_only,0.75,18,4,0,0.6967695640267985,0.6967695640267985,1.0,53,0.07056833381773342,0.10127930016044628,0.2452830188679245,53
report_only_rho0.75_b18,report_only,0.75,18,4,2,0.4993281782398143,0.6267788858278043,0.7966576244513051,53,0.05283017141115384,0.10580250367080403,0.5875794235863452,53
report_only_rho0.75_b18,report_only,0.75,18,5,0,0.29263726423258374,0.29263726423258374,1.0,53,0.08572386280881283,0.29293556660877196,0.36941941498643976,53
report_only_rho0.75_b18,report_only,0.75,18,5,2,0.3965952831821486,0.4343311322387524,0.91311732856428,53,0.05450181265580529,0.13742425834846264,0.725697719091294,53
report_only_rho0.75_b18,report_only,0.75,18,6,0,0.3472642889295417,0.4704591004952174,0.7381391678128925,53,0.013855305807386097,0.03989844694395649,0.3573371927225521,53
report_only_rho0.75_b18,report_only,0.75,18,6,2,0.4077290655554115,0.45970807503019395,0.8869303971409064,53,0.08169260669033757,0.20036002726235694,0.7555323766282217,53
report_only_rho0.75_b18,report_only,0.75,18,7,0,0.2456518869557335,0.28338773601233724,0.8668402183256056,53,0.047458446892668996,0.19319390329462852,0.24265259333901323,53
report_only_rho0.75_b18,report_only,0.75,18,7,2,0.4214848382573088,0.421484838257309,0.9999999999999996,53,0.0565438990005478,0.13415405221771887,0.8619887690274465,53
report_only_rho0.75_b18,report_only,0.75,18,8,0,0.5455497944475055,0.5455497944475055,1.0,53,0.06750064963032315,0.12372958493859038,0.4010621935678662,53
report_only_rho0.75_b18,report_only,0.75,18,8,2,0.31612995287100887,0.44358066045899885,0.712677492620825,53,0.05456180126132921,0.17259295035416075,0.75344474640134,53
report_only_rho0.75_b18,report_only,0.75,18,9,0,0.3980967804269256,0.39809678042692553,1.0000000000000002,53,0.03588015760011097,0.09012923330259666,0.3596478912953741,53
report_only_rho0.75_b18,report_only,0.75,18,9,2,0.3699932164988078,0.4454649146120154,0.8305776826914846,53,0.086003608618521,0.2324464470791132,0.7739796601883624,53
report_only_rho0.75_b18,report_only,0.75,18,10,0,0.26565244064100335,0.26565244064100335,1.0,53,0.04456159871817477,0.16774398387099443,0.3964803336108818,53
report_only_rho0.75_b18,report_only,0.75,18,10,2,0.42933750004082016,0.42933750004082016,1.0,53,0.11900435856335691,0.2771813749137737,0.8521395528546558,53
report_only_rho0.75_b18,report_only,0.75,18,11,0,0.3718774706518242,0.40961331970842807,0.907874458078011,53,0.11009697209682533,0.2960571176948368,0.3663815100310394,53
report_only_rho0.75_b18,report_only,0.75,18,11,2,0.3377383873564174,0.37547423641302125,0.899498166859325,53,0.09613444602374255,0.2846417511974772,0.8099833305888193,53
report_only_rho0.75_b18,report_only,0.75,18,12,0,0.39121889407597676,0.4289547431325806,0.9120283674193096,53,0.017686019973534937,0.04520747908995474,0.3321210256647252,53
report_only_rho0.75_b18,report_only,0.75,18,12,2,0.38612063107000283,0.42385648012660676,0.9109702202846299,53,0.06620701200375856,0.17146717029931346,0.7881317447689387,53
report_only_rho0.75_b18,report_only,0.75,18,13,0,0.6375299112928277,0.6752657603494314,0.944117040619568,53,0.07248172936400718,0.11369149600686762,0.32753397020081465,53
report_only_rho0.75_b18,report_only,0.75,18,13,2,0.5048091981540278,0.618016745323839,0.816821230126231,53,0.05695507971638128,0.11282496421351478,0.7382646077988431,53
report_only_rho0.75_b18,report_only,0.75,18,14,0,0.3291479893972883,0.36688383845389205,0.8971449676943287,53,0.02849875019562311,0.08658339444153354,0.3600726988510635,53
report_only_rho0.75_b18,report_only,0.75,18,14,2,0.33804050869610636,0.4370048954477391,0.7735394093234643,53,0.051980606292422585,0.15377034691174368,0.7671275111826885,53
report_only_rho0.75_b18,report_only,0.75,18,15,0,0.2549014151759799,0.2926372642325837,0.8710490642551528,53,0.052765235291772274,0.20700251999520672,0.29493348120329904,53
report_only_rho0.75_b18,report_only,0.75,18,15,2,0.4578238208771775,0.45782382087717743,1.0000000000000002,53,0.0533764962114611,0.11658741589547097,0.7288852989804068,53
report_only_rho1.00_b3,report_only,1.0,3,1,0,,,,0,,,0.03889067660777708,56
report_only_rho1.00_b3,report_only,1.0,3,1,2,,,,0,,,0.06639201930672765,56
report_only_rho1.00_b3,report_only,1.0,3,2,0,0.3214285714285714,0.39285714285714285,0.8181818181818181,56,0.013075708258769273,0.04067998124950441,0.10973641295887299,56
report_only_rho1.00_b3,report_only,1.0,3,2,2,0.41106339301167627,0.44677767872596197,0.9200625111439562,56,0.003498723325072518,0.00851139601470943,0.08976860593477447,56
report_only_rho1.00_b3,report_only,1.0,3,3,0,0.5272462042023295,0.5629604899166153,0.9365598716890847,56,0.03216927781437996,0.061013768440588104,0.09438691135822105,56
report_only_rho1.00_b3,report_only,1.0,3,3,2,0.2884256071595322,0.5876200268410227,0.4908369251982015,56,0.0015147974395850734,0.00525195198340076,0.09426696896966416,56
report_only_rho1.00_b3,report_only,1.0,3,4,0,0.17695065865654347,0.3806990431961339,0.4648045794151879,56,0.003532239460865963,0.01996171976800576,0.06135347980379105,56
report_only_rho1.00_b3,report_only,1.0,3,4,2,0.2843159356021399,0.6257340691514929,0.45437183241065593,56,0.0059549593985849915,0.02094486679395318,0.0562508985368086,56
report_only_rho1.00_b3,report_only,1.0,3,5,0,0.11685665715505952,0.1865019166173832,0.6265708110378085,56,0.002402214754005455,0.020556935415480065,0.0779304891707371,56
report_only_rho1.00_b3,report_only,1.0,3,5,2,0.23290701115606052,0.6709306721021465,0.3471402051516306,56,0.003179381363344327,0.013650861550122965,0.06841653938932209,56
report_only_rho1.00_b3,report_only,1.0,3,6,0,0.1532890399143295,0.33541429307748416,0.45701403630678955,56,0.00482295611865641,0.031463150407569085,0.04198584785654497,56
report_only_rho1.00_b3,report_only,1.0,3,6,2,0.3235780264982379,0.7048428270995009,0.4590782711513062,56,0.009291218360478049,0.028713996624021826,0.12262336774517235,56
report_only_rho1.00_b3,report_only,1.0,3,7,0,0.14021121226324623,0.4039331751847397,0.34711487165945293,56,0.0001507221339611055,0.0010749649156311766,0.02466634588230112,56
report_only_rho1.00_b3,report_only,1.0,3,7,2,0.28564035249970127,0.5748449463405326,0.49689982371435976,56,0.01017307901349273,0.03561499250531617,0.21071805751439973,56
report_only_rho1.00_b3,report_only,1.0,3,8,0,0.08066784397770414,0.6077307172710215,0.13273616370740365,56,0.0002270081625580775,0.002814109704243744,0.09155591677487115,56
report_only_rho1.00_b3,report_only,1.0,3,8,2,0.26105085776032916,0.5286913505097334,0.49376797541446277,56,0.017591685853976947,0.06738796418791268,0.25235319144544344,56
report_only_rho1.00_b3,report_only,1.0,3,9,0,0.15675840364183943,0.6497074072600755,0.2412753831804316,56,0.0017396062376739015,0.011097371479034338,0.0008602386245755989,56
report_only_rho1.00_b3,report_only,1.0,3,9,2,0.1364771689269959,0.3532444097737392,0.38635337220032023,56,0.0048747806694735205,0.03571865322089974,0.38327733703443145,56
report_only_rho1.00_b3,report_only,1.0,3,10,0,0.18206380610042447,0.18206380610042427,1.000000000000001,56,0.016571899331145293,0.09102248099770258,0.11615623314326574,56
report_only_rho1.00_b3,report_only,1.0,3,10,2,0.3447448727047344,0.6217051406391441,0.5545150750246642,56,0.015448435323569617,0.04481121126578966,0.5048894831020947,56
report_only_rho1.00_b3,report_only,1.0,3,11,0,0.0,0.5967533658215535,0.0,56,0.0,,0.016042608076857715,56
report_only_rho1.00_b3,report_only,1.0,3,11,2,0.3029462954455813,0.4440201263364764,0.6822805487335275,56,0.029990061417981082,0.09899464647313451,0.5425213698662376,56
report_only_rho1.00_b3,report_only,1.0,3,12,0,0.0478252903278771,0.6445786561494307,0.07419620533756847,56,6.061322914845994e-05,0.001267388629173231,0.004913881203008777,56
report_only_rho1.00_b3,report_only,1.0,3,12,2,0.32323625202519396,0.5105616983764987,0.633099296427898,56,0.01335410898395565,0.04131377251248041,0.591760576041314,56
report_only_rho1.00_b3,report_only,1.0,3,13,0,0.05966513961870802,0.6072116479716785,0.0982608614607652,56,0.000434899138549218,0.007288998925142132,0.031841452402188754,56
report_only_rho1.00_b3,report_only,1.0,3,13,2,0.2852530080542339,0.5130188563071529,0.5560283107477987,56,0.026365032903981397,0.09242683568465201,0.59171422498597,56
report_only_rho1.00_b3,report_only,1.0,3,14,0,0.0,0.46243337205679613,0.0,56,0.0,,0.008160200644148324,56
report_only_rho1.00_b3,report_only,1.0,3,14,2,0.20702907220416603,0.39435451855547077,0.5249821225898921,56,0.0040701031969523705,0.019659573187569297,0.4800220676712887,56
report_only_rho1.00_b3,report_only,1.0,3,15,0,0.1274928050664207,0.41319955549979415,0.308550198976398,56,0.0011966799143176199,0.00938625449251178,0.006041078523191459,56
report_only_rho1.00_b3,report_only,1.0,3,15,2,0.28826306510816935,0.5108415195137079,0.5642905952174353,56,0.02055572922774113,0.0713089247837828,0.5904045203626429,56
report_only_rho1.00_b12,report_only,1.0,12,1,0,,,,0,,,0.06470952304329439,55
report_only_rho1.00_b12,report_only,1.0,12,1,2,,,,0,,,0.10052761394402557,55
report_only_rho1.00_b12,report_only,1.0,12,2,0,0.4256347188039468,0.461998355167583,0.9212905501569464,55,0.038448260438761386,0.09033158889576201,0.09395829233114061,55
report_only_rho1.00_b12,report_only,1.0,12,2,2,0.41102005266884445,0.46110891634454393,0.8913730316195562,55,0.05022785322074301,0.12220292634046054,0.11253291617902614,55
report_only_rho1.00_b12,report_only,1.0,12,3,0,0.5072751732707297,0.5729050000786716,0.8854437877153636,55,0.027459384012018032,0.054131141161452276,0.0882991742070871,55
report_only_rho1.00_b12,report_only,1.0,12,3,2,0.6039869263431569,0.6403505627067931,0.9432129235431208,55,0.11037713127409035,0.18274755041863153,0.1667315672829394,55
report_only_rho1.00_b12,report_only,1.0,12,4,0,0.34170886399038575,0.4645250003933579,0.7356092001529047,55,0.03004386884748854,0.08792241587368903,0.08057409035838989,55
report_only_rho1.00_b12,report_only,1.0,12,4,2,0.517534426303821,0.6039869263431568,0.8568636235841013,55,0.06689878045921129,0.12926440649947807,0.31575904288642986,55
report_only_rho1.00_b12,report_only,1.0,12,5,0,0.22682867650855532,0.22682867650855532,1.0,55,0.09121395374391486,0.4021270817602048,0.15979726983871317,55
report_only_rho1.00_b12,report_only,1.0,12,5,2,0.6021711905229775,0.6021711905229774,1.0000000000000002,55,0.06933673238306443,0.11514455270244067,0.5604791703998148,55
report_only_rho1.00_b12,report_only,1.0,12,6,0,0.41348727121912177,0.4134872712191219,0.9999999999999998,55,0.04346815590495781,0.10512574129983912,0.13690314814506827,55
report_only_rho1.00_b12,report_only,1.0,12,6,2,0.32152135264697773,0.35788498901061416,0.8983929544958983,55,0.08799771835051894,0.27369167747666884,0.6547941933767037,55
report_only_rho1.00_b12,report_only,1.0,12,7,0,0.29748369328560975,0.44733379880232327,0.6650150158161149,55,0.014208113423991168,0.04776098234853554,0.15511142283391405,55
report_only_rho1.00_b12,report_only,1.0,12,7,2,0.5617563082225412,0.5981199445861775,0.9392034378843607,55,0.08961350128023297,0.15952380056715332,0.8163660823616385,55
report_only_rho1.00_b12,report_only,1.0,12,8,0,0.18538551827147876,0.3586226659610395,0.5169375387210436,55,0.029331169795330774,0.15821715778455886,0.16419101548921428,55
report_only_rho1.00_b12,report_only,1.0,12,8,2,0.5472702812747249,0.547270281274725,0.9999999999999998,55,0.09166745242180374,0.16749941584309688,0.8520312151678704,55
report_only_rho1.00_b12,report_only,1.0,12,9,0,0.34342634789258913,0.48524642026725684,0.7077359740303532,55,0.017045717284355968,0.049634273517322636,0.22586153431945832,55
report_only_rho1.00_b12,report_only,1.0,12,9,2,0.33542210793696564,0.3717857443006021,0.9021919561976666,55,0.1110358848979037,0.3310332928882856,0.8470098052426325,55
report_only_rho1.00_b12,report_only,1.0,12,10,0,0.32754840831255283,0.3275484083125528,1.0000000000000002,55,0.03768629770094244,0.11505565817001762,0.2546039960368686,55
report_only_rho1.00_b12,report_only,1.0,12,10,2,0.6319070454938811,0.6319070454938813,0.9999999999999997,55,0.08806879707578799,0.1393698609689592,0.8872148003948482,55
report_only_rho1.00_b12,report_only,1.0,12,11,0,0.3859803693018691,0.4926863644230795,0.7834200358961428,55,0.029002591278893826,0.07514006821474219,0.2508783387417276,55
report_only_rho1.00_b12,report_only,1.0,12,11,2,0.5258124461553457,0.5621760825189819,0.935316287023989,55,0.06235177096652464,0.11858177078620058,0.8999678402031784,55
report_only_rho1.00_b12,report_only,1.0,12,12,0,0.5746922497734658,0.6247811134491652,0.91982974101253,55,0.029035791569972505,0.050524070198298195,0.4129118551456507,55
report_only_rho1.00_b12,report_only,1.0,12,12,2,0.4704418723804948,0.4704418723804949,0.9999999999999998,55,0.072666996308665,0.15446540917151122,0.958824318063811,55
report_only_rho1.00_b12,report_only,1.0,12,13,0,0.44251846444371457,0.47888210080735094,0.9240655762611911,55,0.036732009982316,0.08300672838249007,0.38128781777241216,55
report_only_rho1.00_b12,report_only,1.0,12,13,2,0.6129001080826671,0.612900108082667,1.0000000000000002,55,0.07672898249069468,0.12519002930302237,0.8204964690891892,55
report_only_rho1.00_b12,report_only,1.0,12,14,0,0.2855959345801204,0.4525308836554416,0.6311081627692267,55,0.02944380216829327,0.103096012944236,0.28763935005024294,55
report_only_rho1.00_b12,report_only,1.0,12,14,2,0.6021711905229772,0.6385348268866136,0.9430514439737935,55,0.13227121336902758,0.21965715970927122,0.7906179180050611,55
report_only_rho1.00_b12,report_only,1.0,12,15,0,0.3212533402231509,0.3212533402231508,1.0000000000000004,55,0.03220409858213317,0.10024517895989304,0.2761531580203189,55
report_only_rho1.00_b12,report_only,1.0,12,15,2,0.4500888636756994,0.4500888636756994,1.0,55,0.08088961239594748,0.1797192041930425,0.8488678536858284,55
report_only_rho1.00_b18,report_only,1.0,18,1,0,,,,0,,,0.0978592318942173,52
report_only_rho1.00_b18,report_only,1.0,18,1,2,,,,0,,,0.11399215045055824,52
report_only_rho1.00_b18,report_only,1.0,18,2,0,0.5683003650825647,0.606761903544103,0.9366118106016807,52,0.06380335154765186,0.11227047432634024,0.13768336122187397,52
report_only_rho1.00_b18,report_only,1.0,18,2,2,0.42816658666327695,0.428166586663277,0.9999999999999999,52,0.12888499567343376,0.30101600565761283,0.30159926244698054,52
report_only_rho1.00_b18,report_only,1.0,18,3,0,0.5172422490815338,0.5172422490815338,1.0,52,0.09844388371981626,0.1903245218166592,0.1474481140901641,52
report_only_rho1.00_b18,report_only,1.0,18,3,2,0.6093014306843035,0.6093014306843036,0.9999999999999998,52,0.05829090845794513,0.0956684253842616,0.3843205748201343,52
report_only_rho1.00_b18,report_only,1.0,18,4,0,0.42580210480915937,0.42580210480915937,1.0,52,0.04153592493300113,0.09754748617698157,0.15762758237880184,52
report_only_rho1.00_b18,report_only,1.0,18,4,2,0.423076923076923,0.46153846153846145,0.9166666666666667,52,0.0446667735460414,0.10557601019973423,0.5433555902820697,52
report_only_rho1.00_b18,report_only,1.0,18,5,0,0.34807433596365145,0.34807433596365145,1.0,52,0.05810923835662397,0.16694490904003959,0.18543664376220087,52
report_only_rho1.00_b18,report_only,1.0,18,5,2,0.5384615384615387,0.5384615384615383,1.0000000000000007,52,0.07883413558168509,0.14640625179455796,0.5803416653210445,52
report_only_rho1.00_b18,report_only,1.0,18,6,0,0.4246894815212763,0.4631510199828147,0.9169568093297829,52,0.029527712448382586,0.06952776966034487,0.2223267169056668,52
report_only_rho1.00_b18,report_only,1.0,18,6,2,0.4042221155510361,0.5196067309356514,0.7779385667756012,52,0.051380928894264564,0.12711063278717943,0.6787610545787097,52
report_only_rho1.00_b18,report_only,1.0,18,7,0,0.3393988556104722,0.5481441050772673,0.6191781549171819,52,0.020418902542542625,0.06016196638558317,0.21910544985331176,52
report_only_rho1.00_b18,report_only,1.0,18,7,2,0.4712737966668571,0.4712737966668572,0.9999999999999998,52,0.13418774558910895,0.28473415356034765,0.8438573946391588,52
report_only_rho1.00_b18,report_only,1.0,18,8,0,0.24014097365187603,0.41148771403184015,0.583592086623744,52,0.023076031518435316,0.09609368683533294,0.21770590785662824,52
report_only_rho1.00_b18,report_only,1.0,18,8,2,0.3052750573255234,0.30527505732552346,0.9999999999999998,52,0.1273072620475803,0.41702477484699635,0.8673051051944206,52
report_only_rho1.00_b18,report_only,1.0,18,9,0,0.5464790603521069,0.5849405988136454,0.9342471038263634,52,0.055836364948196805,0.10217475654459728,0.22276413727468808,52
report_only_rho1.00_b18,report_only,1.0,18,9,2,0.5674956731601337,0.5674956731601335,1.0000000000000004,52,0.11924830061410001,0.21013076619608162,0.8390228939055902,52
report_only_rho1.00_b18,report_only,1.0,18,10,0,0.2994209058248511,0.29942090582485115,0.9999999999999998,52,0.04585351425841287,0.15314065706966798,0.1860748372927703,52
report_only_rho1.00_b18,report_only,1.0,18,10,2,0.21191442324334364,0.21191442324334375,0.9999999999999994,52,0.064004367920702,0.3020293141972931,0.9472416509494637,52
report_only_rho1.00_b18,report_only,1.0,18,11,0,0.42283838209843283,0.4228383820984327,1.0000000000000002,52,0.01554362874423209,0.036760212417551244,0.26013103940329385,52
report_only_rho1.00_b18,report_only,1.0,18,11,2,0.4470213941891643,0.447021394189164,1.0000000000000007,52,0.09378630956396233,0.20980273155399615,0.9999999999999999,52
report_only_rho1.00_b18,report_only,1.0,18,12,0,0.3787807772424775,0.5317065479181646,0.7123868959777715,52,0.037053088359749034,0.09782198724416631,0.30162293863494327,52
report_only_rho1.00_b18,report_only,1.0,18,12,2,0.5909433837153953,0.5909433837153955,0.9999999999999998,52,0.10237997743018716,0.17324836905102647,1.0,52
report_only_rho1.00_b18,report_only,1.0,18,13,0,0.504914618300271,0.5433761567618096,0.9292174712067862,52,0.03094241767718584,0.06128247540415732,0.3280522175479515,52
report_only_rho1.00_b18,report_only,1.0,18,13,2,0.5575715088402109,0.5575715088402109,1.0,52,0.12888921027733596,0.23116175814907552,0.973510697094582,52
report_only_rho1.00_b18,report_only,1.0,18,14,0,0.26618445838371807,0.4117956453972923,0.6463994006709531,52,0.01710257152527829,0.06425082677300448,0.22950593456131183,52
report_only_rho1.00_b18,report_only,1.0,18,14,2,0.41557000912378494,0.45403154758532316,0.9152888413457428,52,0.08854682103034447,0.21307317440217208,0.9226745771157076,52
report_only_rho1.00_b18,report_only,1.0,18,15,0,0.27647452839668085,0.3851663116556522,0.7178055817193474,52,0.01681059847727085,0.06080342581560098,0.2533231704509598,52
report_only_rho1.00_b18,report_only,1.0,18,15,2,0.5446669999352666,0.5446669999352666,1.0,52,0.08895900483207836,0.16332732631617317,0.8353472213070916,52
