comparison,profile,rho,budget,horizon,m,mi_bits,eta_command,following,following_base,following_gain,mi_bits_alpha0.1,mi_bits_alpha1,p0_given_t0,p0_given_t2,p0_base,p1_given_t0,p1_given_t2,p1_base,p2_given_t0,p2_given_t2,p2_base,resource_lam0,bits_per_resource_lam0,fgain_per_resource_lam0,resource_lam0.1,bits_per_resource_lam0.1,fgain_per_resource_lam0.1,resource_lam1,bits_per_resource_lam1,fgain_per_resource_lam1,posts_t0,posts_t2,senses_t0,senses_t2,eta_budget_t0,eta_budget_t2
full_communication_rho0.75_b3,full_communication,0.75,3,1,60,0.000225726619360175,0.000225726619360175,0.38333333333333325,0.39861111111111114,-0.01527777777777789,0.00022500336049128232,0.00021865110181403923,0.46388888888888863,0.4812500000000001,0.4743055555555556,0.22083333333333333,0.2159722222222222,0.20277777777777775,0.31527777777777766,0.30277777777777787,0.32291666666666674,0.0,,,0.0,,,0.0,,,0.0,0.0,0.0,0.0,,
full_communication_rho0.75_b3,full_communication,0.75,3,2,60,0.0011858739713434705,0.0011858739713434705,0.4135416666666667,0.4159722222222223,-0.0024305555555556024,0.0011803954741713158,0.0011328384573456628,0.532638888888889,0.523611111111111,0.557638888888889,0.15277777777777776,0.1819444444444444,0.1680555555555555,0.3145833333333334,0.29444444444444434,0.2743055555555555,2.025,0.0005856167759720843,-0.0012002743484225199,2.9624999999999995,0.0004002950114239564,-0.0008204406938584313,11.4,0.00010402403257398864,-0.000213206627680316,1.8,2.25,9.5,9.25,-0.33333333333333337,-0.3629629629629629
full_communication_rho0.75_b3,full_communication,0.75,3,3,60,0.0022230685463825142,0.0022230685463825142,0.4527777777777778,0.4215277777777778,0.03125,0.0022113439544872624,0.0021105224475202787,0.5902777777777779,0.5479166666666668,0.5909722222222222,0.10416666666666667,0.13680555555555557,0.15694444444444447,0.3055555555555555,0.31527777777777766,0.2520833333333333,3.725,0.0005967969252033595,0.008389261744966443,5.755,0.0003862847170082562,0.005430060816681147,24.025,9.253146915223785e-05,0.0013007284079084287,3.25,4.2,20.05,20.55,-0.005128205128205144,-0.246031746031746
full_communication_rho0.75_b3,full_communication,0.75,3,4,60,0.00601131196835393,0.00601131196835393,0.4781249999999999,0.4340277777777778,0.04409722222222212,0.005979805926560482,0.005709890681972352,0.6194444444444444,0.5402777777777777,0.632638888888889,0.07986111111111112,0.1229166666666667,0.13194444444444448,0.30069444444444443,0.33680555555555547,0.23541666666666666,5.175000000000001,0.0011616061774596964,0.00852120236178205,8.264166666666666,0.0007273948131516301,0.00533595509394641,36.06666666666666,0.00016667223572145834,0.001222658656808377,4.4,5.95,30.133333333333333,31.65,-0.07196969696969699,-0.3725490196078431
full_communication_rho0.75_b3,full_communication,0.75,3,5,60,0.001877858391194398,0.001877858391194398,0.46458333333333335,0.44201388888888904,0.02256944444444431,0.0018620075915035434,0.0017293375277456719,0.625,0.6055555555555556,0.6520833333333336,0.06319444444444444,0.09027777777777778,0.11597222222222223,0.31180555555555567,0.30416666666666664,0.23194444444444445,6.324999999999999,0.0002968946073034622,0.0035682916117698517,10.454166666666666,0.00017962774567024934,0.0021588946459412655,47.61666666666667,3.943699806498561e-05,0.0004739820324349522,5.35,7.3,40.35,42.233333333333334,-0.12149532710280381,-0.1529680365296803
full_communication_rho0.75_b3,full_communication,0.75,3,6,60,0.00035785723961964926,0.00035785723961964926,0.4770833333333334,0.4437499999999999,0.03333333333333349,0.0003551534964569597,0.0003327012094984953,0.6194444444444446,0.601388888888889,0.6465277777777776,0.05555555555555556,0.06388888888888888,0.1125,0.32499999999999996,0.3347222222222222,0.24097222222222223,7.75,4.617512769285797e-05,0.004301075268817225,12.925833333333333,2.7685428891984987e-05,0.0025788150344916634,59.50833333333333,6.01356515254977e-06,0.0005601456378658478,6.4,9.1,50.86666666666667,52.65,-0.10156250000000003,-0.1190476190476191
full_communication_rho0.75_b3,full_communication,0.75,3,7,60,0.00022293509229143194,0.00022293509229143194,0.4843749999999999,0.4444444444444445,0.039930555555555414,0.00022120471411380804,0.0002070996283272267,0.6291666666666665,0.6138888888888888,0.6493055555555556,0.041666666666666664,0.04652777777777777,0.11111111111111113,0.32916666666666666,0.33958333333333324,0.2395833333333334,9.275,2.4036128548941448e-05,0.00430518119197363,15.535,1.4350504814382487e-05,0.002570360833959151,71.875,3.101705631880792e-06,0.0005555555555555536,7.7,10.85,61.483333333333334,63.71666666666667,-0.06277056277056275,-0.0783410138248848
full_communication_rho0.75_b3,full_communication,0.75,3,8,60,0.0027171096187123163,0.0027171096187123163,0.5083333333333333,0.43923611111111105,0.06909722222222225,0.0027012535500807212,0.0025714135812998883,0.6645833333333332,0.6069444444444446,0.640972222222222,0.030555555555555558,0.04097222222222221,0.12152777777777782,0.304861111111111,0.3520833333333334,0.23750000000000007,10.75,0.0002527543831360294,0.006427648578811372,18.121666666666666,0.00014993707083853488,0.0038129617707471125,84.46666666666667,3.21678328971466e-05,0.0008180413049197583,8.95,12.55,72.28333333333333,75.15,0.06331471135940411,-0.0650730411686587
full_communication_rho0.75_b3,full_communication,0.75,3,9,60,0.0056817234484190585,0.0056817234484190585,0.5170138888888887,0.44895833333333335,0.06805555555555531,0.005635233048591391,0.005264943687217572,0.6854166666666663,0.6069444444444444,0.6527777777777778,0.025,0.04444444444444443,0.10208333333333335,0.28958333333333336,0.3486111111111111,0.24513888888888885,12.4,0.00045820350390476277,0.005488351254480267,20.857499999999998,0.0002724067337130077,0.00326288172386697,96.975,5.8589568944769875e-05,0.000701784537824752,10.15,14.65,83.08333333333333,86.06666666666666,0.077175697865353,-0.0750853242320819
full_communication_rho0.75_b3,full_communication,0.75,3,10,60,0.00726793777092552,0.00726793777092552,0.529861111111111,0.4545138888888888,0.07534722222222223,0.0072368472801006695,0.00697588326522898,0.6937499999999999,0.5979166666666667,0.659722222222222,0.026388888888888892,0.03611111111111111,0.09097222222222223,0.27986111111111106,0.3659722222222221,0.24930555555555556,13.674999999999999,0.0005314762538153945,0.0055098517164330705,23.22666666666667,0.00031291350908117907,0.0032439963643321854,109.19166666666666,6.656128615668644e-05,0.000690045536645552,10.95,16.4,94.03333333333333,97.0,0.07458143074581433,-0.09044715447154472
full_communication_rho0.75_b3,full_communication,0.75,3,11,60,0.011626943191881192,0.011626943191881192,0.5420138888888891,0.4545138888888889,0.08750000000000024,0.011576788496505078,0.011156524551420764,0.7243055555555559,0.61875,0.6701388888888888,0.03125,0.021527777777777778,0.09097222222222222,0.2444444444444444,0.35972222222222233,0.23888888888888893,15.05,0.0007725543649090493,0.0058139534883721086,25.620833333333334,0.0004538081584081129,0.003415189461701099,120.75833333333333,9.628273984029695e-05,0.0007245876751086903,12.0,18.1,104.16666666666667,107.25,0.10833333333333335,-0.06813996316758747
full_communication_rho0.75_b3,full_communication,0.75,3,12,60,0.007407261719114256,0.007407261719114256,0.5298611111111111,0.4520833333333333,0.07777777777777783,0.007370690778350609,0.007069695991328593,0.7138888888888889,0.632638888888889,0.6590277777777777,0.03125,0.021527777777777778,0.09583333333333335,0.2548611111111111,0.3458333333333334,0.24513888888888888,16.575000000000003,0.0004468936180461089,0.004692475280710578,28.189166666666665,0.0002627698011333286,0.0027591371783880748,132.71666666666667,5.5812596150553226e-05,0.000586043785842857,13.05,20.1,114.65,117.63333333333334,0.10089399744572158,-0.031509121061359883
full_communication_rho0.75_b3,full_communication,0.75,3,13,60,0.014594770417035038,0.014594770417035038,0.546875,0.459375,0.08750000000000002,0.014501476542995537,0.013766275572529602,0.7291666666666666,0.6201388888888889,0.6625,0.031249999999999997,0.015277777777777776,0.08124999999999999,0.23958333333333331,0.3645833333333334,0.2562499999999999,18.125,0.0008052287126640021,0.004827586206896553,30.80916666666667,0.0004737151957058788,0.002840063833815694,144.96666666666667,0.00010067673315958867,0.0006035870315014947,14.25,22.0,125.06666666666666,128.61666666666667,0.11228070175438597,-0.04621212121212121
full_communication_rho0.75_b3,full_communication,0.75,3,14,60,0.01768798222437521,0.01768798222437521,0.5607638888888891,0.4527777777777778,0.10798611111111128,0.017615279699572772,0.017011205271627708,0.7395833333333336,0.6034722222222222,0.6791666666666667,0.02222222222222222,0.014583333333333334,0.09444444444444446,0.23819444444444443,0.3819444444444445,0.2263888888888889,19.475,0.000908240422304247,0.005544858080159757,33.26,0.0005318094475157911,0.0032467261308211453,157.325,0.00011242957078897322,0.0006863887564666219,15.2,23.75,135.78333333333333,139.91666666666666,0.09539473684210527,-0.07649122807017544
full_communication_rho0.75_b3,full_communication,0.75,3,15,60,0.012018120301884434,0.012018120301884434,0.5392361111111112,0.44895833333333324,0.09027777777777801,0.011922771721351734,0.011192022660034849,0.7354166666666668,0.6430555555555556,0.6868055555555554,0.030555555555555558,0.013888888888888888,0.10208333333333332,0.23402777777777783,0.34305555555555556,0.21111111111111108,20.674999999999997,0.0005812875599460429,0.004366518876797002,35.535000000000004,0.0003382051583476694,0.0025405312446258057,169.27499999999998,7.099760922690555e-05,0.0005333202054513545,15.95,25.4,146.28333333333333,150.91666666666666,0.0731452455590387,-0.04133858267716536
full_communication_rho0.75_b12,full_communication,0.75,12,1,53,0.0007198263335357561,0.0007198263335357561,0.39937106918238996,0.39779874213836486,0.0015723270440251014,0.0007172131684665805,0.0006943339632128915,0.48427672955974843,0.45361635220125773,0.47798742138364786,0.2240566037735849,0.23191823899371072,0.20440251572327045,0.29166666666666663,0.31446540880503154,0.3176100628930818,0.0,,,0.0,,,0.0,,,0.0,0.0,0.0,0.0,,
full_communication_rho0.75_b12,full_communication,0.75,12,2,53,0.0016196007398138201,0.0016196007398138201,0.43671383647798745,0.4154874213836478,0.021226415094339646,0.0016139550834158647,0.0015644580750723645,0.5031446540880504,0.46147798742138363,0.5707547169811321,0.16981132075471703,0.16823899371069181,0.1690251572327044,0.3270440251572327,0.37028301886792453,0.2602201257861635,7.69811320754717,0.00021038931178954035,0.0027573529411764734,8.626415094339622,0.00018774899214814628,0.0024606299212598455,16.9811320754717,9.537648801125829e-05,0.0012500000000000013,7.018867924528302,8.377358490566039,9.716981132075471,8.849056603773585,-0.23118279569892466,-0.3130630630630629
full_communication_rho0.75_b12,full_communication,0.75,12,3,53,0.004997727230201636,0.004997727230201636,0.4744496855345912,0.4186320754716981,0.0558176100628931,0.004978542202530713,0.004811337649912043,0.5157232704402516,0.455188679245283,0.6084905660377359,0.13207547169811323,0.11163522012578618,0.16273584905660377,0.3522012578616352,0.4331761006289308,0.2287735849056604,14.150943396226415,0.0003531727242675823,0.003944444444444446,16.131132075471697,0.0003098187533781937,0.003460241339649493,33.95283018867924,0.00014719618960860612,0.0016439751782902664,12.90566037735849,15.39622641509434,19.943396226415093,19.660377358490567,-0.17251461988304093,-0.23897058823529416
full_communication_rho0.75_b12,full_communication,0.75,12,4,53,0.0029855406136409003,0.0029855406136409003,0.4728773584905661,0.4312106918238993,0.041666666666666796,0.0029731257564633747,0.002865502849574472,0.509433962264151,0.46540880503144644,0.6533018867924527,0.11635220125786162,0.09827044025157236,0.1375786163522013,0.37421383647798745,0.4363207547169811,0.20911949685534592,19.132075471698116,0.00015604896698517525,0.002177843523997377,22.17264150943396,0.00013464974898776136,0.0018791927271695874,49.5377358490566,6.0268007055024845e-05,0.0008411096299117655,17.660377358490567,20.60377358490566,30.22641509433962,30.58490566037736,-0.19551282051282048,-0.21886446886446884
full_communication_rho0.75_b12,full_communication,0.75,12,5,53,0.0025040809633438644,0.0025040809633438644,0.46265723270440245,0.4430031446540881,0.019654088050314378,0.0024781897489011976,0.0022651099555883385,0.47484276729559743,0.4944968553459119,0.6713836477987422,0.08490566037735849,0.0550314465408805,0.1139937106918239,0.440251572327044,0.4504716981132075,0.21462264150943397,24.67924528301887,0.00010146505432509543,0.0007963812436289465,28.751886792452833,8.70927526050627e-05,0.0006835755925233205,65.40566037735849,3.828538614084086e-05,0.00030049521611615813,22.867924528301888,26.49056603773585,40.64150943396226,40.81132075471698,-0.20627062706270624,-0.16025641025641027
full_communication_rho0.75_b12,full_communication,0.75,12,6,53,0.00575024949855852,0.00575024949855852,0.4410377358490566,0.4441823899371069,-0.0031446540880503138,0.005710293587528548,0.00538451766086347,0.47562893081761004,0.5589622641509434,0.6745283018867924,0.0550314465408805,0.034591194968553465,0.11163522012578617,0.4693396226415095,0.4064465408805032,0.2138364779874214,29.09433962264151,0.00019764151972996208,-0.00010808473843493297,34.284905660377355,0.00016771956602476562,-9.17212408049456e-05,81.0,7.099073455010519e-05,-3.88228899759298e-05,27.62264150943396,30.566037735849058,51.905660377358494,51.905660377358494,-0.17281420765027322,-0.09074074074074072
full_communication_rho0.75_b12,full_communication,0.75,12,7,53,0.007167007527977123,0.007167007527977123,0.4386792452830188,0.4426100628930817,-0.0039308176100628645,0.007115535135957671,0.006700807621740062,0.47484276729559743,0.5683962264150944,0.6823899371069181,0.049528301886792456,0.02908805031446541,0.1147798742138365,0.47562893081761015,0.4025157232704403,0.2028301886792453,34.75471698113208,0.00020621682898088356,-0.00011310170104958296,41.03490566037736,0.00017465636663806125,-9.57920469610924e-05,97.5566037735849,7.346511923078765e-05,-4.029268607162399e-05,32.83018867924528,36.679245283018865,62.54716981132076,63.056603773584904,-0.1517241379310345,-0.07458847736625514
full_communication_rho0.75_b12,full_communication,0.75,12,8,53,0.0017801615309520086,0.0017801615309520086,0.4689465408805031,0.43356918238993686,0.035377358490566224,0.0017554865158716688,0.0015711181071143832,0.5070754716981132,0.5471698113207547,0.6729559748427668,0.03380503144654088,0.022012578616352203,0.1328616352201258,0.459119496855346,0.430817610062893,0.19418238993710693,41.20754716981132,4.319989063207713e-05,0.0008585164835164881,48.567924528301894,3.665302868593156e-05,0.0007284099296841652,114.81132075471697,1.5505104542392187e-05,0.000308134757600659,39.62264150943396,42.79245283018868,73.01886792452831,74.18867924528301,-0.1004761904761905,-0.07054673721340389
full_communication_rho0.75_b12,full_communication,0.75,12,9,53,0.0041775043683416006,0.0041775043683416006,0.47523584905660377,0.44339622641509424,0.031839622641509524,0.004087621959741388,0.003425751104844476,0.5314465408805031,0.5628930817610064,0.6776729559748427,0.04323899371069182,0.018081761006289308,0.11320754716981131,0.42531446540880496,0.41902515723270434,0.20911949685534587,47.88679245283019,8.723708885819732e-05,0.0006648936170212784,56.31226415094339,7.418462800827758e-05,0.0005654118711363538,132.14150943396226,3.161386899723065e-05,0.00024095095309488183,45.9622641509434,49.81132075471698,83.47169811320755,85.0377358490566,-0.07635467980295566,-0.0553030303030303
full_communication_rho0.75_b12,full_communication,0.75,12,10,53,0.0038708388398851204,0.0038708388398851204,0.48073899371069184,0.45125786163522,0.029481132075471816,0.003760018794189459,0.002993237709185927,0.5283018867924527,0.554245283018868,0.687893081761006,0.03380503144654088,0.012578616352201259,0.09748427672955977,0.4378930817610064,0.4331761006289309,0.21462264150943397,51.73584905660377,7.481927735737104e-05,0.0005698395331874568,61.27641509433962,6.317012563358472e-05,0.00048111711545271394,147.14150943396226,2.6306912677298376e-05,0.00020035904340578398,48.679245283018865,54.79245283018868,94.64150943396227,96.16981132075472,-0.07868217054263563,-0.05853994490358126
full_communication_rho0.75_b12,full_communication,0.75,12,11,53,0.0015510932144602238,0.0015510932144602238,0.46776729559748426,0.4512578616352202,0.016509433962264064,0.0015397944090719817,0.0014532321215595025,0.5117924528301886,0.5566037735849056,0.6910377358490567,0.025157232704402514,0.019654088050314468,0.09748427672955975,0.46305031446540895,0.4237421383647799,0.21147798742138366,57.16981132075472,2.713133345425474e-05,0.00028877887788778726,67.76415094339623,2.2889583841401044e-05,0.00024363079493247816,163.1132075471698,9.509304842844635e-06,0.0001012145748987849,54.56603773584906,59.77358490566038,104.66037735849056,107.22641509433963,-0.07883817427385892,-0.05397727272727273
full_communication_rho0.75_b12,full_communication,0.75,12,12,53,0.003061003986061961,0.003061003986061961,0.4614779874213837,0.4492924528301887,0.01218553459119498,0.0030300433079733756,0.0028027194594168886,0.4897798742138365,0.5503144654088051,0.6776729559748429,0.025943396226415096,0.016509433962264147,0.10141509433962266,0.4842767295597484,0.4331761006289308,0.22091194968553457,63.283018867924525,4.837006895088966e-05,0.00019255615185847762,74.97641509433961,4.082622491633443e-05,0.00016252490300933223,180.2169811320755,1.6985102995475464e-05,6.761590675112116e-05,60.0,66.56603773584905,115.52830188679245,118.33962264150944,-0.07515723270440253,-0.04591836734693877
full_communication_rho0.75_b12,full_communication,0.75,12,13,53,0.01069468616461089,0.01069468616461089,0.4461477987421384,0.4567610062893081,-0.010613207547169712,0.010508568205670647,0.009211557112324055,0.45676100628930827,0.554245283018868,0.680817610062893,0.03537735849056604,0.010220125786163523,0.08647798742138364,0.5078616352201258,0.4355345911949685,0.23270440251572322,68.9433962264151,0.0001551227057264305,-0.00015394088669950593,81.73018867924527,0.0001308535602013937,-0.00012985663827134723,196.81132075471697,5.433979165222674e-05,-5.39257981018114e-05,65.43396226415095,72.45283018867924,126.37735849056604,129.35849056603774,-0.08217993079584777,-0.04192708333333334
full_communication_rho0.75_b12,full_communication,0.75,12,14,53,0.008190924747265352,0.008190924747265352,0.46147798742138363,0.45479559748427667,0.006682389937106958,0.007971535739241392,0.006530032511721297,0.4795597484276729,0.5487421383647799,0.6988993710691823,0.03223270440251572,0.007861635220125786,0.09040880503144653,0.4882075471698112,0.44339622641509435,0.21069182389937105,73.9245283018868,0.0001108011770303889,9.039475923090066e-05,87.81226415094339,9.32776853718941e-05,7.60985951304066e-05,212.80188679245282,3.8490846442795025e-05,3.1401929925669976e-05,70.41509433962264,77.43396226415095,137.43396226415095,140.32075471698113,-0.07475884244372992,-0.04653996101364523
full_communication_rho0.75_b12,full_communication,0.75,12,15,53,0.007294291744642373,0.007294291744642373,0.46265723270440257,0.4516509433962264,0.011006289308176154,0.007058660033217113,0.005645098764780525,0.47798742138364786,0.5471698113207546,0.7051886792452831,0.024371069182389935,0.00550314465408805,0.09669811320754718,0.49764150943396224,0.44732704402515727,0.19811320754716977,78.33962264150944,9.311114221243878e-05,0.0001404945407835588,93.32641509433964,7.815891928634448e-05,0.00011793326998632028,228.20754716981133,3.196341153088431e-05,4.8229295852280786e-05,74.94339622641509,81.73584905660377,148.24528301886792,151.49056603773585,-0.07275931520644513,-0.04639889196675901
full_communication_rho0.75_b18,full_communication,0.75,18,1,49,0.004583273463806995,0.004583273463806995,0.37287414965986393,0.3983843537414967,-0.025510204081632792,0.004561706284688039,0.0043743845056307025,0.46938775510204084,0.4753401360544217,0.4659863945578232,0.1938775510204082,0.24829931972789118,0.20323129251700678,0.3367346938775511,0.276360544217687,0.3307823129251702,0.0,,,0.0,,,0.0,,,0.0,0.0,0.0,0.0,,
full_communication_rho0.75_b18,full_communication,0.75,18,2,49,0.010065233580202726,0.010065233580202726,0.3852040816326531,0.4158163265306122,-0.030612244897959107,0.010015788501918116,0.009588271898396783,0.4438775510204083,0.48554421768707484,0.5552721088435374,0.1267006802721089,0.1879251700680272,0.16836734693877548,0.42942176870748316,0.3265306122448979,0.276360544217687,11.938775510204081,0.0008430708468887754,-0.0025641025641025576,12.814285714285717,0.000785469733126188,-0.002388915432393687,20.693877551020407,0.0004863870270512166,-0.0014792899408283986,10.653061224489797,13.224489795918368,8.306122448979592,9.204081632653061,-0.2509578544061303,-0.1265432098765432
full_communication_rho0.75_b18,full_communication,0.75,18,3,49,0.0035955053801271838,0.0035955053801271838,0.4375,0.4175170068027211,0.01998299319727892,0.0035685509544767565,0.0033407436707336216,0.48554421768707484,0.47959183673469385,0.5841836734693877,0.08843537414965985,0.13095238095238096,0.16496598639455787,0.42602040816326525,0.3894557823129252,0.25085034013605445,20.387755102040817,0.000176356119745978,0.0009801468134801473,22.314285714285717,0.00016113020269456008,0.0008955246631302972,39.6530612244898,9.067409347721668e-05,0.0005039457882998801,18.367346938775512,22.408163265306122,18.693877551020407,19.836734693877553,-0.1288888888888889,-0.11202185792349728
full_communication_rho0.75_b18,full_communication,0.75,18,4,49,0.001307950204744725,0.001307950204744725,0.4392006802721089,0.4298469387755103,0.009353741496598622,0.0013019025408234318,0.001249925385604719,0.45833333333333337,0.48979591836734687,0.6343537414965987,0.07993197278911565,0.09013605442176865,0.14030612244897964,0.461734693877551,0.4200680272108844,0.2253401360544218,26.448979591836732,4.945182101272495e-05,0.00035365226337448496,29.35816326530612,4.455149979666437e-05,0.00031860785744905115,55.54081632653062,2.3549351472530416e-05,0.00016841202768081294,23.877551020408163,29.020408163265305,28.714285714285715,29.46938775510204,-0.17692307692307696,-0.11954992967651198
full_communication_rho0.75_b18,full_communication,0.75,18,5,49,0.0014687050149479065,0.0014687050149479065,0.44387755102040827,0.4375,0.0063775510204082675,0.001462621234844419,0.0014100897753530212,0.46003401360544227,0.5051020408163265,0.6632653061224489,0.07397959183673466,0.06717687074829931,0.125,0.4659863945578231,0.4277210884353742,0.21173469387755103,33.9795918367347,4.3223150590058506e-05,0.00018768768768769072,37.91122448979591,3.874063775869912e-05,0.00016822329287002674,73.29591836734693,2.003801913753235e-05,8.701099819017267e-05,31.224489795918366,36.734693877551024,38.42857142857143,40.204081632653065,-0.1562091503267974,-0.10333333333333333
full_communication_rho0.75_b18,full_communication,0.75,18,6,49,0.0034978310036642944,0.0034978310036642944,0.4370748299319729,0.44047619047619047,-0.00340136054421758,0.0034808702518459335,0.003336568643415739,0.4719387755102041,0.5408163265306122,0.6496598639455782,0.07057823129251702,0.05697278911564625,0.11904761904761903,0.4574829931972788,0.40221088435374164,0.2312925170068027,40.59183673469388,8.617079898418824e-05,-8.379420144125763e-05,45.58163265306123,7.673772965280968e-05,-7.462129691813808e-05,90.48979591836735,3.8654424713475516e-05,-3.75883325815655e-05,37.83673469387755,43.3469387755102,49.12244897959184,50.673469387755105,-0.11272923408845739,-0.06026365348399247
full_communication_rho0.75_b18,full_communication,0.75,18,7,49,0.0034976433658651194,0.0034976433658651194,0.4396258503401361,0.4413265306122449,-0.00170068027210879,0.003474829902130697,0.003284315284346225,0.48639455782312935,0.5510204081632653,0.6530612244897959,0.07738095238095237,0.05612244897959183,0.11734693877551022,0.43622448979591827,0.3928571428571429,0.2295918367346939,48.48979591836735,7.213153406034969e-05,-3.50729517396173e-05,54.522448979591836,6.415051838875238e-05,-3.119229425562611e-05,108.81632653061224,3.2142634082406385e-05,-1.562890722680621e-05,45.91836734693877,51.06122448979592,59.53061224489796,61.12244897959184,-0.08711111111111115,-0.04796163069544364
full_communication_rho0.75_b18,full_communication,0.75,18,8,49,0.0018978981336421757,0.0018978981336421757,0.44557823129251695,0.43494897959183665,0.010629251700680298,0.0018912022562534159,0.0018325193373429569,0.5059523809523809,0.5552721088435375,0.6386054421768705,0.05952380952380953,0.05952380952380952,0.13010204081632654,0.43452380952380965,0.38520408163265296,0.23129251700680273,56.57142857142857,3.3548704382563715e-05,0.00018789081289081336,63.69081632653061,2.9798615296623234e-05,0.00016688829432152607,127.76530612244898,1.4854565697383055e-05,8.319356813886025e-05,53.63265306122449,59.51020408163265,70.44897959183673,71.93877551020408,-0.05936073059360731,-0.033607681755829906
full_communication_rho0.75_b18,full_communication,0.75,18,9,49,0.0034277662365665394,0.0034277662365665394,0.4430272108843538,0.4464285714285715,-0.003401360544217691,0.003410183031200633,0.0032622300271647614,0.48129251700680287,0.5493197278911566,0.6683673469387756,0.05782312925170068,0.04591836734693878,0.10714285714285714,0.4608843537414965,0.4047619047619047,0.22448979591836735,67.0408163265306,5.1129542037065586e-05,-5.07356671740234e-05,75.25408163265305,4.554924015017436e-05,-4.5198352972017754e-05,149.17346938775512,2.297839053174094e-05,-2.2801377203183094e-05,63.55102040816327,70.53061224489795,81.42857142857143,82.83673469387755,-0.07064868336544636,-0.040509259259259266
full_communication_rho0.75_b18,full_communication,0.75,18,10,49,0.0035309715173650787,0.0035309715173650787,0.4460034013605442,0.4523809523809524,-0.0063775510204081565,0.0035187180774536968,0.0034113380023667247,0.467687074829932,0.53656462585034,0.6709183673469388,0.03996598639455782,0.0391156462585034,0.09523809523809525,0.4923469387755101,0.42431972789115646,0.23384353741496597,72.91836734693877,4.842362282420624e-05,-8.74615169325496e-05,82.24183673469388,4.2934006067443917e-05,-7.754631065672412e-05,166.1530612244898,2.125131785922605e-05,-3.838359024749735e-05,69.06122448979592,76.77551020408163,92.34693877551021,94.12244897959184,-0.07062647754137116,-0.04199893673577884
full_communication_rho0.75_b18,full_communication,0.75,18,11,49,0.0029961408374392755,0.0029961408374392755,0.4570578231292518,0.4523809523809525,0.004676870748299311,0.0029724583727740797,0.0027877239068385858,0.4549319727891157,0.5161564625850339,0.6819727891156465,0.03486394557823129,0.02465986394557823,0.09523809523809523,0.510204081632653,0.459183673469388,0.22278911564625845,80.44897959183675,3.7242745062030565e-05,5.8134618636901624e-05,90.83265306122449,3.298528377696695e-05,5.1488870914592036e-05,184.28571428571428,1.625812857525188e-05,2.537836840162417e-05,76.04081632653062,84.85714285714286,103.18367346938776,104.48979591836735,-0.07165861513687602,-0.04689754689754689
full_communication_rho0.75_b18,full_communication,0.75,18,12,49,0.0002091689920057779,0.0002091689920057779,0.48086734693877553,0.44940476190476186,0.03146258503401367,0.00020827831575964163,0.00020084223463969104,0.47108843537414963,0.48809523809523814,0.6709183673469388,0.022108843537414963,0.02125850340136054,0.1011904761904762,0.5068027210884353,0.4906462585034014,0.22789115646258498,88.34693877551021,2.367586188099588e-06,0.0003561253561253568,99.72448979591837,2.0974686602441658e-06,0.00031549507145537086,202.12244897959184,1.0348627431626734e-06,0.00015566101238556843,84.48979591836735,92.20408163265306,112.9795918367347,114.57142857142857,-0.05676328502415459,-0.047587428065515726
full_communication_rho0.75_b18,full_communication,0.75,18,13,49,0.0015660884105147127,0.0015660884105147127,0.5170068027210886,0.4587585034013605,0.05824829931972808,0.0015542207436236612,0.0014728921815677053,0.48469387755102056,0.4413265306122449,0.6726190476190476,0.011904761904761904,0.00935374149659864,0.0824829931972789,0.5034013605442177,0.5493197278911565,0.24489795918367346,97.34693877551021,1.6087700653086145e-05,0.0005983577917540201,109.83469387755102,1.425859494141863e-05,0.0005303269601194143,222.22448979591837,7.047325935827066e-06,0.0002621146722992631,93.3061224489796,101.38775510204081,124.16326530612245,125.59183673469387,-0.048337707786526685,-0.05475040257648953
full_communication_rho0.75_b18,full_communication,0.75,18,14,49,0.0003348908702547641,0.0003348908702547641,0.485544217687075,0.4502551020408163,0.035289115646258695,0.0003300393869874593,0.0003014175265243623,0.485544217687075,0.5059523809523808,0.6836734693877551,0.01020408163265306,0.008503401360544218,0.09948979591836735,0.504251700680272,0.48554421768707495,0.2168367346938775,103.40816326530611,3.2385341706105075e-06,0.000341260443391884,117.01632653061225,2.86191577007978e-06,0.00030157429046473124,239.48979591836735,1.398351311673067e-06,0.00014735122851867712,99.55102040816327,107.26530612244898,135.3265306122449,136.83673469387756,-0.04776547765477655,-0.03976407914764078
full_communication_rho0.75_b18,full_communication,0.75,18,15,49,0.0015328749682048028,0.0015328749682048028,0.4753401360544217,0.44685374149659857,0.028486394557823147,0.001500544364383051,0.001304432560048377,0.4642857142857141,0.504251700680272,0.6964285714285713,0.01530612244897959,0.00935374149659864,0.1062925170068027,0.5204081632653061,0.4863945578231293,0.19727891156462588,110.57142857142858,1.3863210306761781e-05,0.00025762889134982173,125.24693877551022,1.2238821828230814e-05,0.0002274418427813355,257.32653061224494,5.956925485132471e-06,0.00011070135088693266,105.79591836734694,115.34693877551021,146.14285714285714,147.3673469387755,-0.05266203703703702,-0.039985845718329784
report_only_rho0.75_b3,report_only,0.75,3,1,59,0.0009669050276728489,0.0009669050276728489,0.38312146892655363,0.40289548022598864,-0.019774011299435013,0.0009633292157209816,0.0009320693347891172,0.5084745762711864,0.5416666666666667,0.5685028248587569,0.22598870056497175,0.20056497175141244,0.19420903954802257,0.26553672316384175,0.25776836158192085,0.23728813559322032,0.0,,,0.0,,,0.0,,,0.0,0.0,0.0,0.0,,
report_only_rho0.75_b3,report_only,0.75,3,2,59,0.0006734135742234217,0.0006734135742234217,0.4487994350282487,0.4194915254237287,0.02930790960452001,0.0006710281298892423,0.0006501382503675355,0.6299435028248589,0.6045197740112994,0.6843220338983049,0.12853107344632766,0.12782485875706215,0.16101694915254242,0.2415254237288136,0.26765536723163846,0.15466101694915252,1.7033898305084745,0.00039533732218091427,0.01720563847429533,2.8940677966101687,0.0002326875600537739,0.01012689116642273,13.610169491525422,4.947870595165864e-05,0.002153383146533849,1.3728813559322033,2.0338983050847457,11.864406779661017,11.94915254237288,-0.950617283950617,-0.9416666666666668
report_only_rho0.75_b3,report_only,0.75,3,3,59,0.006752884841923017,0.006752884841923017,0.443502824858757,0.4336158192090395,0.009887005649717506,0.006698236555182752,0.006240836615563761,0.6673728813559322,0.7259887005649716,0.778954802259887,0.10451977401129946,0.05437853107344633,0.1327683615819209,0.2281073446327683,0.2196327683615819,0.08827683615819207,3.330508474576271,0.0020275837438852827,0.002968617472434264,5.721186440677965,0.0011803294494843967,0.0017281390411297082,27.237288135593218,0.00024792794379182204,0.00036299522920555874,2.694915254237288,3.9661016949152543,23.864406779661017,23.949152542372882,-0.9937106918238996,-0.32051282051282043
report_only_rho0.75_b3,report_only,0.75,3,4,59,0.005853387628527436,0.005853387628527436,0.45162429378531077,0.4668079096045199,-0.015183615819209129,0.005796070431650709,0.005325535479371767,0.6892655367231639,0.745056497175141,0.8622881355932206,0.08121468926553674,0.040960451977401134,0.06638418079096045,0.22951977401129942,0.21398305084745764,0.07132768361581919,4.754237288135593,0.001231193832738391,-0.0031937017231135063,8.34491525423729,0.0007014316443244007,-0.0018195050946142753,40.66101694915254,0.00014395576076828626,-0.0003734194803390324,3.6610169491525424,5.8474576271186445,35.86440677966102,35.94915254237288,-1.1342592592592593,-0.481159420289855
report_only_rho0.75_b3,report_only,0.75,3,5,59,0.0025078699351037603,0.0025078699351037603,0.4784604519774012,0.48340395480225984,-0.004943502824858614,0.0024538792543623276,0.0020562093831034823,0.7330508474576273,0.7584745762711864,0.9187853107344631,0.03601694915254237,0.017655367231638415,0.033192090395480225,0.23093220338983048,0.22387005649717517,0.048022598870056506,6.076271186440678,0.0004127317326949006,-0.0008135750813574846,10.86694915254237,0.00023077957758889793,-0.0004549117471210455,53.98305084745763,4.645661732217326e-05,-9.157509157508892e-05,4.47457627118644,7.677966101694915,47.86440677966102,47.94915254237288,-0.9962121212121212,-0.5011037527593819
report_only_rho0.75_b3,report_only,0.75,3,6,59,0.004090410529735219,0.004090410529735219,0.4947033898305083,0.4883474576271187,0.006355932203389647,0.003973724175840234,0.0031690068920244563,0.7245762711864405,0.7245762711864405,0.9540960451977402,0.031073446327683617,0.010593220338983049,0.02330508474576271,0.24435028248587573,0.2648305084745762,0.022598870056497175,7.576271186440678,0.0005398975866988321,0.0008389261744966201,13.566949152542374,0.00030149818383956264,0.0004684864763570356,67.48305084745763,6.0613894576008516e-05,9.418560843902779e-05,5.5423728813559325,9.610169491525424,59.86440677966102,59.94915254237288,-0.9938837920489295,-0.5731922398589064
report_only_rho0.75_b3,report_only,0.75,3,7,59,0.004014041281704753,0.004014041281704753,0.5102401129943501,0.493997175141243,0.016242937853107153,0.0038928175905331985,0.003130405968202344,0.7288135593220336,0.7012711864406781,0.9583333333333334,0.0211864406779661,0.007062146892655367,0.012005649717514123,0.25000000000000006,0.2916666666666667,0.02966101694915255,9.152542372881356,0.0004385711770751489,0.0017746913580246704,16.343220338983055,0.00024560895579007553,0.0009938639702704918,81.0593220338983,4.951979835244756e-05,0.0002003833420456502,6.406779661016949,11.898305084745763,71.86440677966101,71.94915254237289,-0.8597883597883599,-0.5185185185185186
report_only_rho0.75_b3,report_only,0.75,3,8,59,0.005730724531622669,0.005730724531622669,0.52295197740113,0.49364406779661013,0.029307909604519844,0.005616310410057199,0.004884865456225414,0.7295197740112994,0.6765536723163842,0.9597457627118643,0.01977401129943503,0.007062146892655367,0.012711864406779662,0.2507062146892655,0.3163841807909604,0.027542372881355928,10.677966101694915,0.0005366869005805357,0.002744708994709001,19.068644067796612,0.0003005313073781054,0.0015369687273158266,94.58474576271186,6.058825326865648e-05,0.00030985873428306977,7.423728813559322,13.932203389830509,83.86440677966101,83.94915254237289,-0.7442922374429223,-0.4878345498783455
report_only_rho0.75_b3,report_only,0.75,3,9,59,0.02012771259780303,0.02012771259780303,0.5681497175141245,0.49117231638418085,0.07697740112994361,0.020038994530304152,0.019323322241009654,0.7549435028248591,0.6087570621468926,0.9548022598870057,0.016242937853107344,0.009887005649717513,0.01765536723163842,0.22881355932203384,0.3813559322033898,0.027542372881355928,12.381355932203391,0.0016256468764823799,0.0062172028291124885,21.972033898305078,0.0009160605108731277,0.0035034262866252743,108.28813559322035,0.0001858718176976645,0.000710857202483436,8.59322033898305,16.16949152542373,95.86440677966101,95.94915254237289,-0.5581854043392507,-0.5136268343815514
report_only_rho0.75_b3,report_only,0.75,3,10,59,0.030218010809443613,0.030218010809443613,0.5847457627118645,0.49187853107344637,0.09286723163841815,0.030019943232149897,0.028629595863579355,0.7775423728813561,0.6031073446327686,0.9597457627118645,0.014124293785310734,0.004943502824858757,0.016242937853107344,0.2083333333333333,0.3919491525423729,0.02401129943502825,13.449152542372882,0.002246833822000218,0.006905061961772741,24.239830508474576,0.0012466263243416237,0.003831183209220481,121.35593220338983,0.0002490031616979292,0.000765246741154563,9.305084745762711,17.593220338983052,107.86440677966101,107.94915254237289,-0.46994535519125674,-0.48651252408477835
report_only_rho0.75_b3,report_only,0.75,3,11,59,0.043565132340279214,0.043565132340279214,0.606638418079096,0.48375706214689274,0.12288135593220328,0.043421822218496095,0.04216446240828092,0.79590395480226,0.5720338983050848,0.9505649717514126,0.01059322033898305,0.010593220338983052,0.03248587570621469,0.19350282485875703,0.41737288135593215,0.016949152542372878,14.694915254237289,0.002964639917043222,0.008362168396770465,26.68559322033898,0.0016325337788284631,0.004604782622503093,134.60169491525423,0.0003236596119217369,0.0009129257696908638,10.016949152542374,19.372881355932204,119.86440677966101,119.94915254237289,-0.3705583756345178,-0.4689413823272091
report_only_rho0.75_b3,report_only,0.75,3,12,59,0.06565477751590529,0.06565477751590529,0.632415254237288,0.48622881355932207,0.14618644067796588,0.06532734863853276,0.06285229357708183,0.8093220338983048,0.528954802259887,0.9477401129943503,0.0049435028248587575,0.015536723163841807,0.02754237288135593,0.18573446327683618,0.45550847457627114,0.024717514124293783,16.04237288135593,0.004092585180600542,0.009112519809825661,29.23305084745763,0.002245909188832243,0.0050007247427163275,147.94915254237287,0.0004437658235122479,0.0009880856913735809,11.033898305084746,21.050847457627118,131.864406779661,131.94915254237287,-0.3010752688172043,-0.4774557165861513
report_only_rho0.75_b3,report_only,0.75,3,13,59,0.061923027347294726,0.061923027347294726,0.6331214689265539,0.48728813559322043,0.14583333333333343,0.061709826481989194,0.05990676087542621,0.7817796610169493,0.5042372881355931,0.9512711864406781,0.007062146892655367,0.011299435028248588,0.025423728813559324,0.21115819209039544,0.4844632768361583,0.023305084745762716,17.21186440677966,0.0035976943510491275,0.00847283768258658,31.60254237288136,0.0019594318272453883,0.004614607635443764,161.1186440677966,0.0003843318549853134,0.0009051300932744239,11.898305084745763,22.52542372881356,143.864406779661,143.94915254237287,-0.34188034188034183,-0.4762979683972911
report_only_rho0.75_b3,report_only,0.75,3,14,59,0.05909717326580516,0.05909717326580516,0.6299435028248589,0.4915254237288135,0.13841807909604537,0.05886940396561528,0.05702851407182326,0.7810734463276838,0.5098870056497175,0.9491525423728813,0.005649717514124294,0.01129943502824859,0.01694915254237288,0.2132768361581921,0.478813559322034,0.03389830508474576,18.35593220338983,0.003219513594351343,0.007540781779008935,33.94661016949152,0.0017408858490064183,0.004077522863253203,174.26271186440678,0.0003391269000323401,0.0007943069266806085,12.76271186440678,23.949152542372882,155.864406779661,155.94915254237287,-0.3160690571049137,-0.4401981599433828
report_only_rho0.75_b3,report_only,0.75,3,15,59,0.07638740590267434,0.07638740590267434,0.6479519774011299,0.4887005649717514,0.15925141242937846,0.07597000371398453,0.07315988324189207,0.8072033898305083,0.5021186440677965,0.9498587570621468,0.00211864406779661,0.009180790960451976,0.022598870056497175,0.19067796610169493,0.48870056497175146,0.02754237288135593,19.423728813559322,0.003932684946123722,0.008198807446189641,36.214406779661026,0.0021093098767967543,0.00439746019859749,187.33050847457628,0.0004077681020816816,0.0008501093266983333,13.322033898305085,25.52542372881356,167.864406779661,167.94915254237287,-0.25699745547073793,-0.4209827357237715
report_only_rho0.75_b12,report_only,0.75,12,1,51,0.0012037258010559422,0.0012037258010559422,0.4040032679738562,0.4076797385620915,-0.003676470588235281,0.0011975950581965024,0.0011445568639506208,0.5326797385620916,0.5531045751633986,0.5808823529411765,0.20343137254901958,0.1715686274509804,0.18464052287581698,0.26388888888888884,0.2753267973856209,0.2344771241830065,0.0,,,0.0,,,0.0,,,0.0,0.0,0.0,0.0,,
report_only_rho0.75_b12,report_only,0.75,12,2,51,0.016333945423961445,0.016333945423961445,0.5200163398692811,0.42687908496732024,0.09313725490196084,0.016270147125892427,0.01571394152887777,0.644607843137255,0.5212418300653597,0.6870915032679739,0.10049019607843138,0.08333333333333333,0.1462418300653595,0.25490196078431365,0.3954248366013071,0.16666666666666663,6.823529411764706,0.002393767863856419,0.013649425287356331,8.013725490196077,0.0020382461869880935,0.01162221678492783,18.725490196078432,0.0008722839964628625,0.004973821989528799,5.411764705882353,8.235294117647058,11.941176470588236,11.862745098039216,-0.18840579710144925,-0.4833333333333335
report_only_rho0.75_b12,report_only,0.75,12,3,51,0.02757434135396871,0.02757434135396871,0.571078431372549,0.4415849673202615,0.1294934640522875,0.027477169484200308,0.02662697028826467,0.6691176470588237,0.48611111111111116,0.7818627450980393,0.045751633986928116,0.040849673202614394,0.1168300653594771,0.2851307189542484,0.4730392156862744,0.10130718954248363,12.352941176470587,0.0022322085857974672,0.010482804232804227,14.74313725490196,0.0018703170754786598,0.008783304517444692,36.254901960784316,0.0007605686365886447,0.0035717504957634735,10.117647058823529,14.588235294117647,23.941176470588236,23.862745098039216,-0.26744186046511625,-0.48655913978494625
report_only_rho0.75_b12,report_only,0.75,12,4,51,0.04971879190778675,0.04971879190778675,0.6123366013071896,0.4726307189542485,0.13970588235294107,0.04952381588760914,0.04786115162583915,0.6862745098039217,0.4419934640522875,0.8611111111111114,0.031862745098039214,0.019607843137254895,0.05473856209150327,0.2818627450980392,0.5383986928104574,0.08415032679738561,16.0,0.0031074244942366717,0.008731617647058817,19.59019607843137,0.0025379425355791458,0.0071314182764488,51.90196078431373,0.0009579366782384299,0.002691726482810727,13.176470588235293,18.823529411764707,35.94117647058823,35.86274509803921,-0.31845238095238093,-0.5343749999999999
report_only_rho0.75_b12,report_only,0.75,12,5,51,0.045389116318389044,0.045389116318389044,0.6119281045751634,0.48570261437908496,0.12622549019607848,0.04523024689046039,0.04383870409644666,0.7320261437908497,0.4918300653594771,0.9183006535947712,0.015522875816993461,0.01633986928104575,0.02859477124183006,0.25245098039215685,0.49183006535947715,0.053104575163398705,19.176470588235293,0.0023669171086276495,0.00658231083844581,23.966666666666665,0.0018938435181525333,0.005266710300253623,67.07843137254902,0.0006766573903062968,0.001881759719380299,16.0,22.352941176470587,47.94117647058823,47.86274509803921,-0.27941176470588236,-0.45789473684210524
report_only_rho0.75_b12,report_only,0.75,12,6,51,0.06470726542095212,0.06470726542095212,0.6376633986928104,0.4877450980392158,0.14991830065359463,0.06445239072396447,0.06231755791072123,0.7312091503267975,0.43872549019607837,0.9419934640522878,0.00980392156862745,0.017156862745098034,0.024509803921568627,0.25898692810457513,0.5441176470588234,0.0334967320261438,23.647058823529413,0.0027363768959109106,0.006339828634604748,29.637254901960784,0.00218330832713765,0.005058440842430252,83.54901960784314,0.0007744826417433838,0.001794375342251426,19.058823529411764,28.235294117647058,59.94117647058823,59.86274509803921,-0.2654320987654321,-0.42777777777777776
report_only_rho0.75_b12,report_only,0.75,12,7,51,0.02636193684747045,0.02636193684747045,0.582516339869281,0.4934640522875817,0.08905228758169925,0.02615651074964636,0.02473250680034917,0.6977124183006534,0.5138888888888888,0.9477124183006537,0.0065359477124183,0.018790849673202614,0.0130718954248366,0.29575163398692816,0.4673202614379084,0.03921568627450981,27.294117647058822,0.0009658468241530122,0.003262691570881223,34.484313725490196,0.0007644616928532399,0.002582399878698278,99.19607843137254,0.0002657558369679765,0.0008977400013177826,22.352941176470587,32.23529411764706,71.94117647058823,71.86274509803921,-0.26842105263157895,-0.32299270072992703
report_only_rho0.75_b12,report_only,0.75,12,8,51,0.056030107418557115,0.056030107418557115,0.6286764705882353,0.49346405228758167,0.13521241830065361,0.05575926237207611,0.05365164495224496,0.6830065359477124,0.40767973856209155,0.9468954248366013,0.007352941176470588,0.017973856209150325,0.0130718954248366,0.3096405228758169,0.574346405228758,0.040032679738562095,32.352941176470594,0.0017318396838463105,0.004179292929292929,40.74313725490197,0.0013752035604920412,0.003318655052376598,116.25490196078431,0.00048195909569006797,0.0011630685331984036,25.647058823529413,39.05882352941177,83.94117647058823,83.86274509803921,-0.24694189602446479,-0.33132530120481923
report_only_rho0.75_b12,report_only,0.75,12,9,51,0.044958754417525365,0.044958754417525365,0.6139705882352942,0.49183006535947715,0.122140522875817,0.044694723852597595,0.042755505606239017,0.6250000000000001,0.3782679738562092,0.94281045751634,0.0065359477124183,0.018790849673202614,0.016339869281045753,0.3684640522875818,0.6029411764705882,0.04084967320261437,37.294117647058826,0.001205518651574024,0.0032750613389414653,46.88431372549019,0.0009589295618308703,0.002605146864065354,133.19607843137254,0.0003375381238471653,0.0009169978899847884,30.352941176470587,44.23529411764706,95.94117647058823,95.86274509803921,-0.25129198966408267,-0.30629432624113473
report_only_rho0.75_b12,report_only,0.75,12,10,51,0.04094771221059765,0.04094771221059765,0.6098856209150326,0.4922385620915033,0.11764705882352933,0.040806515751964784,0.03958215773580272,0.6372549019607843,0.4044117647058824,0.9493464052287582,0.016339869281045753,0.013071895424836598,0.015522875816993463,0.34640522875817,0.582516339869281,0.035130718954248366,41.41176470588235,0.0009887941869036365,0.0028409090909090893,52.20196078431374,0.0007844094665291212,0.00225369041805957,149.31372549019608,0.00027423943831129087,0.0007879185817465523,34.35294117647059,48.470588235294116,107.94117647058823,107.86274509803921,-0.21803652968036524,-0.26982200647249194
report_only_rho0.75_b12,report_only,0.75,12,11,51,0.04744769866998805,0.04744769866998805,0.6111111111111112,0.4824346405228758,0.12867647058823534,0.046926072214243664,0.04368550030404153,0.6119281045751633,0.3864379084967319,0.9354575163398693,0.02369281045751634,0.00326797385620915,0.035130718954248366,0.36437908496732024,0.610294117647059,0.029411764705882363,45.05882352941177,0.0010530168112138339,0.0028557441253263716,57.049019607843135,0.0008317005094240903,0.0022555421893796193,164.96078431372547,0.000287630171421537,0.0007800427909188164,37.411764705882355,52.705882352941174,119.94117647058823,119.86274509803921,-0.20754716981132068,-0.25000000000000006
report_only_rho0.75_b12,report_only,0.75,12,12,51,0.049433524041779475,0.049433524041779475,0.6237745098039215,0.48447712418300654,0.13929738562091493,0.049209339767456506,0.04747678689060994,0.6380718954248366,0.38480392156862747,0.9313725490196079,0.012254901960784314,0.005718954248366013,0.031045751633986932,0.349673202614379,0.6094771241830064,0.03758169934640523,50.35294117647059,0.0009817405475587046,0.002766420041536862,63.54313725490195,0.0007779522097481266,0.0021921704158566553,182.2549019607843,0.0002712328914610816,0.0007642998027613407,42.8235294117647,57.88235294117647,131.94117647058823,131.86274509803923,-0.16437728937728938,-0.2266260162601626
report_only_rho0.75_b12,report_only,0.75,12,13,51,0.04390863509220193,0.04390863509220193,0.6196895424836601,0.4861111111111111,0.13357843137254904,0.0437614900025539,0.04248174988020875,0.6282679738562091,0.3839869281045752,0.9354575163398693,0.005718954248366013,0.0049019607843137246,0.027777777777777776,0.3660130718954249,0.6111111111111113,0.03676470588235294,55.88235294117647,0.0007857334700709819,0.002390350877192983,70.27254901960785,0.0006248333909155663,0.0019008621892351908,199.7843137254902,0.00021978019331654708,0.0006686132103248603,48.0,63.76470588235294,143.94117647058823,143.86274509803923,-0.15359477124183005,-0.20756457564575648
report_only_rho0.75_b12,report_only,0.75,12,14,51,0.05853222353550988,0.05853222353550988,0.6380718954248366,0.4906045751633986,0.14746732026143794,0.05833020579045656,0.05659762263969552,0.6331699346405228,0.3504901960784313,0.9240196078431371,0.0049019607843137246,0.0065359477124183,0.018790849673202614,0.36192810457516345,0.6429738562091502,0.05718954248366012,59.76470588235294,0.0009793777560075472,0.0024674650043744538,75.35490196078433,0.0007767540267781226,0.001956970501244655,215.66666666666669,0.0002714013456051463,0.0006837742825105313,51.05882352941177,68.47058823529412,155.94117647058823,155.86274509803923,-0.1367127496159754,-0.20103092783505153
report_only_rho0.75_b12,report_only,0.75,12,15,51,0.06123380002062065,0.06123380002062065,0.642156862745098,0.4869281045751635,0.15522875816993448,0.06101514311546202,0.05918533074002677,0.6429738562091503,0.35375816993464054,0.9240196078431374,0.00326797385620915,0.0049019607843137246,0.0261437908496732,0.3537581699346405,0.6413398692810458,0.04983660130718954,64.11764705882354,0.0009550225691289458,0.0024209989806320054,80.90784313725491,0.0007568339192622089,0.0019185872735057211,232.01960784313727,0.000263916487877263,0.000669032930505084,55.294117647058826,72.94117647058823,167.94117647058823,167.86274509803923,-0.12198581560283688,-0.18763440860215053
report_only_rho0.75_b18,report_only,0.75,18,1,53,0.0011869397773887486,0.0011869397773887486,0.40448113207547165,0.41509433962264153,-0.010613207547169878,0.0011818133513667763,0.001137162319971883,0.5440251572327044,0.5243710691823898,0.5841194968553459,0.22562893081761007,0.21069182389937113,0.16981132075471697,0.2303459119496855,0.2649371069182389,0.2460691823899371,0.0,,,0.0,,,0.0,,,0.0,0.0,0.0,0.0,,
report_only_rho0.75_b18,report_only,0.75,18,2,53,0.017825943376812245,0.017825943376812245,0.512185534591195,0.4327830188679244,0.07940251572327056,0.01776640784704287,0.017243917864422365,0.5196540880503145,0.3694968553459119,0.6981132075471697,0.1187106918238994,0.12578616352201258,0.13443396226415097,0.36163522012578625,0.5047169811320755,0.1674528301886792,11.377358490566039,0.0015667910430697328,0.006978993919292437,12.56415094339623,0.0014187941116850108,0.0063197677328928345,23.245283018867923,0.0007668628238401373,0.0034158549783549837,9.849056603773585,12.90566037735849,11.81132075471698,11.924528301886792,-0.4348659003831418,-0.611111111111111
report_only_rho0.75_b18,report_only,0.75,18,3,53,0.029122307950894884,0.029122307950894884,0.5640723270440251,0.4473270440251573,0.11674528301886777,0.02902306325206748,0.028155526019626585,0.5904088050314465,0.39150943396226406,0.7948113207547172,0.056603773584905655,0.07075471698113206,0.1053459119496855,0.3529874213836478,0.5377358490566038,0.09984276729559746,19.18867924528302,0.0015176817319542072,0.006084070796460169,21.5745283018868,0.0013498467981961854,0.005411255411255402,43.04716981132076,0.0006765208509302777,0.002712031558185401,17.32075471698113,21.056603773584907,23.79245283018868,23.92452830188679,-0.28322440087145967,-0.4596774193548387
report_only_rho0.75_b18,report_only,0.75,18,4,53,0.04095126294854386,0.04095126294854386,0.595125786163522,0.47641509433962276,0.1187106918238992,0.04081640396337752,0.03963396319821709,0.6572327044025157,0.42452830188679236,0.8710691823899374,0.03773584905660378,0.042452830188679236,0.04716981132075473,0.30503144654088044,0.5330188679245284,0.08176100628930817,26.320754716981135,0.001555854434604175,0.004510155316606923,29.9066037735849,0.0013693050290355666,0.0039693805663333385,62.179245283018865,0.0006586001930732285,0.00190916906893238,24.452830188679247,28.18867924528302,35.79245283018868,35.924528301886795,-0.20987654320987656,-0.3801874163319946
report_only_rho0.75_b18,report_only,0.75,18,5,53,0.053160367199150974,0.053160367199150974,0.6218553459119497,0.4897798742138364,0.1320754716981133,0.05296040317003099,0.051266854842372006,0.69811320754717,0.430817610062893,0.9300314465408803,0.01415094339622641,0.023584905660377364,0.020440251572327043,0.2877358490566037,0.5455974842767294,0.049528301886792456,31.245283018867923,0.0017013885637409431,0.0042270531400966215,36.031132075471696,0.001475400969578196,0.00366559317152358,79.10377358490567,0.0006720332645330951,0.0016696481812760891,27.50943396226415,34.9811320754717,47.79245283018868,47.924528301886795,-0.2023319615912209,-0.34250269687162893
report_only_rho0.75_b18,report_only,0.75,18,6,53,0.09242441839886402,0.09242441839886402,0.6639150943396224,0.49371069182389943,0.17020440251572294,0.09202595590841463,0.08879974254621209,0.7602201257861632,0.41194968553459116,0.9559748427672957,0.007861635220125786,0.020440251572327046,0.012578616352201255,0.23191823899371072,0.5676100628930817,0.031446540880503145,37.0188679245283,0.0024966840851884777,0.004597774379884463,43.00471698113208,0.002149169321109923,0.003957807758400051,96.87735849056604,0.0009540352858388924,0.001756905898010189,31.92452830188679,42.113207547169814,59.79245283018868,59.924528301886795,-0.14716312056737593,-0.3100358422939068
report_only_rho0.75_b18,report_only,0.75,18,7,53,0.12227222992628793,0.12227222992628793,0.6875,0.49685534591194974,0.19064465408805026,0.1216287830274965,0.11675676765406612,0.7877358490566038,0.38993710691823896,0.9630503144654089,0.0047169811320754715,0.022798742138364785,0.006289308176100628,0.2075471698113207,0.5872641509433961,0.03066037735849058,42.283018867924525,0.0028917573342674076,0.004508775844117209,49.46886792452828,0.002471700587788494,0.00385383094634196,114.14150943396226,0.0010712336864357817,0.001670248229881257,35.320754716981135,49.24528301886792,71.79245283018868,71.9245283018868,-0.1191239316239316,-0.27931034482758615
report_only_rho0.75_b18,report_only,0.75,18,8,53,0.07842668556206923,0.07842668556206923,0.6548742138364779,0.49724842767295596,0.15762578616352196,0.07813570039683458,0.07570154708917207,0.7382075471698113,0.41588050314465413,0.9599056603773585,0.007075471698113208,0.012578616352201257,0.00550314465408805,0.25471698113207547,0.5715408805031446,0.034591194968553465,48.22641509433962,0.0016262184408410289,0.003268453312467396,56.6122641509434,0.0013853303120497488,0.0027843045765357406,132.08490566037736,0.0005937596364244939,0.001193367140442349,40.41509433962264,56.0377358490566,83.79245283018868,83.9245283018868,-0.13165266106442575,-0.232996632996633
report_only_rho0.75_b18,report_only,0.75,18,9,53,0.09947510175077841,0.09947510175077841,0.6768867924528302,0.4964622641509434,0.18042452830188682,0.09914422435404914,0.09627229264418592,0.7106918238993711,0.3451257861635221,0.9544025157232705,0.008647798742138366,0.011792452830188677,0.007075471698113209,0.28066037735849064,0.6430817610062893,0.03852201257861635,56.54716981132076,0.0017591526168806325,0.003190690690690691,66.13301886792452,0.0015041669570451937,0.0027282064449865202,152.4056603773585,0.0006526995224749311,0.0011838440111420615,47.20754716981132,65.88679245283019,95.79245283018868,95.9245283018868,-0.12390087929656277,-0.2219358533791523
report_only_rho0.75_b18,report_only,0.75,18,10,53,0.0771853197311563,0.0771853197311563,0.6556603773584906,0.49685534591194974,0.15880503144654085,0.07693472327829921,0.0747368580692693,0.7130503144654089,0.39229559748427667,0.9606918238993711,0.008647798742138366,0.009433962264150943,0.006289308176100628,0.2783018867924528,0.5982704402515724,0.03301886792452831,60.79245283018868,0.0012696529937154823,0.002612249120629008,71.57830188679247,0.0010783340439290085,0.0022186197110083067,168.6509433962264,0.00045766313651633765,0.0009416195856873821,51.283018867924525,70.30188679245283,107.79245283018868,107.9245283018868,-0.11589403973509935,-0.19404186795491143
report_only_rho0.75_b18,report_only,0.75,18,11,53,0.08427715966811222,0.08427715966811222,0.6619496855345912,0.4929245283018868,0.1690251572327044,0.08399401447213392,0.0815416462556842,0.7193396226415094,0.3836477987421384,0.9583333333333334,0.008647798742138366,0.01179245283018868,0.014150943396226415,0.2720125786163523,0.6045597484276729,0.02751572327044026,66.73584905660377,0.0012628468935283993,0.0025327490340212987,78.72169811320755,0.0010705709059643952,0.0021471228553737987,186.5943396226415,0.000451659786886086,0.0009058428973490401,56.0377358490566,77.43396226415095,119.79245283018868,119.9245283018868,-0.10235690235690237,-0.17811890838206623
report_only_rho0.75_b18,report_only,0.75,18,12,53,0.0767147278197541,0.0767147278197541,0.6552672955974843,0.4948899371069183,0.160377358490566,0.07638532609138955,0.07382741172238672,0.6941823899371068,0.37185534591194974,0.9559748427672957,0.0047169811320754715,0.011792452830188682,0.010220125786163521,0.30110062893081757,0.6163522012578617,0.03380503144654088,73.52830188679245,0.001043336046817287,0.0021811649987169613,86.71415094339622,0.0008846852213294532,0.0018494946527845772,205.3867924528302,0.0003735134421429394,0.0007808552661797802,62.15094339622642,84.90566037735849,131.79245283018867,131.9245283018868,-0.10109289617486339,-0.1651111111111111
report_only_rho0.75_b18,report_only,0.75,18,13,53,0.0441603971843863,0.0441603971843863,0.6171383647798743,0.4952830188679246,0.12185534591194969,0.04388760832458122,0.04209852324158682,0.654874213836478,0.4103773584905661,0.9567610062893083,0.003144654088050314,0.010220125786163521,0.009433962264150943,0.34198113207547165,0.5794025157232706,0.03380503144654089,80.49056603773585,0.0005486406588777482,0.0015139084231911236,94.87641509433959,0.000465451789472397,0.0012843586658579354,224.3490566037736,0.00019683790006917067,0.0005431506945320493,68.94339622641509,92.0377358490566,143.79245283018867,143.9245283018868,-0.10509031198686372,-0.14247642476424763
report_only_rho0.75_b18,report_only,0.75,18,14,53,0.07227532239512885,0.07227532239512885,0.6529088050314464,0.4968553459119497,0.15605345911949675,0.07201848872764366,0.06987954208136718,0.6705974842767295,0.35691823899371056,0.9433962264150944,0.0047169811320754715,0.007861635220125786,0.006289308176100629,0.32468553459119504,0.6352201257861635,0.05031446540880502,86.60377358490567,0.000834551652928503,0.0018019244734930997,102.18962264150946,0.000707266751034763,0.001527096931035224,242.46226415094338,0.00029808895272104817,0.000643619573816842,73.69811320754717,99.50943396226415,155.79245283018867,155.9245283018868,-0.08883768561187917,-0.14144861585134624
report_only_rho0.75_b18,report_only,0.75,18,15,53,0.043826620172656136,0.043826620172656136,0.6179245283018868,0.4948899371069183,0.12303459119496851,0.04358952700680051,0.04197608295146975,0.6375786163522014,0.39308176100628933,0.944182389937107,0.003144654088050314,0.008647798742138365,0.010220125786163521,0.35927672955974854,0.5982704402515723,0.04559748427672956,92.20754716981132,0.0004753040452528699,0.0013343223518177472,108.99339622641511,0.0004021034456217314,0.0011288261074036562,260.0660377358491,0.00016852112084381868,0.00047308980544370663,79.13207547169812,105.28301886792453,167.79245283018867,167.9245283018868,-0.09298998569384835,-0.12562724014336918
report_only_rho1.00_b3,report_only,1.0,3,1,56,0.0036896653520433406,0.0036896653520433406,0.36979166666666663,0.39062500000000017,-0.020833333333333537,0.00367574864347126,0.0035541629093994373,0.49330357142857145,0.5625000000000001,0.5111607142857146,0.234375,0.19122023809523814,0.21875000000000008,0.27232142857142855,0.24627976190476186,0.2700892857142857,0.0,,,0.0,,,0.0,,,0.0,0.0,0.0,0.0,,
report_only_rho1.00_b3,report_only,1.0,3,2,56,0.001277320319373902,0.001277320319373902,0.4386160714285715,0.4166666666666667,0.021949404761904823,0.0012689567480543618,0.0011977715806197205,0.6666666666666669,0.6941964285714287,0.6651785714285715,0.12053571428571429,0.09523809523809522,0.16666666666666666,0.21279761904761907,0.2105654761904761,0.1681547619047619,1.875,0.0006812375036660811,0.01170634920634924,3.0687499999999996,0.00041623472729088466,0.0071525555232276414,13.8125,9.247567923068974e-05,0.0015890971773324758,1.3928571428571428,2.357142857142857,12.0,11.875,0.02564102564102555,0.29545454545454536
report_only_rho1.00_b3,report_only,1.0,3,3,56,0.0014959178061288384,0.0014959178061288384,0.4575892857142858,0.4397321428571429,0.017857142857142905,0.00148304279232121,0.0013766492651033713,0.7827380952380955,0.8169642857142856,0.7812500000000001,0.06696428571428571,0.050595238095238096,0.1205357142857143,0.150297619047619,0.1324404761904762,0.0982142857142857,3.4017857142857144,0.00043974486689351677,0.005249343832021011,5.795535714285714,0.00025811553579792003,0.003081189339084895,27.339285714285715,5.471678454814824e-05,0.000653167864141086,2.4107142857142856,4.392857142857143,24.0,23.875,0.014814814814814723,0.1951219512195122
report_only_rho1.00_b3,report_only,1.0,3,4,56,0.00012066361060634806,0.00012066361060634806,0.48474702380952367,0.45758928571428575,0.027157738095237915,0.00011816482590940643,9.978649249454789e-05,0.8563988095238092,0.8630952380952382,0.8623511904761906,0.027529761904761915,0.023809523809523808,0.0848214285714286,0.11607142857142852,0.11309523809523811,0.052827380952380945,4.794642857142857,2.5166339642292334e-05,0.005664183736809398,8.388392857142858,1.4384592217042024e-05,0.0032375376973567283,40.732142857142854,2.9623683445661955e-06,0.0006667397340347757,3.107142857142857,6.482142857142857,36.0,35.875,-0.04597701149425285,0.0027548209366390795
report_only_rho1.00_b3,report_only,1.0,3,5,56,0.007235693479030168,0.007235693479030168,0.5230654761904763,0.47023809523809534,0.05282738095238093,0.0071715363198809265,0.0066549174967885545,0.9248511904761906,0.8645833333333333,0.9099702380952382,0.010416666666666666,0.014136904761904764,0.059523809523809534,0.06473214285714286,0.12127976190476195,0.030505952380952387,5.9732142857142865,0.0012113567558316573,0.00884404583956153,10.766964285714284,0.0006720272573607918,0.004906432263592889,53.910714285714285,0.0001342162420754188,0.0009799050458209116,3.5357142857142856,8.410714285714286,48.0,47.875,0.10101010101010109,-0.1295116772823779
report_only_rho1.00_b3,report_only,1.0,3,6,56,0.007617904281385986,0.007617904281385986,0.5230654761904763,0.48288690476190477,0.04017857142857151,0.0074787080453627384,0.006585380633423515,0.933779761904762,0.8742559523809526,0.9479166666666666,0.005208333333333333,0.01339285714285714,0.03422619047619048,0.06101190476190475,0.11235119047619051,0.017857142857142853,7.151785714285714,0.0010651751304809368,0.005617977528089899,13.145535714285714,0.0005795050461965839,0.003056442301161454,67.08928571428572,0.00011354874627564949,0.0005988820867713613,3.8035714285714284,10.5,60.0,59.875,-0.08920187793427228,-0.16836734693877548
report_only_rho1.00_b3,report_only,1.0,3,7,56,0.058342207305243164,0.058342207305243164,0.5829613095238095,0.4892113095238095,0.09375000000000006,0.05744900986381924,0.052411456891129575,0.9680059523809524,0.7924107142857141,0.9657738095238094,0.000744047619047619,0.009672619047619046,0.021577380952380952,0.03125000000000001,0.19791666666666674,0.012648809523809524,8.544642857142858,0.0068279281276773605,0.010971786833855805,15.738392857142859,0.003706999045888259,0.00595677086288081,80.48214285714286,0.000724908721786913,0.0011648546705125367,4.232142857142857,12.857142857142858,72.0,71.875,0.012658227848101278,-0.323611111111111
report_only_rho1.00_b3,report_only,1.0,3,8,56,0.04197151456790361,0.04197151456790361,0.5665922619047619,0.4936755952380953,0.07291666666666657,0.04080340719079534,0.03684776130039617,0.9680059523809524,0.8296130952380952,0.9813988095238096,0.0,0.005208333333333333,0.01264880952380952,0.03199404761904762,0.1651785714285714,0.005952380952380953,9.776785714285714,0.004292976832516168,0.007458143074581422,18.170535714285716,0.002309866655989978,0.004012906818665744,93.71428571428571,0.0004478667713038495,0.000778074186991869,4.714285714285714,14.839285714285714,84.0,83.875,-0.0681818181818182,-0.24548736462093862
report_only_rho1.00_b3,report_only,1.0,3,9,56,0.049498426159221974,0.049498426159221974,0.5736607142857142,0.49665178571428586,0.07700892857142833,0.04812727117486222,0.04324068312510321,0.9672619047619045,0.8117559523809524,0.9895833333333336,0.0,0.00818452380952381,0.006696428571428571,0.03273809523809523,0.1800595238095238,0.003720238095238095,11.276785714285715,0.0043894091289254636,0.006828978622327769,20.87053571428571,0.0023716892961851816,0.003689839572192502,107.21428571428572,0.0004616775258022036,0.0007182711525649543,5.303571428571429,17.25,96.0,95.875,-0.10101010101010105,-0.24741200828157353
report_only_rho1.00_b3,report_only,1.0,3,10,56,0.048055766638396565,0.048055766638396565,0.5732886904761905,0.498139880952381,0.07514880952380948,0.04723503196196326,0.04280364960689827,0.9650297619047619,0.808779761904762,0.990327380952381,0.000744047619047619,0.00967261904761905,0.003720238095238095,0.03422619047619048,0.18154761904761904,0.005952380952380952,12.321428571428571,0.0039001781619568228,0.006099033816425117,23.115178571428572,0.002078970166287,0.003251059008330434,120.25892857142857,0.0003996024844829175,0.0006248917266810203,5.517857142857143,19.125,108.0,107.875,-0.11003236245954692,-0.2278244631185808
report_only_rho1.00_b3,report_only,1.0,3,11,56,0.04231311311715441,0.04231311311715441,0.5718005952380952,0.495907738095238,0.0758928571428572,0.04180945614219504,0.0387580913504484,0.9613095238095237,0.813988095238095,0.9873511904761904,0.000744047619047619,0.003720238095238095,0.00818452380952381,0.03794642857142857,0.1822916666666667,0.004464285714285714,13.741071428571429,0.003079316874022933,0.005523066926575703,25.73482142857143,0.001644196880658257,0.0029490337577629,133.67857142857144,0.0003165287649693624,0.0005677264226556242,6.160714285714286,21.321428571428573,120.0,119.875,-0.10144927536231885,-0.195142378559464
report_only_rho1.00_b3,report_only,1.0,3,12,56,0.049117314982311,0.049117314982311,0.577752976190476,0.4985119047619048,0.07924107142857123,0.048571550782562777,0.044961442275959725,0.9620535714285713,0.7998511904761905,0.996279761904762,0.001488095238095238,0.00669642857142857,0.002976190476190476,0.036458333333333336,0.1934523809523809,0.000744047619047619,15.241071428571429,0.0032226943632213427,0.005199179847685986,28.434821428571432,0.0017273649882308636,0.002786761704399151,147.17857142857144,0.0003337259935706644,0.0005384008735743737,6.910714285714286,23.571428571428573,132.0,131.875,-0.11886304909560724,-0.19999999999999998
report_only_rho1.00_b3,report_only,1.0,3,13,56,0.05840046841212782,0.05840046841212782,0.5885416666666666,0.49851190476190477,0.09002976190476186,0.05758384663447886,0.05305212713542832,0.9583333333333333,0.7723214285714287,0.9970238095238095,0.000744047619047619,0.00892857142857143,0.002976190476190476,0.04092261904761905,0.21875,0.0,16.6875,0.0034996535378054128,0.0053950419118958415,31.081249999999997,0.0018789613806435657,0.002896593988490227,160.625,0.00036358268272141834,0.0005604965721697237,7.5,25.875,144.0,143.875,-0.12380952380952384,-0.20841959972394752
report_only_rho1.00_b3,report_only,1.0,3,14,56,0.05063952976946593,0.05063952976946593,0.5710565476190476,0.49776785714285715,0.07328869047619041,0.04912430254761276,0.043507134112284754,0.9709821428571427,0.8177083333333333,0.9925595238095238,0.0,0.011160714285714284,0.004464285714285714,0.029017857142857144,0.1711309523809524,0.002976190476190476,17.919642857142858,0.0028259229368112525,0.004089852184022584,33.51339285714286,0.001511023667025492,0.0021868478309133676,173.85714285714286,0.00029127091896981224,0.00042154546699534333,7.875,27.964285714285715,156.0,155.875,-0.06575963718820863,-0.1500638569604087
report_only_rho1.00_b3,report_only,1.0,3,15,56,0.07568555275436643,0.07568555275436643,0.5918898809523809,0.4985119047619049,0.09337797619047605,0.07384273396034205,0.06602283911250204,0.9732142857142857,0.771577380952381,0.9947916666666669,0.0,0.017857142857142853,0.002976190476190476,0.026785714285714284,0.2105654761904761,0.002232142857142857,19.178571428571427,0.003946360292592663,0.004868870266914953,35.97232142857143,0.0021039941196080913,0.002595828472618659,187.11607142857144,0.0004044845115469313,0.0004990377121407318,8.196428571428571,30.160714285714285,168.0,167.875,-0.06318082788671023,-0.17761989342806397
report_only_rho1.00_b12,report_only,1.0,12,1,55,0.0022293960785690244,0.0022293960785690244,0.3981060606060606,0.3882575757575759,0.009848484848484662,0.0022191446246794845,0.0021300702984599577,0.5356060606060605,0.5181818181818183,0.4977272727272731,0.17803030303030304,0.2212121212121212,0.22348484848484854,0.2863636363636363,0.26060606060606056,0.2787878787878787,0.0,,,0.0,,,0.0,,,0.0,0.0,0.0,0.0,,
report_only_rho1.00_b12,report_only,1.0,12,2,55,0.0033578443767424172,0.0033578443767424172,0.4829545454545455,0.415909090909091,0.06704545454545452,0.0033450191867524653,0.0032334357838965967,0.6318181818181818,0.5651515151515151,0.6568181818181821,0.0878787878787879,0.10075757575757577,0.16818181818181815,0.2803030303030302,0.33409090909090916,0.175,7.199999999999999,0.000466367274547558,0.009311868686868684,8.396363636363638,0.000399916502210552,0.007985058466868769,19.163636363636364,0.00017521958322659671,0.0034985768500948753,5.454545454545454,8.945454545454545,11.945454545454545,11.981818181818182,-0.11000000000000007,-0.24593495934959353
report_only_rho1.00_b12,report_only,1.0,12,3,55,0.010064427098299078,0.010064427098299078,0.5261363636363636,0.4390151515151516,0.08712121212121204,0.010026551368962314,0.009697352362805618,0.6871212121212122,0.587121212121212,0.7772727272727274,0.056818181818181795,0.04772727272727273,0.12196969696969698,0.25606060606060604,0.3651515151515151,0.10075757575757574,12.545454545454545,0.0008022369426180424,0.006944444444444439,14.941818181818181,0.0006735744590003034,0.005830696844325459,36.50909090909091,0.0002756690689275146,0.0023862881806108877,9.381818181818181,15.709090909090909,23.945454545454545,23.98181818181818,-0.2306201550387597,-0.29050925925925924
report_only_rho1.00_b12,report_only,1.0,12,4,55,0.024174344557159354,0.024174344557159354,0.5696969696969697,0.45871212121212135,0.11098484848484835,0.024088724476765022,0.023339015516557197,0.7583333333333334,0.5931818181818184,0.8636363636363639,0.02651515151515152,0.02575757575757576,0.0825757575757576,0.2151515151515152,0.38106060606060604,0.05378787878787879,16.8,0.001438949080783295,0.006606240981240973,20.39636363636363,0.0011852281606737072,0.00544140369644024,52.763636363636365,0.00045816297403299946,0.00210343441304847,12.654545454545454,20.945454545454545,35.945454545454545,35.981818181818184,-0.19971264367816094,-0.3098958333333333
report_only_rho1.00_b12,report_only,1.0,12,5,55,0.03202104920179906,0.03202104920179906,0.5863636363636365,0.4708333333333334,0.11553030303030315,0.0318833203541118,0.030736111390188427,0.7765151515151517,0.5810606060606058,0.9121212121212122,0.013636363636363634,0.022727272727272724,0.058333333333333334,0.20984848484848484,0.3962121212121213,0.02954545454545455,20.945454545454545,0.0015287827309886704,0.005515769675925932,25.741818181818182,0.0012439311386487838,0.0044880397419597914,68.9090909090909,0.00046468541058019745,0.0016765611257695708,14.836363636363636,27.054545454545455,47.945454545454545,47.981818181818184,-0.21936274509803919,-0.2936827956989248
report_only_rho1.00_b12,report_only,1.0,12,6,55,0.03430862458265234,0.03430862458265234,0.5916666666666666,0.4829545454545453,0.10871212121212126,0.034056688833813645,0.03230189125882981,0.7803030303030303,0.5795454545454545,0.949242424242424,0.0053030303030303025,0.017424242424242422,0.03409090909090909,0.21439393939393941,0.40303030303030296,0.016666666666666663,24.98181818181818,0.001373343778781571,0.004351649684619119,30.978181818181817,0.0011075093039358368,0.0035093125171185994,84.94545454545454,0.000403890058228998,0.0012797873858447495,17.454545454545453,32.50909090909091,59.945454545454545,59.981818181818184,-0.23229166666666665,-0.272930648769575
report_only_rho1.00_b12,report_only,1.0,12,7,55,0.03982908930357359,0.03982908930357359,0.5962121212121214,0.4890151515151515,0.1071969696969699,0.03945523498634457,0.03702297737093355,0.8022727272727276,0.5909090909090909,0.9659090909090909,0.0037878787878787876,0.01893939393939394,0.02196969696969697,0.19393939393939394,0.39015151515151514,0.012121212121212123,30.10909090909091,0.0013228260336331807,0.003560285829307575,37.30545454545454,0.0010676478758634114,0.0028734931929687815,102.07272727272726,0.0003902030480399978,0.0010502018762617287,20.945454545454545,39.27272727272727,71.94545454545455,71.98181818181818,-0.18750000000000003,-0.22916666666666666
report_only_rho1.00_b12,report_only,1.0,12,8,55,0.049178347607555156,0.049178347607555156,0.609090909090909,0.4931818181818182,0.1159090909090908,0.048754035792771266,0.04593328705199945,0.7984848484848484,0.5598484848484848,0.9810606060606062,0.0037878787878787876,0.020454545454545454,0.013636363636363632,0.19772727272727272,0.4196969696969697,0.005303030303030303,35.345454545454544,0.001391362715234328,0.0032793209876543178,43.74181818181819,0.0011242867729717903,0.0026498462050045693,119.30909090909091,0.000412192794638149,0.0009715025906735741,24.21818181818182,46.472727272727276,83.94545454545455,83.98181818181818,-0.18093093093093093,-0.217527386541471
report_only_rho1.00_b12,report_only,1.0,12,9,55,0.034612536762185425,0.034612536762185425,0.5893939393939394,0.49659090909090914,0.09280303030303022,0.03432219302483394,0.03232506601126907,0.787121212121212,0.5878787878787878,0.9893939393939395,0.0053030303030303025,0.020454545454545454,0.006818181818181817,0.20757575757575755,0.39166666666666666,0.0037878787878787876,40.58181818181818,0.0008529074918997306,0.0022868130227001178,50.17818181818181,0.0006897925653743744,0.0018494697683406995,136.54545454545456,0.0002534872865406389,0.00067964935641367,28.145454545454545,53.018181818181816,95.94545454545455,95.98181818181818,-0.17248062015503876,-0.18175582990397807
report_only_rho1.00_b12,report_only,1.0,12,10,55,0.028295585843958186,0.028295585843958186,0.5772727272727272,0.49772727272727274,0.07954545454545442,0.028004627367797408,0.026103130026342583,0.8075757575757575,0.6340909090909089,0.9901515151515152,0.004545454545454545,0.018939393939393936,0.004545454545454545,0.1878787878787879,0.34696969696969693,0.0053030303030303025,44.4,0.0006372879694585177,0.0017915642915642888,55.19636363636366,0.0005126349632445154,0.0014411357796956293,152.36363636363637,0.00018571088561070408,0.0005220763723150349,30.10909090909091,58.69090909090909,107.94545454545455,107.98181818181818,-0.14553140096618356,-0.14560099132589835
report_only_rho1.00_b12,report_only,1.0,12,11,55,0.056572743187895666,0.056572743187895666,0.6189393939393939,0.4958333333333333,0.12310606060606061,0.05633098038063858,0.05432559939276657,0.8272727272727272,0.5742424242424243,0.9878787878787878,0.008333333333333333,0.01515151515151515,0.008333333333333333,0.16439393939393943,0.4106060606060606,0.0037878787878787876,49.52727272727273,0.001142254359520654,0.0024856216348507097,61.523636363636356,0.0009195285996022997,0.0020009555332269444,169.4909090909091,0.00033378039855548825,0.0007263283987699349,32.50909090909091,66.54545454545455,119.94545454545455,119.98181818181818,-0.1185682326621924,-0.14918032786885246
report_only_rho1.00_b12,report_only,1.0,12,12,55,0.04381072971657539,0.04381072971657539,0.6079545454545455,0.49848484848484853,0.109469696969697,0.04361144749527521,0.04203679699976734,0.7939393939393942,0.565909090909091,0.9962121212121213,0.006060606060606061,0.012121212121212121,0.0030303030303030303,0.19999999999999996,0.42196969696969683,0.0007575757575757576,55.41818181818182,0.0007905479443607764,0.001975339020122485,68.61454545454544,0.0006385049908346089,0.001595429893829386,187.38181818181818,0.00023380459289847142,0.0005842066110356429,36.654545454545456,74.18181818181819,131.94545454545454,131.98181818181817,-0.13244047619047616,-0.13921568627450978
report_only_rho1.00_b12,report_only,1.0,12,13,55,0.019686275282668822,0.019686275282668822,0.5708333333333333,0.49886363636363634,0.07196969696969696,0.019544980578694006,0.018629030723323392,0.7719696969696969,0.6212121212121214,0.9977272727272727,0.0037878787878787876,0.00909090909090909,0.0022727272727272726,0.2242424242424243,0.36969696969696964,0.0,60.32727272727273,0.000326324635487277,0.0011929877436206548,74.72363636363634,0.000263454460204094,0.0009631450030009572,204.2909090909091,9.636393205293566e-05,0.00035229025750563655,40.36363636363637,80.2909090909091,143.94545454545454,143.98181818181817,-0.13423423423423422,-0.11254528985507249
report_only_rho1.00_b12,report_only,1.0,12,14,55,0.028702768610027518,0.028702768610027518,0.5791666666666668,0.4981060606060606,0.08106060606060622,0.028430079981863338,0.026687154827900503,0.8234848484848486,0.6507575757575759,0.9931818181818182,0.0037878787878787876,0.014393939393939391,0.0037878787878787876,0.17272727272727273,0.33484848484848495,0.0030303030303030303,64.9090909090909,0.0004421995164009842,0.0012488328664799278,80.50545454545457,0.00035653197379093747,0.0010068958248641178,220.87272727272727,0.00012995161948892934,0.0003670014268466696,43.41818181818182,86.4,155.94545454545454,155.98181818181817,-0.09380234505862645,-0.09511784511784512
report_only_rho1.00_b12,report_only,1.0,12,15,55,0.035296982858593305,0.035296982858593305,0.5863636363636364,0.49886363636363645,0.08749999999999997,0.035041919415655154,0.03321299084731903,0.846969696969697,0.6583333333333335,0.9954545454545456,0.0053030303030303025,0.015909090909090904,0.0022727272727272726,0.14772727272727273,0.3257575757575758,0.0022727272727272726,69.27272727272727,0.0005095364979586961,0.001263123359580052,86.06909090909093,0.00041010056555465616,0.001016625121466897,237.23636363636365,0.00014878403258910422,0.00036883047210300416,45.163636363636364,93.38181818181818,167.94545454545454,167.98181818181817,-0.0789049919484702,-0.08664330218068537
report_only_rho1.00_b18,report_only,1.0,18,1,52,0.0015168383042023295,0.0015168383042023295,0.40584935897435914,0.3902243589743591,0.015625000000000056,0.0015106901780208197,0.0014570883247615098,0.5504807692307695,0.5064102564102565,0.5288461538461541,0.2035256410256411,0.2323717948717949,0.21955128205128213,0.24599358974358976,0.26121794871794873,0.2516025641025641,0.0,,,0.0,,,0.0,,,0.0,0.0,0.0,0.0,,
report_only_rho1.00_b18,report_only,1.0,18,2,52,0.02545147198831029,0.02545147198831029,0.5420673076923077,0.41666666666666674,0.12540064102564097,0.02536526285345364,0.024608915162367316,0.5945512820512822,0.41746794871794884,0.6875000000000001,0.09294871794871797,0.09294871794871794,0.16666666666666669,0.3125,0.4895833333333333,0.14583333333333337,11.596153846153847,0.0021948201382954147,0.010813985627418457,12.79519230769231,0.0019891433732503717,0.00980060619723954,23.58653846153846,0.001079067707616906,0.005316619105856772,10.038461538461538,13.153846153846153,11.98076923076923,12.0,-0.22222222222222218,-0.49269005847953207
report_only_rho1.00_b18,report_only,1.0,18,3,52,0.024602013165865723,0.024602013165865723,0.5677083333333334,0.43830128205128205,0.12940705128205132,0.02451633282291047,0.023767362505813766,0.6754807692307693,0.4967948717948719,0.7924679487179487,0.03766025641025642,0.04326923076923077,0.1233974358974359,0.28685897435897434,0.4599358974358974,0.08413461538461539,19.03846153846154,0.0012922269541666843,0.006797138047138049,21.437500000000004,0.0011476157745010248,0.0060364805262764455,43.02884615384615,0.0005717562836312928,0.0030074487895716956,16.96153846153846,21.115384615384617,23.98076923076923,24.0,-0.16553287981859408,-0.3360655737704918
report_only_rho1.00_b18,report_only,1.0,18,4,52,0.023703597708039398,0.023703597708039398,0.5689102564102564,0.4583333333333334,0.11057692307692296,0.023603548431582758,0.02275043865636093,0.7604166666666666,0.5921474358974358,0.872596153846154,0.021634615384615384,0.030448717948717955,0.08333333333333333,0.2179487179487179,0.3774038461538462,0.04407051282051284,25.442307692307693,0.0009316606808904374,0.004346182917611485,29.041346153846142,0.000816201755334271,0.003807568784557823,61.43269230769231,0.00038584663666240375,0.001799968696196586,21.115384615384617,29.76923076923077,35.98076923076923,36.0,-0.12750455373406192,-0.22609819121447028
report_only_rho1.00_b18,report_only,1.0,18,5,52,0.04614777036886081,0.04614777036886081,0.6017628205128206,0.4715544871794873,0.13020833333333331,0.04596204907960659,0.04434303291765568,0.826121794871795,0.6049679487179488,0.9174679487179489,0.016826923076923073,0.017628205128205125,0.05689102564102565,0.15705128205128208,0.3774038461538461,0.02564102564102564,31.326923076923077,0.0014731025532110265,0.004156435440965827,36.125961538461546,0.0012774129297494139,0.0036042869944017094,79.3173076923077,0.0005818121127847647,0.0016416131248232107,23.53846153846154,39.11538461538461,47.98076923076923,48.0,-0.09313725490196077,-0.19174041297935104
report_only_rho1.00_b18,report_only,1.0,18,6,52,0.07296660272029667,0.07296660272029667,0.6334134615384615,0.48357371794871795,0.1498397435897435,0.07260545731343225,0.06969273430881326,0.8581730769230769,0.5769230769230769,0.9495192307692307,0.00641025641025641,0.01442307692307692,0.032852564102564104,0.13541666666666669,0.40865384615384615,0.017628205128205125,37.38461538461539,0.0019517815542466187,0.004008058984910834,43.38365384615385,0.0016818915939872015,0.003453829502722428,97.375,0.0007493360998233292,0.0015387906915506394,26.653846153846153,48.11538461538461,59.98076923076923,60.0,-0.08225108225108228,-0.1858513189448441
report_only_rho1.00_b18,report_only,1.0,18,7,52,0.10216740602286303,0.10216740602286303,0.65625,0.4903846153846153,0.1658653846153847,0.10167870724517207,0.09763742501995738,0.8966346153846154,0.5745192307692308,0.970352564102564,0.004807692307692307,0.009615384615384616,0.019230769230769232,0.09855769230769235,0.41586538461538464,0.010416666666666666,43.61538461538461,0.002342462571952768,0.003802910052910055,50.81442307692307,0.002010598563093034,0.0032641398754896227,115.60576923076923,0.0008837569846442448,0.0014347500623804383,30.115384615384617,57.11538461538461,71.98076923076923,72.0,-0.05874840357598977,-0.16632996632996633
report_only_rho1.00_b18,report_only,1.0,18,8,52,0.10647340636966371,0.10647340636966371,0.6578525641025641,0.4935897435897436,0.16426282051282048,0.10582971938746956,0.10102199984258987,0.9014423076923077,0.5729166666666667,0.9815705128205129,0.003205128205128205,0.012820512820512818,0.012820512820512818,0.0953525641025641,0.4142628205128205,0.005608974358974358,50.19230769230769,0.002121309245679124,0.0032726692209450823,58.59134615384616,0.0018172206880192048,0.002803533820190913,134.18269230769232,0.000793495826760661,0.001224172936820733,33.23076923076923,67.15384615384616,83.98076923076923,84.0,-0.05787037037037037,-0.14604810996563572
report_only_rho1.00_b18,report_only,1.0,18,9,52,0.09157058786152697,0.09157058786152697,0.6526442307692308,0.4963942307692308,0.15625000000000006,0.09115544713862664,0.08772816595559997,0.8669871794871795,0.5504807692307692,0.9895833333333334,0.005608974358974358,0.011217948717948716,0.007211538461538462,0.12740384615384615,0.4383012820512822,0.003205128205128205,57.80769230769231,0.0015840554121089162,0.0027029274783765813,67.40673076923078,0.0013584784014377136,0.002318017773847054,153.7980769230769,0.0005953948820005506,0.0010159424820256335,37.73076923076923,77.88461538461539,95.98076923076923,96.0,-0.07798165137614681,-0.13530864197530865
report_only_rho1.00_b18,report_only,1.0,18,10,52,0.07770566659526251,0.07770566659526251,0.6330128205128206,0.4979967948717949,0.13501602564102572,0.07726153145473004,0.07381529806085345,0.8854166666666669,0.6057692307692307,0.9919871794871795,0.004807692307692307,0.013621794871794869,0.004006410256410256,0.10977564102564104,0.3806089743589744,0.004006410256410256,62.65384615384616,0.0012402377725456261,0.002154951913239207,73.45288461538462,0.001057898093480554,0.0018381310189245687,170.64423076923077,0.000455366502840328,0.0007912135384384219,40.84615384615385,84.46153846153847,107.98076923076923,108.0,-0.06261770244821092,-0.10974499089253188
report_only_rho1.00_b18,report_only,1.0,18,11,52,0.1079117313544216,0.1079117313544216,0.6586538461538463,0.49879807692307687,0.15985576923076938,0.10728891490277084,0.102459204351202,0.8950320512820513,0.5600961538461537,0.9951923076923076,0.004807692307692307,0.017628205128205125,0.002403846153846154,0.10016025641025644,0.42227564102564114,0.002403846153846154,69.40384615384616,0.001554837913668585,0.002303269603768359,81.40288461538461,0.0013256499676183096,0.0019637604979978523,189.39423076923077,0.0005697730649774,0.00084403716301975,44.30769230769231,94.5,119.98076923076923,120.0,-0.054253472222222224,-0.11050061050061051
report_only_rho1.00_b18,report_only,1.0,18,12,52,0.11555234547346853,0.11555234547346853,0.6734775641025641,0.498798076923077,0.17467948717948711,0.11486025276191017,0.10993025596471422,0.875801282051282,0.5168269230769231,0.997596153846154,0.002403846153846154,0.012019230769230766,0.002403846153846154,0.12179487179487179,0.47115384615384615,0.0,77.01923076923077,0.001500305109767881,0.002267998335414065,90.21826923076922,0.001280808714894511,0.0019361875224260246,209.0096153846154,0.0005528566006919413,0.000835748570026529,48.80769230769231,105.23076923076923,131.98076923076923,132.0,-0.05988967691095352,-0.10964912280701752
report_only_rho1.00_b18,report_only,1.0,18,13,52,0.09137527188590551,0.09137527188590551,0.6474358974358975,0.4987980769230769,0.14863782051282054,0.0908634877219076,0.08689742258099187,0.8814102564102566,0.5713141025641024,0.9975961538461539,0.004807692307692307,0.015224358974358972,0.002403846153846154,0.1137820512820513,0.4134615384615384,0.0,83.42307692307692,0.001095323683279642,0.0017817350545566318,97.82211538461537,0.0009340962575450115,0.0015194705198145514,227.41346153846155,0.0004018023878962485,0.0006536016799853425,52.61538461538461,114.23076923076923,143.98076923076923,144.0,-0.05299707602339181,-0.08956228956228957
report_only_rho1.00_b18,report_only,1.0,18,14,52,0.07918796708525169,0.07918796708525169,0.6322115384615383,0.498798076923077,0.13341346153846134,0.07876342535343522,0.07533868924236564,0.8950320512820511,0.6177884615384616,0.9951923076923078,0.005608974358974358,0.012820512820512818,0.002403846153846154,0.09935897435897433,0.3693910256410256,0.002403846153846154,89.65384615384616,0.0008832634681323655,0.0014880952380952358,105.25288461538463,0.0007523591146657934,0.0012675515927756391,245.64423076923077,0.0003223685198601079,0.0005431166086037492,55.73076923076923,123.57692307692308,155.98076923076923,156.0,-0.043133195307108345,-0.07329598506069093
report_only_rho1.00_b18,report_only,1.0,18,15,52,0.09915930798782871,0.09915930798782871,0.6454326923076925,0.498798076923077,0.14663461538461553,0.09856601521015979,0.09391264710785126,0.9142628205128209,0.608173076923077,0.9959935897435899,0.004807692307692307,0.015224358974358972,0.002403846153846154,0.08092948717948717,0.376602564102564,0.0016025641025641025,95.53846153846153,0.001037899358970832,0.001534822866344607,112.3375,0.0008826910692140088,0.0013053042428807435,263.5288461538462,0.00037627496737089737,0.0005564271901339078,57.46153846153846,133.6153846153846,167.98076923076923,168.0,-0.03413654618473896,-0.06966033390903857
