comparison,profile,rho,budget,horizon,m,K0_nats,K2_nats,cost_nats,I_path_nats,D_mixture_nats,decomp_sum_nats,cost_nonpositive_frac,cost_lo,cost_hi,eta_supported,eta_ctl,eta_end,I_end_nats,I_end_bits,K_min_identified,K_min_mean_nats,eta_task,eta_ctl_lo,eta_ctl_hi,eta_end_lo,eta_end_hi
full_communication_rho0.75_b3,full_communication,0.75,3,1,60,-6.195430128155265e-05,-0.02004462119689914,-0.010053287749090348,-0.0017325063057433753,-0.0012301700882715186,-0.0029626763940148937,0.837,-0.030487523644695026,0.009373821873259972,False,,,-1.2592224492687468e-05,-1.8166739829360753e-05,True,0.0015358298200875223,,,,,
full_communication_rho0.75_b3,full_communication,0.75,3,3,60,0.0983450294103512,-0.026254063550689138,0.03604548292983103,-0.001854164658858519,-0.004423816901722664,-0.006277981560581183,0.121,-0.02391047497665419,0.09788926536416574,False,,,-0.001244354053471253,-0.0017952234220530569,True,0.005835131654674394,,,,,
full_communication_rho0.75_b3,full_communication,0.75,3,5,60,-0.003721493911813164,-0.024564396017204136,-0.014142944964508653,-0.0045334899692987,-0.020031422640820824,-0.024564912610119526,0.676,-0.07594725138150485,0.040527740832843134,False,,,-0.0003233758585281977,-0.0004665327474418418,True,0.007515777027746706,,,,,
full_communication_rho0.75_b3,full_communication,0.75,3,8,60,0.102581901847896,-0.03926448738139396,0.031658707233251024,-0.003355090568639981,0.07084036118219075,0.06748527061355077,0.257,-0.0608265743478437,0.12519645562037973,False,,,-0.0004074395465795094,-0.000587811013312306,True,0.0036291208333549194,,,,,
full_communication_rho0.75_b3,full_communication,0.75,3,11,60,0.066767552106858,-0.020576967177614005,0.023095292464622,-0.000734511409887213,0.015905035216468633,0.01517052380658142,0.2715,-0.05407629607008317,0.09801408778419103,False,,,0.005052017534632102,0.007288520643697821,True,0.010515932833395225,,,,,
full_communication_rho0.75_b3,full_communication,0.75,3,15,60,-0.0031724296474407204,0.024074259408078065,0.010450914880318678,0.0027489654145902384,-0.019538083315888657,-0.016789117901298417,0.406,-0.08561467761336851,0.11076914772144485,False,,,0.003697628940901933,0.0053345509360867285,True,0.008126587463017875,,,,,
full_communication_rho0.75_b12,full_communication,0.75,12,1,53,-0.0257330247054765,-0.2644402829854388,-0.14508665384545769,-0.0001282707853445447,-0.062374852898117464,-0.062503123683462,0.9915,-0.3589686658205098,-0.013256198931960556,False,,,-0.0010609816467548085,-0.0015306729602473682,True,0.006137593071389464,,,,,
full_communication_rho0.75_b12,full_communication,0.75,12,3,53,0.013020336022172181,0.11611752438663224,0.06456893020440221,-0.017138696683060426,0.006631646338562431,-0.010507050344497995,0.2265,-0.10507649024062161,0.21551931100332267,False,,,0.0040491409153839706,0.005841675518485052,True,0.10451931187695793,,,,,
full_communication_rho0.75_b12,full_communication,0.75,12,5,53,0.10851295757151003,0.16698243379462538,0.1377476956830677,-0.006556651811534484,0.1805451561853027,0.17398850437376823,0.11,-0.08453497427546083,0.3279626630114994,False,,,-0.0043208728383016546,-0.006233701816129617,True,0.17863773748260858,,,,,
full_communication_rho0.75_b12,full_communication,0.75,12,8,53,0.21477122507924296,0.36452400982712835,0.2896476174531857,-0.00856606718745497,0.30734035912342933,0.2987742919359744,0.023,0.004815468645822584,0.5203755545514144,False,,,-0.006182912432590192,-0.008920057104748587,True,0.09595264989666015,,,,,
full_communication_rho0.75_b12,full_communication,0.75,12,11,53,0.18028786961936874,0.09734241337756555,0.1388151414984671,-0.013509468841176755,0.08485689318891532,0.07134742434773857,0.167,-0.15773285044261295,0.3942758449301195,False,,,-0.005839910489618322,-0.008425209902607792,True,0.0919772758934057,,,,,
full_communication_rho0.75_b12,full_communication,0.75,12,15,53,0.20532707746385265,0.1756067099253506,0.19046689369460165,-0.015263091037065326,0.1738542404854658,0.15859114944840047,0.133,-0.1306124147612311,0.4659537621066261,False,,,-0.0033358388434430735,-0.004812598156640097,True,0.1356713312064812,,,,,
full_communication_rho0.75_b18,full_communication,0.75,18,1,49,-0.005306217308956454,0.027291086458636694,0.010992434574840115,-0.004285505774101153,-0.032549987901875285,-0.03683549367597644,0.3555,-0.05304113904070643,0.07421847531230372,False,,,0.004860474941864225,0.007012183094992589,True,0.0009468929668998719,,,,,
full_communication_rho0.75_b18,full_communication,0.75,18,3,49,-0.00011920940397283811,-0.13622769750631517,-0.06817345345514401,0.007972214338900406,0.018972264724363645,0.02694447906326405,0.7095,-0.31690356228543387,0.1421373966781253,False,,,0.0014541614018181276,0.002097911443055156,True,0.06347966445940134,,,,,
full_communication_rho0.75_b18,full_communication,0.75,18,5,49,0.19339624818373205,0.1157249641200724,0.15456060615190223,-0.010749824200763631,0.028374053305033013,0.017624229104269383,0.0475,-0.026185585919516474,0.32599985213409427,False,,,-0.004608609260092563,-0.006648817724930496,True,0.16850944703178655,,,,,
full_communication_rho0.75_b18,full_communication,0.75,18,8,49,0.13611765738384338,-0.0099077071993492,0.06310497509224709,-0.007871488891901686,0.15058810684247048,0.1427166179505688,0.268,-0.15653580097867612,0.2557228992261032,False,,,-0.0008702242034810364,-0.0012554681428236395,True,0.050045803540004985,,,,,
full_communication_rho0.75_b18,full_communication,0.75,18,11,49,0.037284943889732504,0.16048328520773242,0.09888411454873249,-0.00656050000641668,0.19736645066416386,0.1908059506577472,0.1895,-0.1333942544412466,0.30888869507750594,False,,,-0.0023465786969396637,-0.003385397449130539,True,0.13946217634201408,,,,,
full_communication_rho0.75_b18,full_communication,0.75,18,15,49,-0.1529424676187519,-0.9213896085572439,-0.537166038087998,-0.004779957979972843,-0.4197890067728367,-0.42456896475280953,0.8955,-1.4985482020215934,0.3013368070607246,False,,,-0.0011061744417957741,-0.0015958723815368808,True,0.16089987433936492,,,,,
report_only_rho0.75_b3,report_only,0.75,3,1,59,-0.0803297634816379,-0.052675607297189085,-0.0665026853894135,-0.0016740014302011517,-0.012842236037308925,-0.014516237467510077,0.9935,-0.1374060167940561,-0.012988541516378386,False,,,-0.009312236716328233,-0.013434717730230866,True,0.027003844448028412,,,,,
report_only_rho0.75_b3,report_only,0.75,3,3,59,-0.19943306664965543,-0.5642485970683057,-0.3818408318589806,-0.01698287441838498,-0.3012120917681651,-0.3181949661865501,0.6475,-1.6355992251730078,0.3260163615203004,False,,,-0.0231375819780681,-0.0333804747779207,True,0.054780326806740706,,,,,
report_only_rho0.75_b3,report_only,0.75,3,5,59,0.17313195322905134,-0.6078391286875605,-0.21735358772925462,-0.02311355363897988,0.24422203887223104,0.22110848523325116,0.6245,-1.645398801399194,0.6043773347745476,False,,,-0.008870021609165831,-0.012796736188121488,True,0.4278865009089614,,,,,
report_only_rho0.75_b3,report_only,0.75,3,8,59,0.34011784229126096,1.2081573224868059,0.7741375823890335,0.0003408664578005674,0.6876484473067525,0.687989313764553,0.008,0.13996372270891821,1.2505833371032273,False,,,0.00473409885491042,0.006829860941057384,True,0.8235106345689789,,,,,
report_only_rho0.75_b3,report_only,0.75,3,11,59,-0.0977027087512084,0.3145439356361154,0.10842061344245317,0.03593527633132452,0.23557408883223674,0.2715093651635613,0.386,-2.415293650243266,1.6117900500277955,False,,,0.0317385553283922,0.045789056377251405,True,0.7158418095268819,,,,,
report_only_rho0.75_b3,report_only,0.75,3,15,59,0.4652551792854022,1.7906357319120096,1.1279454555987058,0.04570859799816646,0.5669330974212033,0.6126416954193699,0.008,0.2923035252233938,1.7805878476251549,False,,,0.060641521060007045,0.0874872217052358,True,1.0742628757317196,,,,,
report_only_rho0.75_b12,report_only,0.75,12,1,51,-0.0211835829895139,-0.026510896747790235,-0.02384723986865207,-0.0031124433378387647,-0.001105682064961313,-0.004218125402800078,0.9265,-0.05812574065291355,0.008010817137123072,False,,,-0.003648913077183656,-0.005264268801087748,True,0.019943272200373553,,,,,
report_only_rho0.75_b12,report_only,0.75,12,3,51,0.3057117894972714,1.0996520236367358,0.7026819065670037,0.029591524310914316,0.7760272277700104,0.8056187520809247,0.0705,-0.2730079704391719,1.341945311835693,False,,,0.01504928017446805,0.02171152187665365,True,0.3327511792155292,,,,,
report_only_rho0.75_b12,report_only,0.75,12,5,51,0.41378319197880076,2.671872936931823,1.542828064455312,0.08559751049373641,1.4573704891744657,1.542967999668202,0.0,1.040002426825753,1.977638075000356,True,0.05548091356761532,0.048802419197964145,0.0752937419519318,0.1086259081240253,True,1.050991719385164,0.6812111755020553,0.024520712320243245,0.09496503919015903,0.0058754994528684565,0.09580567734429384
report_only_rho0.75_b12,report_only,0.75,12,8,51,0.6599223587479174,3.0018930019539254,1.830907680350921,0.08835851092838891,1.419784157268261,1.5081426681966499,0.0,1.3071707509752322,2.2460370250835955,True,0.04825940263217077,0.026386571086537997,0.04831137566046796,0.0696985820838809,True,1.6742136875567752,0.9144173163531036,0.013846631705922829,0.08535873276015062,0.00200315752430305,0.050361669990635856
report_only_rho0.75_b12,report_only,0.75,12,11,51,0.7789555134342072,2.9733333915231985,1.8761444524787032,0.11543869217071363,1.7058418071313692,1.8212804993020828,0.0,1.316762526572917,2.323320429890632,True,0.06152974629336225,0.02544837662912777,0.047744830637326735,0.06888123038855473,True,1.3699975143616159,0.730219633435804,0.02933217561213012,0.10360301066771999,0.005711173254005911,0.049807870567786836
report_only_rho0.75_b12,report_only,0.75,12,15,51,0.7701665355894446,2.729448320213645,1.7498074279015448,0.16680579361880432,1.4773898592261445,1.6441956528449488,0.0,0.8767005807186534,2.355651896296346,True,0.09532808637053623,0.042826545757638966,0.07493820787808206,0.10811298087881524,True,1.1817081666247846,0.6753361242968018,0.047250182198457454,0.18564463285763816,0.020325477897754848,0.08669670484740284
report_only_rho0.75_b18,report_only,0.75,18,1,53,-0.07627835160735195,-0.0356620289584114,-0.05597019028288169,-0.00035700330928980557,-0.01855389080736309,-0.018910894116652897,0.8835,-0.16591403601142055,0.027124546678426103,False,,,-0.00046971758746123946,-0.0006776592340486581,True,0.038515998668357414,,,,,
report_only_rho0.75_b18,report_only,0.75,18,3,53,0.4585984930599979,0.47056845375289547,0.4645834734064467,0.032576321048610433,1.371737179388566,1.4043135004371765,0.2705,-1.6716636152430682,1.6943508854677527,False,,,0.028010620364105045,0.04041078309151776,True,0.6596581291162706,,,,,
report_only_rho0.75_b18,report_only,0.75,18,5,53,0.9538306322156266,2.59895504720696,1.7763928397112931,0.04821771541774773,1.697381894118853,1.7455996095366006,0.0,1.2731025530722544,2.2096444460154436,True,0.027143610545955744,0.03152847323738614,0.05600695410592189,0.08080095494390928,False,,,0.006509399769067023,0.052800884125688514,0.006321403639848732,0.059245530290931436
report_only_rho0.75_b18,report_only,0.75,18,8,53,0.9160325590390477,2.8480964704410128,1.8820645147400303,0.11425605090166296,1.4775797016366552,1.5918357525383182,0.0005,0.8452161462513553,2.622165721077233,False,,,0.09179348647645622,0.13243000772549152,True,1.8395822561716542,,,,,
report_only_rho0.75_b18,report_only,0.75,18,11,53,0.5896617381475108,3.2144707113413733,1.9020662247444418,0.14348672591835204,1.8680513635022555,2.0115380894206076,0.0135,0.2933076647153248,2.929605220117253,False,,,0.1152934830521765,0.1663333362461908,True,2.1072326787834865,,,,,
report_only_rho0.75_b18,report_only,0.75,18,15,53,1.4091659724672265,2.18177087734986,1.7954684249085435,0.12278044351748689,1.760923484607869,1.8837039281253558,0.0245,0.027936394882823137,2.933088602254087,False,,,0.0519838552493727,0.0749968501745597,True,1.2977859619713397,,,,,
report_only_rho1.00_b3,report_only,1.0,3,1,56,-0.01923873996431721,-0.034121818720520856,-0.026680279342419035,0.0007683410097215607,-0.010825236435805635,-0.010056895426084074,0.943,-0.06121406446074053,0.005421842349852391,False,,,0.000868407950329947,0.0012528478434095638,True,0.019297621442272695,,,,,
report_only_rho1.00_b3,report_only,1.0,3,3,56,-0.032537467474432515,-0.07099354598616028,-0.05176550673029644,-0.005676681096956014,-0.05425973551491348,-0.0599364166118695,0.592,-0.4343414339160532,0.19527761815954195,False,,,-0.005982960701636382,-0.00863158773408436,True,0.006880110549575996,,,,,
report_only_rho1.00_b3,report_only,1.0,3,5,56,0.07520875017986683,0.5485630526447688,0.3118859014123178,0.04739380137178505,0.26997078607910063,0.3173645874508857,0.003,0.08081952086330571,0.5280719290327793,False,,,0.004311664422351509,0.006220416880103899,True,0.01727965629964515,,,,,
report_only_rho1.00_b3,report_only,1.0,3,8,56,0.13359616681644065,1.4361793599826147,0.7848877633995277,0.09236770599827779,0.6331563280107803,0.7255240340090581,0.0,0.45179189524023206,1.0967970046741466,True,0.11768269338053151,0.04951411390128886,0.038863022116692084,0.05606748928170977,True,0.4389211977989939,0.559215238492095,0.04596394364066822,0.22307955836554216,-0.04183222704216804,0.13439781209611665
report_only_rho1.00_b3,report_only,1.0,3,11,56,0.1870653149207046,2.269480106802741,1.2282727108617226,0.15624054665437978,0.8298977862599369,0.9861383329143167,0.0,0.7790801275972915,1.5602357307334167,True,0.12720346652069284,0.12441594775881519,0.1528167134281504,0.22046791462774243,True,0.5714480310819515,0.46524523913019217,0.05962218642812519,0.21737606095269302,0.07905112201491543,0.19294822826767696
report_only_rho1.00_b3,report_only,1.0,3,15,56,0.08046171842952399,3.506496755606346,1.793479237017935,0.27069146047787246,1.3625706000011435,1.633262060479016,0.0,1.571049046384968,1.9843378139356767,True,0.15093091399706318,0.056165982617774855,0.10073252365168947,0.1453263123285226,False,,,0.11233781375574604,0.1854336488400726,-0.05252847130580928,0.13006560526771077
report_only_rho1.00_b12,report_only,1.0,12,1,55,-0.009299703961444234,4.473481075163331e-06,-0.004647615240184537,6.541615427350877e-05,-0.003082093681565011,-0.0030166775272915023,0.627,-0.03514784661114948,0.026652068922791084,False,,,-0.004784243866088654,-0.006902204900009543,True,0.01202670535051337,,,,,
report_only_rho1.00_b12,report_only,1.0,12,3,55,0.46067355929623705,0.8098284210957835,0.6352509901960102,0.0011427508298050026,0.5964159516550449,0.5975587024848499,0.0505,-0.1433623453124313,1.1208634271092583,False,,,0.009053773471099754,0.013061834088087672,True,0.17521571761324578,,,,,
report_only_rho1.00_b12,report_only,1.0,12,5,55,1.091208023780951,2.8233990419505273,1.957303532865739,0.08745864242096671,1.9780108502290183,2.065469492649985,0.0,1.5604835824695866,2.3451979262384617,True,0.044683229224501644,0.04083165950698837,0.07991995140579929,0.11530011756123358,True,0.5530566817239085,0.2825605085963156,0.012886093148000937,0.075972612358579,0.01621184848045628,0.06713348924100732
report_only_rho1.00_b12,report_only,1.0,12,8,55,1.0797815744982875,3.4693890620373358,2.2745853182678117,0.0972801616672007,2.5700367349812154,2.667316896648416,0.0,1.6574131157503638,2.7327886790487574,True,0.0427683063307924,0.04509282110189371,0.10256746883764437,0.14797357864860283,False,,,0.014935445734485638,0.07231271847895125,0.020826706939090212,0.07424704276239404
report_only_rho1.00_b12,report_only,1.0,12,11,55,1.0061692745120352,4.204467124097979,2.605318199305007,0.14978383687181576,2.3742167244735537,2.5240005613453693,0.0,2.199319450052782,2.951653516532358,True,0.057491571245221404,0.058662933942556575,0.15283560942517005,0.22049517578893535,False,,,0.02507028643579772,0.09152088430992418,0.037403013694539175,0.08291279260715108
report_only_rho1.00_b12,report_only,1.0,12,15,55,2.119039537029183,4.693768780680526,3.4064041588548544,0.15650413201962432,2.9703889322118284,3.126893064231453,0.0,3.073582559434542,3.719859713539664,True,0.04594408787718161,0.02429488908793721,0.08275821122806674,0.11939486093157323,False,,,0.0239682392735163,0.06784427114803786,0.004171896151712552,0.04431841705550714
report_only_rho1.00_b18,report_only,1.0,18,1,52,-0.01774542986926899,-0.008466727245498072,-0.01310607855738353,-0.005550398244850665,-0.007130851743015502,-0.012681249987866166,0.95,-0.02880608051563616,0.0034089431677328825,False,,,0.0018327506975994103,0.0026441003426124574,True,0.006949887442340709,,,,,
report_only_rho1.00_b18,report_only,1.0,18,3,52,1.217919457132623,2.5073826106810273,1.8626510339068252,0.024089270459215197,2.0115744596418845,2.0356637301010996,0.0,1.3985270751523071,2.274708500153996,True,0.012932787742151066,0.012769572220089294,0.02378525689829719,0.03431487217344337,True,0.3986073523245905,0.21400001667973728,-0.009592689648291458,0.03513439410887984,-0.00036775887721948296,0.028314464493949285
report_only_rho1.00_b18,report_only,1.0,18,5,52,1.3991528571959801,2.5892728192377965,1.994212838216888,0.053471643067312516,2.089011209648647,2.1424828527159594,0.0005,0.9603145958600066,2.7267140081788317,False,,,0.05612972708811088,0.08097807891646848,True,0.45270947862397476,,,,,
report_only_rho1.00_b18,report_only,1.0,18,8,52,1.4301917763492153,3.484266443543288,2.457229109946252,0.2731987593739022,2.468326367817436,2.741525127191338,0.001,1.1261605612295322,3.2997497183300375,False,,,0.18028043132679394,0.260089684244489,False,,,,,,
report_only_rho1.00_b18,report_only,1.0,18,11,52,1.9063296834914683,5.1801347817984,3.543232232644935,0.2646409187552351,3.1786113083841565,3.4432522271393915,0.0,2.9185598054899073,4.023980490522326,True,0.07468912602369482,0.05731044135648333,0.20306420308139903,0.29295971876760374,False,,,0.052628044686464495,0.10109091536325228,0.036699093535104324,0.08330874187566531
report_only_rho1.00_b18,report_only,1.0,18,15,52,2.293344023718006,4.760568485876442,3.5269562547972244,0.27567962596748574,2.9390027557687826,3.214682381736268,0.0,2.9893286072038854,3.9518485513442503,True,0.07816360795303809,0.043697544560971927,0.1541193281086004,0.22234719036741685,False,,,0.05818524370593148,0.10072115244085174,0.023907755872252218,0.06379441953179105
