comparison,profile,rho,budget,horizon,kappa_silent,phi_silent,kappa_t0,phi_t0,kappa_t2,phi_t2
full_communication_rho0.75_b3,full_communication,0.75,3,1,0.02505668934240363,0.0,0.026133786848072566,0.0,0.024773242630385495,0.0
full_communication_rho0.75_b3,full_communication,0.75,3,2,0.02772108843537415,0.0,0.04400510204081633,0.0,0.042446145124716554,0.0
full_communication_rho0.75_b3,full_communication,0.75,3,3,0.0278202947845805,0.0,0.05616496598639456,0.0,0.05809240362811791,0.0
full_communication_rho0.75_b3,full_communication,0.75,3,4,0.027324263038548752,0.0,0.058191609977324275,0.0,0.0647108843537415,0.0
full_communication_rho0.75_b3,full_communication,0.75,3,5,0.02672902494331066,0.0,0.06118197278911565,0.0,0.06713435374149661,0.0
full_communication_rho0.75_b3,full_communication,0.75,3,6,0.02602040816326531,0.0,0.06228741496598641,0.0,0.06848072562358277,0.0
full_communication_rho0.75_b3,full_communication,0.75,3,7,0.02457482993197279,0.0,0.06245748299319729,0.0,0.06842403628117914,0.0
full_communication_rho0.75_b3,full_communication,0.75,3,8,0.024333900226757375,0.0,0.06251417233560091,0.0,0.0685374149659864,0.0
full_communication_rho0.75_b3,full_communication,0.75,3,9,0.02475907029478458,0.0,0.0626842403628118,0.0,0.06676587301587303,0.0
full_communication_rho0.75_b3,full_communication,0.75,3,10,0.023115079365079373,0.0,0.05992063492063493,0.0,0.06418650793650794,0.0
full_communication_rho0.75_b3,full_communication,0.75,3,11,0.022052154195011338,0.0,0.05836167800453516,0.0,0.06225907029478459,0.0
full_communication_rho0.75_b3,full_communication,0.75,3,12,0.020975056689342405,0.0,0.06043083900226758,0.0,0.0628826530612245,0.0
full_communication_rho0.75_b3,full_communication,0.75,3,13,0.02018140589569161,0.0,0.06301020408163267,0.0,0.0641298185941043,0.0
full_communication_rho0.75_b3,full_communication,0.75,3,14,0.019954648526077094,0.0,0.059835600907029475,0.0,0.06475340136054424,0.0
full_communication_rho0.75_b3,full_communication,0.75,3,15,0.01944444444444444,0.0,0.05778061224489796,0.0,0.06252834467120182,0.0
full_communication_rho0.75_b12,full_communication,0.75,12,1,0.024772173020151462,0.0,0.02629636760364524,0.0,0.022590168142728795,0.0
full_communication_rho0.75_b12,full_communication,0.75,12,2,0.027595944037992558,0.0,0.06647092799383905,0.0,0.0751989475035297,0.0
full_communication_rho0.75_b12,full_communication,0.75,12,3,0.027772429726607626,0.0,0.09817417533050954,0.0,0.10876331664741368,0.0
full_communication_rho0.75_b12,full_communication,0.75,12,4,0.027339237581825188,0.0,0.09109870363239633,0.0,0.10735143113849314,0.0
full_communication_rho0.75_b12,full_communication,0.75,12,5,0.026713515594917213,0.0,0.09745218842253885,0.0,0.10895584648953921,0.0
full_communication_rho0.75_b12,full_communication,0.75,12,6,0.02599152868694648,0.0,0.09411500449236297,0.0,0.10863496341932997,0.0
full_communication_rho0.75_b12,full_communication,0.75,12,7,0.024916570401745598,0.0,0.08639776665383138,0.0,0.09798164548838405,0.0
full_communication_rho0.75_b12,full_communication,0.75,12,8,0.024162495186753955,0.0,0.08317289179822872,0.0,0.10064497497112052,0.0
full_communication_rho0.75_b12,full_communication,0.75,12,9,0.024900526248235147,0.0,0.07959504556539597,0.0,0.09810999871646772,0.0
full_communication_rho0.75_b12,full_communication,0.75,12,10,0.023697214734950584,0.0,0.07614555256064691,0.0,0.10216916955461432,0.0
full_communication_rho0.75_b12,full_communication,0.75,12,11,0.022461814914645103,0.0,0.08405532024130408,0.0,0.10284302400205364,0.0
full_communication_rho0.75_b12,full_communication,0.75,12,12,0.02175587216018483,0.0,0.08660634064946733,0.0,0.10603581055063535,0.0
full_communication_rho0.75_b12,full_communication,0.75,12,13,0.020809267103067648,0.0,0.09645745090489027,0.0,0.10099794634835069,0.0
full_communication_rho0.75_b12,full_communication,0.75,12,14,0.020536516493389806,0.0,0.10080541650622514,0.0,0.09782120395327944,0.0
full_communication_rho0.75_b12,full_communication,0.75,12,15,0.020151456809138747,0.0,0.09328070850981901,0.0,0.08886856629444233,0.0
full_communication_rho0.75_b18,full_communication,0.75,18,1,0.025059003193113983,0.0,0.02512841871442455,0.0,0.02420866305705956,0.0
full_communication_rho0.75_b18,full_communication,0.75,18,2,0.02837359433569346,0.0,0.08352422601693738,0.0,0.061588921282798845,0.0
full_communication_rho0.75_b18,full_communication,0.75,18,3,0.02846036373733167,0.0,0.10556365403304177,0.0,0.08675204775787866,0.0
full_communication_rho0.75_b18,full_communication,0.75,18,4,0.027384423157017914,0.0,0.10270026377898096,0.0,0.08989310009718174,0.0
full_communication_rho0.75_b18,full_communication,0.75,18,5,0.02672497570456754,0.0,0.10393238928224352,0.0,0.0888692211578509,0.0
full_communication_rho0.75_b18,full_communication,0.75,18,6,0.026308482576704154,0.0,0.10061779813966402,0.0,0.09024017770373456,0.0
full_communication_rho0.75_b18,full_communication,0.75,18,7,0.024920172150492848,0.0,0.09343329168402055,0.0,0.09535957240038873,0.0
full_communication_rho0.75_b18,full_communication,0.75,18,8,0.024243370817714844,0.0,0.09966333472164375,0.0,0.08841802026933222,0.0
full_communication_rho0.75_b18,full_communication,0.75,18,9,0.02544078856032209,0.0,0.10223170901013467,0.0,0.09180202693322227,0.0
full_communication_rho0.75_b18,full_communication,0.75,18,10,0.023965708732472585,0.0,0.09437040122171318,0.0,0.08873039011522978,0.0
full_communication_rho0.75_b18,full_communication,0.75,18,11,0.022924475912814105,0.0,0.08900805220047203,0.0,0.10184992364292657,0.0
full_communication_rho0.75_b18,full_communication,0.75,18,12,0.02190059697348327,0.0,0.09180202693322226,0.0,0.10349854227405247,0.0
full_communication_rho0.75_b18,full_communication,0.75,18,13,0.02103290295710121,0.0,0.09608843537414966,0.0,0.11255726780508124,0.0
full_communication_rho0.75_b18,full_communication,0.75,18,14,0.020442871025961405,0.0,0.0896674996529224,0.0,0.11106483409690407,0.0
full_communication_rho0.75_b18,full_communication,0.75,18,15,0.020043731778425656,0.0,0.08390601138414551,0.0,0.11339025406080801,0.0
report_only_rho0.75_b3,report_only,0.75,3,1,0.03875533264153119,0.0,0.04222875590914332,0.0,0.03865444482877898,0.0
report_only_rho0.75_b3,report_only,0.75,3,2,0.04557246627464545,0.0,0.06260809408509166,0.0,0.06724893347169375,0.0
report_only_rho0.75_b3,report_only,0.75,3,3,0.046350743687305435,0.0,0.07722241438948461,0.0,0.08504842615012108,0.0
report_only_rho0.75_b3,report_only,0.75,3,4,0.04624985587455321,0.0,0.08161824051654563,0.0,0.09728467658249741,0.0
report_only_rho0.75_b3,report_only,0.75,3,5,0.044160036896114384,0.0,0.08318920788654445,0.0,0.10372708405396056,0.0
report_only_rho0.75_b3,report_only,0.75,3,6,0.04188285483685,0.0,0.08575464083938661,0.0,0.1072149198662516,0.0
report_only_rho0.75_b3,report_only,0.75,3,7,0.03960567277758562,0.0,0.0853655021330566,0.0,0.11589127176294246,0.0
report_only_rho0.75_b3,report_only,0.75,3,8,0.03960567277758562,0.0,0.08633114262654214,0.0,0.11731811368615244,0.0
report_only_rho0.75_b3,report_only,0.75,3,9,0.038150005765017876,0.0,0.08842096160498099,0.0,0.12168511472385564,0.0
report_only_rho0.75_b3,report_only,0.75,3,10,0.035671048080249054,0.0,0.08507725123947886,0.0,0.11666954917560245,0.0
report_only_rho0.75_b3,report_only,0.75,3,11,0.03389830508474577,0.0,0.08228121757177448,0.0,0.11597774703101581,0.0
report_only_rho0.75_b3,report_only,0.75,3,12,0.03388389254006688,0.0,0.08370805949498443,0.0,0.11581920903954804,0.0
report_only_rho0.75_b3,report_only,0.75,3,13,0.03234175025942581,0.0,0.08264153118874666,0.0,0.11306641300588033,0.0
report_only_rho0.75_b3,report_only,0.75,3,14,0.03180848610630693,0.0,0.08171912832929781,0.0,0.11029920442753373,0.0
report_only_rho0.75_b3,report_only,0.75,3,15,0.031476997578692496,0.0,0.07922575809985012,0.0,0.1092182635766171,0.0
report_only_rho0.75_b12,report_only,0.75,12,1,0.038448712818460726,0.0,0.04345071361878085,0.0,0.042400293450713625,0.0
report_only_rho0.75_b12,report_only,0.75,12,2,0.04566826730692277,0.0,0.09513805522208882,0.0,0.11899759903961582,0.0
report_only_rho0.75_b12,report_only,0.75,12,3,0.04620181405895691,0.0,0.1300686941443244,0.0,0.16136454581832735,0.0
report_only_rho0.75_b12,report_only,0.75,12,4,0.046485260770975055,0.0,0.13598772842470322,0.0,0.17051820728291311,0.0
report_only_rho0.75_b12,report_only,0.75,12,5,0.04390089369080967,0.0,0.13880552220888356,0.0,0.171968787515006,0.0
report_only_rho0.75_b12,report_only,0.75,12,6,0.041800053354675216,0.0,0.1383219954648526,0.0,0.1830398826197146,0.0
report_only_rho0.75_b12,report_only,0.75,12,7,0.03968253968253968,0.0,0.14279044951313857,0.0,0.17882152861144457,0.0
report_only_rho0.75_b12,report_only,0.75,12,8,0.03958249966653329,0.0,0.14507469654528476,0.0,0.19362745098039214,0.0
report_only_rho0.75_b12,report_only,0.75,12,9,0.0375483526744031,0.0,0.15254435107376285,0.0,0.19241029745231425,0.0
report_only_rho0.75_b12,report_only,0.75,12,10,0.034963985594237704,0.0,0.14980992396958784,0.0,0.18750833666800049,0.0
report_only_rho0.75_b12,report_only,0.75,12,11,0.033346672002134196,0.0,0.14675870348139256,0.0,0.18128918233960253,0.0
report_only_rho0.75_b12,report_only,0.75,12,12,0.033313325330132065,0.0,0.15938041883420034,0.0,0.18392356942777108,0.0
report_only_rho0.75_b12,report_only,0.75,12,13,0.03189609177004136,0.0,0.16751700680272108,0.0,0.19012605042016806,0.0
report_only_rho0.75_b12,report_only,0.75,12,14,0.03181272509003602,0.0,0.15756302521008406,0.0,0.18605775643590763,0.0
report_only_rho0.75_b12,report_only,0.75,12,15,0.03164599173002535,0.0,0.1564125650260104,0.0,0.1802554355075363,0.0
report_only_rho0.75_b18,report_only,0.75,18,1,0.039003337183930176,0.0,0.04193941727634449,0.0,0.04203568219740726,0.0
report_only_rho0.75_b18,report_only,0.75,18,2,0.04553330766268774,0.0,0.12025093056090361,0.0,0.14311384931331017,0.0
report_only_rho0.75_b18,report_only,0.75,18,3,0.04625529457065846,0.0,0.1551469644461558,0.0,0.17988704915928638,0.0
report_only_rho0.75_b18,report_only,0.75,18,4,0.04652804518033629,0.0,0.172875754075215,0.0,0.19302721088435376,0.0
report_only_rho0.75_b18,report_only,0.75,18,5,0.044346040302913635,0.0,0.15930240020536518,0.0,0.19735913233217817,0.0
report_only_rho0.75_b18,report_only,0.75,18,6,0.041618534206135295,0.0,0.15878898729303037,0.0,0.20127390578873058,0.0
report_only_rho0.75_b18,report_only,0.75,18,7,0.03982158901296369,0.0,0.15314144525734819,0.0,0.20570209215761773,0.0
report_only_rho0.75_b18,report_only,0.75,18,8,0.03991785393402646,0.0,0.15663907072262864,0.0,0.20703375689898598,0.0
report_only_rho0.75_b18,report_only,0.75,18,9,0.03840970350404313,0.0,0.16835130278526506,0.0,0.22033436015915797,0.0
report_only_rho0.75_b18,report_only,0.75,18,10,0.035778462328327564,0.0,0.16061802079322296,0.0,0.20178731870106537,0.0
report_only_rho0.75_b18,report_only,0.75,18,11,0.033692722371967666,0.0,0.1605057117186497,0.0,0.20377679373636248,0.0
report_only_rho0.75_b18,report_only,0.75,18,12,0.033885252214093185,0.0,0.1666024900526248,0.0,0.20679309459632908,0.0
report_only_rho0.75_b18,report_only,0.75,18,13,0.03247336670517264,0.0,0.17629315877294313,0.0,0.2073546399691952,0.0
report_only_rho0.75_b18,report_only,0.75,18,14,0.03168720318316006,0.0,0.1704851752021563,0.0,0.2085419073289693,0.0
report_only_rho0.75_b18,report_only,0.75,18,15,0.031350275959440385,0.0,0.16759722757027343,0.0,0.20130599409575145,0.0
report_only_rho1.00_b3,report_only,1.0,3,1,0.05326773566569486,0.0,0.04892492711370263,0.0,0.0495019436345967,0.0
report_only_rho1.00_b3,report_only,1.0,3,2,0.07069970845481051,0.0,0.08275631681243925,0.0,0.09145711856171039,0.0
report_only_rho1.00_b3,report_only,1.0,3,3,0.0844721817298348,0.0,0.10844873663751216,0.0,0.1253036929057337,0.0
report_only_rho1.00_b3,report_only,1.0,3,4,0.09296039844509232,0.0,0.12424076773566571,0.0,0.15309159378036927,0.0
report_only_rho1.00_b3,report_only,1.0,3,5,0.09868500971817298,0.0,0.1354925898931001,0.0,0.17960398445092324,0.0
report_only_rho1.00_b3,report_only,1.0,3,6,0.1021774781341108,0.0,0.1434948979591837,0.0,0.2008169339164237,0.0
report_only_rho1.00_b3,report_only,1.0,3,7,0.10489552964042759,0.0,0.1513301749271137,0.0,0.22543124392614186,0.0
report_only_rho1.00_b3,report_only,1.0,3,8,0.10653547133138971,0.0,0.15927174441205055,0.0,0.2450498056365403,0.0
report_only_rho1.00_b3,report_only,1.0,3,9,0.10822096695821186,0.0,0.16751700680272105,0.0,0.267219387755102,0.0
report_only_rho1.00_b3,report_only,1.0,3,10,0.11072643343051505,0.0,0.17204203109815358,0.0,0.28389212827988336,0.0
report_only_rho1.00_b3,report_only,1.0,3,11,0.1125334062196307,0.0,0.1799684159378037,0.0,0.30303996598639454,0.0
report_only_rho1.00_b3,report_only,1.0,3,12,0.11370262390670553,0.0,0.18794035471331386,0.0,0.32199040330417883,0.0
report_only_rho1.00_b3,report_only,1.0,3,13,0.11512998056365402,0.0,0.19532009232264333,0.0,0.3391946064139942,0.0
report_only_rho1.00_b3,report_only,1.0,3,14,0.11652696793002916,0.0,0.1999514091350826,0.0,0.35377186588921283,0.0
report_only_rho1.00_b3,report_only,1.0,3,15,0.11831875607385811,0.0,0.20341350826044705,0.0,0.36766581632653056,0.0
report_only_rho1.00_b12,report_only,1.0,12,1,0.05320037105751392,0.0,0.05173160173160173,0.0,0.05085034013605441,0.0
report_only_rho1.00_b12,report_only,1.0,12,2,0.07091836734693878,0.0,0.11611008039579468,0.0,0.14545454545454545,0.0
report_only_rho1.00_b12,report_only,1.0,12,3,0.08455473098330242,0.0,0.161873840445269,0.0,0.21863017934446505,0.0
report_only_rho1.00_b12,report_only,1.0,12,4,0.09268707482993199,0.0,0.1937847866419295,0.0,0.27003710575139145,0.0
report_only_rho1.00_b12,report_only,1.0,12,5,0.09868583797155225,0.0,0.21416202844774268,0.0,0.31869202226345084,0.0
report_only_rho1.00_b12,report_only,1.0,12,6,0.10221088435374151,0.0,0.23440012368583796,0.0,0.3480983302411874,0.0
report_only_rho1.00_b12,report_only,1.0,12,7,0.10507111935683365,0.0,0.25734384662956095,0.0,0.38169449598021016,0.0
report_only_rho1.00_b12,report_only,1.0,12,8,0.10664811379097094,0.0,0.2758503401360544,0.0,0.4074984539270253,0.0
report_only_rho1.00_b12,report_only,1.0,12,9,0.10834879406307979,0.0,0.29577922077922075,0.0,0.4274427952999382,0.0
report_only_rho1.00_b12,report_only,1.0,12,10,0.11100803957946816,0.0,0.3058132343846629,0.0,0.441852195423624,0.0
report_only_rho1.00_b12,report_only,1.0,12,11,0.11275510204081633,0.0,0.31737786023500314,0.0,0.4581941867656154,0.0
report_only_rho1.00_b12,report_only,1.0,12,12,0.11393011750154607,0.0,0.34050711193568334,0.0,0.4718769325912184,0.0
report_only_rho1.00_b12,report_only,1.0,12,13,0.11539888682745827,0.0,0.35422077922077916,0.0,0.481787260358689,0.0
report_only_rho1.00_b12,report_only,1.0,12,14,0.116852195423624,0.0,0.365321583178726,0.0,0.48886827458256027,0.0
report_only_rho1.00_b12,report_only,1.0,12,15,0.1188620902906617,0.0,0.3726808905380333,0.0,0.4972325293753865,0.0
report_only_rho1.00_b18,report_only,1.0,18,1,0.05214874411302983,0.0,0.05069335426478284,0.0,0.04874738356881215,0.0
report_only_rho1.00_b18,report_only,1.0,18,2,0.06912284144427003,0.0,0.1407312925170068,0.0,0.16290554683411823,0.0
report_only_rho1.00_b18,report_only,1.0,18,3,0.08222135007849295,0.0,0.19631410256410253,0.0,0.23037676609105176,0.0
report_only_rho1.00_b18,report_only,1.0,18,4,0.09062663526949243,0.0,0.2280383307169021,0.0,0.2832286760858189,0.0
report_only_rho1.00_b18,report_only,1.0,18,5,0.09641548927263213,0.0,0.24695839874411304,0.0,0.33372579801151225,0.0
report_only_rho1.00_b18,report_only,1.0,18,6,0.10017660910518053,0.0,0.2661728152799582,0.0,0.37086276818419683,0.0
report_only_rho1.00_b18,report_only,1.0,18,7,0.10298927263212977,0.0,0.2870388540031397,0.0,0.4041568550497122,0.0
report_only_rho1.00_b18,report_only,1.0,18,8,0.10477171637885924,0.0,0.301380167451596,0.0,0.4325941915227629,0.0
report_only_rho1.00_b18,report_only,1.0,18,9,0.10658686551543695,0.0,0.32113422291993715,0.0,0.45738487702773417,0.0
report_only_rho1.00_b18,report_only,1.0,18,10,0.10879447933019361,0.0,0.32947409733124017,0.0,0.46946951857666147,0.0
report_only_rho1.00_b18,report_only,1.0,18,11,0.11075680272108843,0.0,0.34180402930402926,0.0,0.48595303506017795,0.0
report_only_rho1.00_b18,report_only,1.0,18,12,0.11190149136577708,0.0,0.357126504447933,0.0,0.49838108320251173,0.0
report_only_rho1.00_b18,report_only,1.0,18,13,0.11320970695970697,0.0,0.3740188383045525,0.0,0.5093210361067504,0.0
report_only_rho1.00_b18,report_only,1.0,18,14,0.11466509680795395,0.0,0.3843537414965986,0.0,0.517203035060178,0.0
report_only_rho1.00_b18,report_only,1.0,18,15,0.11680729984301413,0.0,0.3900771847200418,0.0,0.5256737310308739,0.0
