comparison,profile,rho,budget,arm,u,p,lam,gamma,nll_per_obs,n
full_communication_rho0.75_b3,full_communication,0.75,3,silent,-1,0.6908584035439774,0.776302365140095,0.2518821050803908,3.5658066327372757,900
full_communication_rho0.75_b3,full_communication,0.75,3,t0,0,0.811338344261201,0.6823335687280309,0.3792088812202188,3.383907096201164,521
full_communication_rho0.75_b3,full_communication,0.75,3,t0,1,0.5197078866508127,0.6371245177502901,0.44658297092194577,5.184913144626494,319
full_communication_rho0.75_b3,full_communication,0.75,3,t2,0,0.5114508780429065,0.7734515710447795,0.25552224649609645,4.20757523858971,332
full_communication_rho0.75_b3,full_communication,0.75,3,t2,1,0.7212210597709748,0.6900340163148534,0.36816136089644136,4.489313399243443,508
full_communication_rho0.75_b12,full_communication,0.75,12,silent,-1,0.712267120258309,0.7651713591944613,0.26616851552150766,3.5136583667941625,795
full_communication_rho0.75_b12,full_communication,0.75,12,t0,0,0.6482180370450478,0.7668695407494978,0.26397611142796773,4.033168236159073,411
full_communication_rho0.75_b12,full_communication,0.75,12,t0,1,0.30617950605036776,0.5678142707850318,0.5593398875366127,4.619453692935253,331
full_communication_rho0.75_b12,full_communication,0.75,12,t2,0,0.5063112359475203,0.7218592174765658,0.32372206608059706,4.531749338447621,381
full_communication_rho0.75_b12,full_communication,0.75,12,t2,1,0.6083427720625603,0.6234803284187578,0.4678184737584461,5.080089749626449,361
full_communication_rho0.75_b18,full_communication,0.75,18,silent,-1,0.6952274374056601,0.767463515001671,0.2632103707312661,3.603598475497228,735
full_communication_rho0.75_b18,full_communication,0.75,18,t0,0,0.6099159083714779,0.7198086183964285,0.32652828977094384,4.358866147932552,398
full_communication_rho0.75_b18,full_communication,0.75,18,t0,1,0.30478457747004145,0.6068368617543798,0.49433333453359296,3.858511099151069,288
full_communication_rho0.75_b18,full_communication,0.75,18,t2,0,0.5386531737267639,0.7094930902690738,0.34076223223939284,4.5294300331065696,372
full_communication_rho0.75_b18,full_communication,0.75,18,t2,1,0.5241683243408841,0.6185450215361252,0.47560950649809897,4.948322041538401,314
report_only_rho0.75_b3,report_only,0.75,3,silent,-1,0.9468063949081856,0.6271080102840043,0.4621292963896133,2.050271272296682,885
report_only_rho0.75_b3,report_only,0.75,3,t0,0,0.8984859776554154,0.6597735926331219,0.41227638216737095,2.9709440794592665,564
report_only_rho0.75_b3,report_only,0.75,3,t0,1,0.534493035496866,0.5889449099674023,0.5236259925746483,5.353160049610451,262
report_only_rho0.75_b3,report_only,0.75,3,t2,0,0.6243461474279143,0.6796075679835788,0.3831484182456846,5.06236715363106,324
report_only_rho0.75_b3,report_only,0.75,3,t2,1,0.6702282350342994,0.4995971636562016,0.6840164513992848,5.201201794291595,502
report_only_rho0.75_b12,report_only,0.75,12,silent,-1,0.9392013166159093,0.6464024454729619,0.4323905317803334,2.1441540718939476,765
report_only_rho0.75_b12,report_only,0.75,12,t0,0,0.8718040107977241,0.6449577404662601,0.4345876124811241,3.346693324838614,479
report_only_rho0.75_b12,report_only,0.75,12,t0,1,0.3187151333031577,0.5201388832993927,0.6448382138525925,4.421179602826839,235
report_only_rho0.75_b12,report_only,0.75,12,t2,0,0.5503132772708177,0.5278544218012479,0.630504773350185,5.427780120242595,404
report_only_rho0.75_b12,report_only,0.75,12,t2,1,0.29261907347357796,0.420539041120855,0.8507723905121276,4.058986195713993,310
report_only_rho0.75_b18,report_only,0.75,18,silent,-1,0.9475212815984521,0.6096117908599172,0.48986452884939524,2.008152679347361,795
report_only_rho0.75_b18,report_only,0.75,18,t0,0,0.851188691024912,0.5090165991981328,0.6658632126395654,3.769999768788166,509
report_only_rho0.75_b18,report_only,0.75,18,t0,1,0.3451236060319675,0.47830122234624817,0.726297933225637,3.612642745297533,233
report_only_rho0.75_b18,report_only,0.75,18,t2,0,0.5405713224264267,0.5191338301328913,0.646720318560762,5.4272285239968845,432
report_only_rho0.75_b18,report_only,0.75,18,t2,1,0.25181038271573514,0.37222285818556744,0.9681918116442212,3.3132888094247375,310
report_only_rho1.00_b3,report_only,1.0,3,silent,-1,0.9698406459918786,0.6383993513150368,0.4446211660647519,1.6878914745146907,840
report_only_rho1.00_b3,report_only,1.0,3,t0,0,0.992052292124397,0.5396910826529382,0.6089010128036518,0.9198044461646981,631
report_only_rho1.00_b3,report_only,1.0,3,t0,1,0.8431064197347634,0.6157650469481972,0.48002433326796634,3.7899595241456168,153
report_only_rho1.00_b3,report_only,1.0,3,t2,0,0.9318965231884286,0.49085347950301667,0.7011633530703039,3.1709290398864707,221
report_only_rho1.00_b3,report_only,1.0,3,t2,1,0.7920259925729861,0.3828299878638279,0.9412113023950228,4.167494691973259,563
report_only_rho1.00_b12,report_only,1.0,12,silent,-1,0.9683068953817959,0.6364493182714421,0.4476235404230815,1.736061670192677,825
report_only_rho1.00_b12,report_only,1.0,12,t0,0,0.942759006981402,0.5762058178814305,0.5450068740529881,2.5273257367731197,563
report_only_rho1.00_b12,report_only,1.0,12,t0,1,0.4556237284494841,0.5229348989864518,0.6396205540924242,4.536784360096176,207
report_only_rho1.00_b12,report_only,1.0,12,t2,0,0.8687457102807206,0.43463077561054836,0.8189593699878737,3.628521536631146,342
report_only_rho1.00_b12,report_only,1.0,12,t2,1,0.42703519452936456,0.3565988867752879,1.0093063597632481,4.039699417867364,428
report_only_rho1.00_b18,report_only,1.0,18,silent,-1,0.9764115862934262,0.6399548092489828,0.4422325950322392,1.5170401060766383,780
report_only_rho1.00_b18,report_only,1.0,18,t0,0,0.9664321650666975,0.4555102205180105,0.7735948730220139,1.8046033307926794,562
report_only_rho1.00_b18,report_only,1.0,18,t0,1,0.49905487891154776,0.44882561059308423,0.7878976786965444,3.6377087339692262,166
report_only_rho1.00_b18,report_only,1.0,18,t2,0,0.83524600809293,0.3439491337207651,1.0438792293036387,3.4079189028862387,342
report_only_rho1.00_b18,report_only,1.0,18,t2,1,0.304417786945503,0.3857479674796699,0.9339147053315182,3.341677138520415,386
