comparison,target,I_scalar_sensing_bits,H_n_bits,n_round_observations
full_communication_rho0.75_b3,0,1.94394291307835,4.365708709097557,900
full_communication_rho0.75_b3,2,1.9465397942902272,4.251969225098289,900
full_communication_rho0.75_b12,0,2.0199245301597926,4.511381140509342,795
full_communication_rho0.75_b12,2,1.9655916233177124,4.474117232089538,795
full_communication_rho0.75_b18,0,1.8986350228770392,4.58159976722104,735
full_communication_rho0.75_b18,2,1.934024808871683,4.484301001844567,735
report_only_rho0.75_b3,0,1.8864405866212206,3.9429604317486966,885
report_only_rho0.75_b3,2,1.8970445093620216,4.3094934445961135,885
report_only_rho0.75_b12,0,1.947806568905357,4.326301958945502,765
report_only_rho0.75_b12,2,1.7025981574109164,4.553135578784236,765
report_only_rho0.75_b18,0,1.8068844588446005,4.3298911183716715,795
report_only_rho0.75_b18,2,1.6469444570772853,4.538265861507469,795
report_only_rho1.00_b3,0,1.4147856930136822,2.8412856423828914,840
report_only_rho1.00_b3,2,1.4607673568801638,3.680151086771086,840
report_only_rho1.00_b12,0,1.8090775739530573,3.8941476088265192,825
report_only_rho1.00_b12,2,1.451403648411448,4.343596222873666,825
report_only_rho1.00_b18,0,1.5967941347671457,3.722961672906578,780
report_only_rho1.00_b18,2,1.3717626625824297,4.339689440153884,780
