comparison,profile,rho,budget,target,outcome,chi_bar,chi_support_mass,chi_unconditioned,activation_rate,max_abs_weight,e_min,e_max,tau_lag1,n_lag1,tau_lag2,n_lag2,tau_lag5,n_lag5,avail_row_ratio,avail_cell_ratio
full_communication_rho0.75_b3,full_communication,0.75,3,0,truth,-0.005369891385148662,1.0,0.028327236224846918,0.37976190476190474,8.38905609893065,0.11920292202211755,0.8807970779778823,-0.0018422252729648806,840,-0.015658443656706923,780,-0.06583808329305425,600,-0.14596048003657244,0.00152538907487692
full_communication_rho0.75_b3,full_communication,0.75,3,0,alloc1,-0.013755837696010824,0.9940476190476191,-0.021468741288054274,0.37976190476190474,8.38905609893065,0.11920292202211755,0.8807970779778823,-0.017124793633388837,840,-0.01696604480991196,780,-0.01187682772106494,600,-0.029368411091499284,-0.01832364734616628
full_communication_rho0.75_b3,full_communication,0.75,3,0,false_target,0.029214819907768075,1.0,-0.006858494936792641,0.37976190476190474,8.38905609893065,0.11920292202211755,0.8807970779778823,0.018967018906353723,840,0.03262448846661889,780,0.07771491101411923,600,-0.028628466982120595,0.028741837074436134
full_communication_rho0.75_b3,full_communication,0.75,3,2,truth,-0.01952765943344557,1.0,-0.03463756601207982,0.6047619047619047,8.38905609893065,0.11920292202211755,0.8807970779778823,-0.031709955132275675,840,-0.025659168945012245,780,-0.008885675641562988,600,-0.18661202948351452,-0.07495341737983323
full_communication_rho0.75_b3,full_communication,0.75,3,2,alloc1,-0.009870402338373073,0.9904761904761905,-0.013076913955032729,0.6047619047619047,8.38905609893065,0.11920292202211755,0.8807970779778823,-0.0131636709445832,840,-0.01978936400641026,780,-0.010883752107389944,600,-0.019194701644452177,-0.01423404882229121
full_communication_rho0.75_b3,full_communication,0.75,3,2,false_target,0.028209715226179318,1.0,0.04771447996711255,0.6047619047619047,8.38905609893065,0.11920292202211755,0.8807970779778823,0.04487362607685888,840,0.04544853295142251,780,0.01976942774895295,600,0.1707840659797684,0.06601286192560364
full_communication_rho0.75_b12,full_communication,0.75,12,0,truth,-0.06354931207910298,0.9784366576819407,-0.0025978687797551274,0.44609164420485176,8.38905609893065,0.11920292202211755,0.8807970779778823,-0.0574323626785218,742,-0.06943968393596414,689,-0.03559038322046671,530,-0.5487944882412806,-0.07633877909728135
full_communication_rho0.75_b12,full_communication,0.75,12,0,alloc1,-0.010976860638439202,0.9851752021563343,-0.020383560838276693,0.44609164420485176,8.38905609893065,0.11920292202211755,0.8807970779778823,-0.014516171354480033,742,-0.0012828208474134355,689,-0.015543630110844133,530,-0.008221453920508276,-0.015706889019357177
full_communication_rho0.75_b12,full_communication,0.75,12,0,false_target,0.07350513604155705,1.0,0.02298142961803182,0.44609164420485176,8.38905609893065,0.11920292202211755,0.8807970779778823,0.07194853403300183,742,0.07072250478337758,689,0.05113401333131082,530,0.12011816188005217,0.12892871333228553
full_communication_rho0.75_b12,full_communication,0.75,12,2,truth,-0.0229038953793482,1.0,-0.04807990587049195,0.4865229110512129,8.38905609893065,0.11920292202211755,0.8807970779778823,-0.02477412508692238,742,0.007139121717925164,689,0.021524503059638794,530,-0.25995303045119844,-0.05355327422141148
full_communication_rho0.75_b12,full_communication,0.75,12,2,alloc1,-0.010779541040091746,0.9865229110512129,-0.02245148719290975,0.4865229110512129,8.38905609893065,0.11920292202211755,0.8807970779778823,-0.029148327214950615,742,-0.040043182577656315,689,-0.03743788801981568,530,-0.04260498178960805,-0.030998710722235926
full_communication_rho0.75_b12,full_communication,0.75,12,2,false_target,0.044676823089163764,0.9568733153638814,0.0705313930634017,0.4865229110512129,8.38905609893065,0.11920292202211755,0.8807970779778823,0.053922452301873,742,0.03290406085973113,689,0.01591338496017687,530,-0.022397071744771724,0.08769437204498733
full_communication_rho0.75_b18,full_communication,0.75,18,0,truth,-0.06578474997267392,1.0,-0.038522328075562995,0.4198250728862974,8.38905609893065,0.11920292202211755,0.8807970779778823,-0.08476840944490296,686,-0.07852344033163758,637,-0.030668821604669223,490,-0.4830886657125972,-0.14916235416675347
full_communication_rho0.75_b18,full_communication,0.75,18,0,alloc1,-0.009027873553845031,0.9912536443148688,-0.016417446026428438,0.4198250728862974,8.38905609893065,0.11920292202211755,0.8807970779778823,-0.01940729665361583,686,-0.0212565834015986,637,0.0016841038897255378,490,-0.02808793051424468,-0.020815748019878243
full_communication_rho0.75_b18,full_communication,0.75,18,0,false_target,0.07663520925744602,1.0,0.05493977410199143,0.4198250728862974,8.38905609893065,0.11920292202211755,0.8807970779778823,0.1041757060985188,686,0.09978002373323618,637,0.02898471771494368,490,0.2461270859733482,0.19523406492357379
full_communication_rho0.75_b18,full_communication,0.75,18,2,truth,-0.05918017192463796,1.0,-0.08407101111795995,0.4577259475218659,8.38905609893065,0.11920292202211755,0.8807970779778823,-0.05969340305215325,686,-0.025001734674649063,637,0.0029894195661507084,490,-0.392004904762753,-0.10176336593013596
full_communication_rho0.75_b18,full_communication,0.75,18,2,alloc1,-0.010399882551349422,0.9927113702623906,-0.021626657991461767,0.4577259475218659,8.38905609893065,0.11920292202211755,0.8807970779778823,-0.027348074642845954,686,-0.03230330828785124,637,-0.02334183080403741,490,-0.039037059741174676,-0.029556170468676368
full_communication_rho0.75_b18,full_communication,0.75,18,2,false_target,0.07762570879181026,1.0,0.10569766910942174,0.4577259475218659,8.38905609893065,0.11920292202211755,0.8807970779778823,0.08704147769499922,686,0.0573050429625003,637,0.020352411237886694,490,0.07097151654842758,0.14655627266190766
report_only_rho0.75_b3,report_only,0.75,3,0,truth,-0.06253461318346568,1.0,-0.013548828794687162,0.3171912832929782,8.38905609893065,0.11920292202211755,0.8807970779778823,-0.07710337666216849,826,-0.10699307805217212,767,-0.12211587020996958,590,-0.5411574174754061,-0.22479266626874417
report_only_rho0.75_b3,report_only,0.75,3,0,alloc1,-0.013071875246901506,0.9878934624697336,-0.03527432642159782,0.3171912832929782,8.38905609893065,0.11920292202211755,0.8807970779778823,-0.022412818635254367,826,-0.0036331893644124553,767,0.02135757381473352,590,-0.033723454278376766,-0.022820610845412877
report_only_rho0.75_b3,report_only,0.75,3,0,false_target,0.08787965252423521,1.0,0.04882315521628498,0.3171912832929782,8.38905609893065,0.11920292202211755,0.8807970779778823,0.09951619529742285,826,0.11062626741658457,767,0.10075829639523604,590,0.1718923606628658,0.13184800466774993
report_only_rho0.75_b3,report_only,0.75,3,2,truth,-0.06965772433628514,1.0,-0.1127767735641795,0.6077481840193705,8.38905609893065,0.11920292202211755,0.8807970779778823,-0.09624332617820568,826,-0.06442353364915569,767,-0.13217217303010895,590,-0.5484217060905036,-0.23578344686448938
report_only_rho0.75_b3,report_only,0.75,3,2,alloc1,-0.005008872244627502,0.9842615012106537,-0.011490048038299477,0.6077481840193705,8.38905609893065,0.11920292202211755,0.8807970779778823,-0.006740086616235604,826,-0.0039773800816869445,767,0.006512067342305498,590,-0.015021742582991717,-0.007005110468714196
report_only_rho0.75_b3,report_only,0.75,3,2,false_target,0.10040383038108847,1.0,0.12426682160247897,0.6077481840193705,8.38905609893065,0.11920292202211755,0.8807970779778823,0.10298341279444129,826,0.06840091373084264,767,0.12566010568780342,590,0.3076802981213511,0.15242372806442728
report_only_rho0.75_b12,report_only,0.75,12,0,truth,-0.17835073317126687,1.0,-0.09816661484475636,0.3291316526610644,8.38905609893065,0.11920292202211755,0.8807970779778823,-0.18006612864356053,714,-0.1590419036794441,663,-0.10518848815687162,510,-1.5030426511203028,-0.39131796276808484
report_only_rho0.75_b12,report_only,0.75,12,0,alloc1,-0.0017967289131893287,0.9859943977591037,-0.01357474940404803,0.3291316526610644,8.38905609893065,0.11920292202211755,0.8807970779778823,-0.007503176070068317,714,-0.010539487382293145,663,-0.007196032531113828,510,-0.016097699706226615,-0.007775424838938719
report_only_rho0.75_b12,report_only,0.75,12,0,false_target,0.18055601077795952,1.0,0.11174136424880438,0.3291316526610644,8.38905609893065,0.11920292202211755,0.8807970779778823,0.18756930471362887,714,0.16958139106173725,663,0.11238452068798546,510,0.3940161359302503,0.2706339143968936
report_only_rho0.75_b12,report_only,0.75,12,2,truth,-0.22049891885556552,0.9985994397759104,-0.28411716171617163,0.4341736694677871,8.38905609893065,0.11920292202211755,0.8807970779778823,-0.22909197842834997,714,-0.0703106935710289,663,-0.03652862623803688,510,-0.8594312223054839,-0.4078521510344697
report_only_rho0.75_b12,report_only,0.75,12,2,alloc1,-0.0028890461340010335,0.9929971988795518,-0.012216544235068669,0.4341736694677871,8.38905609893065,0.11920292202211755,0.8807970779778823,-0.006804088353955531,714,-0.01073363603244752,663,-0.010659385409847573,510,-0.01229934383230128,-0.0070237866285169865
report_only_rho0.75_b12,report_only,0.75,12,2,false_target,0.21552002547124263,0.969187675070028,0.29633370595124026,0.4341736694677871,8.38905609893065,0.11920292202211755,0.8807970779778823,0.2358960667823055,714,0.08104432960347642,663,0.04718801164788445,510,0.6869010975696118,0.49482643406447896
report_only_rho0.75_b18,report_only,0.75,18,0,truth,-0.2208766447397354,1.0,-0.1286144815355082,0.3140161725067385,8.38905609893065,0.11920292202211755,0.8807970779778823,-0.23524571838111907,742,-0.19141113337451066,689,-0.09268767421262208,530,-1.5347995375886783,-0.5549728454103222
report_only_rho0.75_b18,report_only,0.75,18,0,alloc1,-0.004532126335368693,0.9865229110512129,-0.024017962792763164,0.3140161725067385,8.38905609893065,0.11920292202211755,0.8807970779778823,-0.011785709232173324,742,-0.011950733253883501,689,-0.017316087714611635,530,-0.021588966036122963,-0.012232189649524569
report_only_rho0.75_b18,report_only,0.75,18,0,false_target,0.23368286421953394,1.0,0.15263244432827136,0.3140161725067385,8.38905609893065,0.11920292202211755,0.8807970779778823,0.2470314276132923,742,0.20336186662839412,689,0.11000376192723371,530,0.36343018375406605,0.34726274565585674
report_only_rho0.75_b18,report_only,0.75,18,2,truth,-0.22333050332037693,1.0,-0.30571049880525686,0.41778975741239893,8.38905609893065,0.11920292202211755,0.8807970779778823,-0.21616014422481264,742,-0.009262299195055035,689,-0.009289936597530236,530,-0.6974659191635153,-0.35643166188360165
report_only_rho0.75_b18,report_only,0.75,18,2,alloc1,-0.01510133045913329,0.9919137466307277,-0.026232078853046594,0.41778975741239893,8.38905609893065,0.11920292202211755,0.8807970779778823,-0.020599024338225472,742,-0.019801764497801688,689,-0.01749709363576669,530,-0.03722460322501658,-0.021508497532402176
report_only_rho0.75_b18,report_only,0.75,18,2,false_target,0.2359828518951363,0.9649595687331537,0.33194257765830343,0.41778975741239893,8.38905609893065,0.11920292202211755,0.8807970779778823,0.2367591685630381,742,0.029064063692856724,689,0.02678703023329693,530,0.6797733912997588,0.5456257619480384
report_only_rho1.00_b3,report_only,1.0,3,0,truth,-0.029779039163271556,0.9808673469387755,0.021359653211522323,0.1951530612244898,8.38905609893065,0.11920292202211755,0.8807970779778823,-0.035904878113692855,784,-0.03469372890008306,728,-0.03652053068613496,560,-0.4609842443013793,-0.13820561702983153
report_only_rho1.00_b3,report_only,1.0,3,0,alloc1,-0.003428140208444196,0.985969387755102,-0.03063099689602906,0.1951530612244898,8.38905609893065,0.11920292202211755,0.8807970779778823,-0.0008059487961481088,784,0.0008753545917395688,728,0.0026897533155895016,560,-0.005331715177004274,-0.0008339143551456047
report_only_rho1.00_b3,report_only,1.0,3,0,false_target,0.04252813955344528,0.9719387755102041,0.009271343684506729,0.1951530612244898,8.38905609893065,0.11920292202211755,0.8807970779778823,0.03671082690984097,784,0.03381837430834349,728,0.033830777370545455,560,0.023223595471755072,0.04000179054526103
report_only_rho1.00_b3,report_only,1.0,3,2,truth,-0.10202188218599918,0.9923469387755102,-0.16351043081531014,0.7181122448979592,8.38905609893065,0.11920292202211755,0.8807970779778823,-0.09752814288136252,784,-0.028590293790908217,728,-0.0060269027481755,560,-0.8834857852041436,-0.40315480700316325
report_only_rho1.00_b3,report_only,1.0,3,2,alloc1,0.001400937683443907,0.9910714285714286,-0.000966126305693751,0.7181122448979592,8.38905609893065,0.11920292202211755,0.8807970779778823,0.0005705570196798218,784,0.004451179363921962,728,0.014320249092474044,560,-0.008763356509503259,0.0005895766314622182
report_only_rho1.00_b3,report_only,1.0,3,2,false_target,0.10348081563424373,0.9923469387755102,0.16447655712100387,0.7181122448979592,8.38905609893065,0.11920292202211755,0.8807970779778823,0.09695758586168271,784,0.024139114426986262,728,-0.008293346344298558,560,0.13247532856097716,0.11604328098736096
report_only_rho1.00_b12,report_only,1.0,12,0,truth,-0.1858246803459463,1.0,-0.09758976097110317,0.2688311688311688,8.38905609893065,0.11920292202211755,0.8807970779778823,-0.1950800441387252,770,-0.11397855259182005,715,-0.046658113345027195,550,-1.877236954207465,-0.5404843483475533
report_only_rho1.00_b12,report_only,1.0,12,0,alloc1,-0.0006841817739476593,0.9896103896103896,-0.013959321898158877,0.2688311688311688,8.38905609893065,0.11920292202211755,0.8807970779778823,-0.001843547338382914,770,-0.00502229640838483,715,-0.001982522563952903,550,-0.00366253677251666,-0.0018988270434353055
report_only_rho1.00_b12,report_only,1.0,12,0,false_target,0.1904186337848325,1.0,0.11154908286926203,0.2688311688311688,8.38905609893065,0.11920292202211755,0.8807970779778823,0.1969235914771082,770,0.11900084900020487,715,0.0486406359089801,550,0.26215973259883635,0.24590593170157013
report_only_rho1.00_b12,report_only,1.0,12,2,truth,-0.30501342171294,0.9987012987012988,-0.3841932192891367,0.5558441558441558,8.38905609893065,0.11920292202211755,0.8807970779778823,-0.294104529735188,770,0.027156045231091417,715,0.04668336628631791,550,-1.271467901848648,-0.6990901222331378
report_only_rho1.00_b12,report_only,1.0,12,2,alloc1,0.0035095094900939447,0.9831168831168832,-0.007970910531781169,0.5558441558441558,8.38905609893065,0.11920292202211755,0.8807970779778823,-0.009691558596018095,770,-0.0212659567054383,715,-0.01924705189831024,550,-0.029784778385133697,-0.01009924455026584
report_only_rho1.00_b12,report_only,1.0,12,2,false_target,0.3074421076859995,0.9974025974025974,0.39216412982091786,0.5558441558441558,8.38905609893065,0.11920292202211755,0.8807970779778823,0.3037960883312061,770,-0.005890088525653132,715,-0.027436314388007657,550,0.626104203989302,0.482966299193786
report_only_rho1.00_b18,report_only,1.0,18,0,truth,-0.2423379897457925,1.0,-0.16014056224899598,0.22802197802197802,8.38905609893065,0.11920292202211755,0.8807970779778823,-0.2504371407675007,728,-0.17406100731993035,676,-0.016736390157840685,520,-1.70311178318983,-0.7769225975507063
report_only_rho1.00_b18,report_only,1.0,18,0,alloc1,0.0024933231931640117,0.978021978021978,-0.03266089268104446,0.22802197802197802,8.38905609893065,0.11920292202211755,0.8807970779778823,-0.009331021055071843,728,-0.011614988425543269,676,-0.02228274942803928,520,-0.018974542122594164,-0.009616114183922098
report_only_rho1.00_b18,report_only,1.0,18,0,false_target,0.24689577923720984,0.9986263736263736,0.19280145493004047,0.22802197802197802,8.38905609893065,0.11920292202211755,0.8807970779778823,0.25976816182257256,728,0.18567599574547358,676,0.03901913958587998,520,0.3663493996523781,0.30877402023021894
report_only_rho1.00_b18,report_only,1.0,18,2,truth,-0.372028844133405,0.9986263736263736,-0.47571622276762715,0.5302197802197802,8.38905609893065,0.11920292202211755,0.8807970779778823,-0.3672256040182869,728,0.04018658421557972,676,0.036642833473841036,520,-1.3366421512636715,-0.8213210752589984
report_only_rho1.00_b18,report_only,1.0,18,2,alloc1,0.005744472721232174,0.9807692307692307,-0.003977542445636258,0.5302197802197802,8.38905609893065,0.11920292202211755,0.8807970779778823,-0.004542701575324837,728,-0.013732726432713428,676,-0.014975894896321122,520,-0.010582278923226527,-0.004723566144383477
report_only_rho1.00_b18,report_only,1.0,18,2,false_target,0.3645009409658592,0.9848901098901099,0.4796937652132634,0.5302197802197802,8.38905609893065,0.11920292202211755,0.8807970779778823,0.3717683055936116,728,-0.026453857782866266,676,-0.021666938577519928,520,0.8592868025066225,0.6253987649467163
