comparison,horizon,observed,null_mean,null_p95,n_swaps,p_value
full_communication_rho0.75_b12,15,0.0,-0.0015185260055351473,0.004764815916693947,200,0.5373134328358209
full_communication_rho0.75_b12,1,-0.001029531412307895,-0.0013195127912658733,0.0030866451611757757,200,0.6865671641791045
full_communication_rho0.75_b12,8,-0.003209628658479496,-0.0016275625863731637,0.003783550600734419,200,0.8059701492537313
full_communication_rho0.75_b18,15,-0.0015958723815368808,-0.0015937313264146782,0.0030095785701129496,200,0.7562189054726368
full_communication_rho0.75_b18,1,-0.015695341823256565,-0.0020766660222531464,0.004803550407799862,200,0.9552238805970149
full_communication_rho0.75_b18,8,0.0,-0.0023568035725767687,0.0040081655403641885,200,0.47761194029850745
full_communication_rho0.75_b3,15,-0.0015759005373642845,-0.0011329238487275102,0.005776042485948878,200,0.7014925373134329
full_communication_rho0.75_b3,1,0.0008830181750867232,-0.0018305772220066025,0.0014541621890715015,200,0.07960199004975124
full_communication_rho0.75_b3,8,-0.000587811013312306,-0.0014165501201788156,0.004160688812896756,200,0.6169154228855721
report_only_rho0.75_b12,15,0.10811298087881524,-0.000876829080289894,0.008770656062861353,200,0.004975124378109453
report_only_rho0.75_b12,1,-0.00407360408840943,-0.001235811135240011,0.00204161203336384,200,0.900497512437811
report_only_rho0.75_b12,8,0.0696985820838809,-0.001899580666037002,0.006973444902862529,200,0.004975124378109453
report_only_rho0.75_b18,15,0.06583535625227308,-0.0018405156606321133,0.004594463494908322,200,0.004975124378109453
report_only_rho0.75_b18,1,2.8238324397836823e-05,-0.0005082383943075314,0.0027131188108669105,200,0.19402985074626866
report_only_rho0.75_b18,8,0.11302912535325436,-0.0013209050967149943,0.004979857227810462,200,0.004975124378109453
report_only_rho0.75_b3,15,0.08273294724983091,-0.0011568310595015056,0.005367995418908555,200,0.004975124378109453
report_only_rho0.75_b3,1,-0.0013954109798687794,-0.001149851031168809,0.0021295792829026535,200,0.7164179104477612
report_only_rho0.75_b3,8,0.006829860941057384,-0.001203477670945248,0.00316666590586497,200,0.014925373134328358
report_only_rho1.00_b12,15,0.10915941064366849,-0.0017177370508595518,0.004330056836276677,200,0.004975124378109453
report_only_rho1.00_b12,1,-0.003728319192341987,-0.0004378935100339719,0.0032714327179061047,200,0.9104477611940298
report_only_rho1.00_b12,8,0.0853679145915467,-0.0013405061912785282,0.004086310525829012,200,0.004975124378109453
report_only_rho1.00_b18,15,0.20731088191138397,-0.0025978841636387995,0.004270244075044896,200,0.004975124378109453
report_only_rho1.00_b18,1,0.0005576771942712604,-0.0011080101318246233,0.0027304157837000635,200,0.13432835820895522
report_only_rho1.00_b18,8,0.25091848218646623,-0.002626125269740245,0.0073413655379795,200,0.004975124378109453
report_only_rho1.00_b3,15,0.07732732450927451,-0.0009094360155738874,0.005303496078798871,200,0.004975124378109453
report_only_rho1.00_b3,1,0.0028490398184649484,-0.0014340279880742527,0.0028330142684240616,200,0.05472636815920398
report_only_rho1.00_b3,8,0.01567005931751701,-0.002543799443802351,0.00556891201856742,200,0.01990049751243781
