comparison,profile,rho,budget,horizon,silent_x0,silent_x1,silent_x2,t0_x0,t0_x1,t0_x2,t2_x0,t2_x1,t2_x2
full_communication_rho0.75_b3,full_communication,0.75,3,0,0.44236111111111115,0.23125000000000012,0.3263888888888889,0.44236111111111115,0.23125000000000012,0.3263888888888889,0.44236111111111115,0.23125000000000012,0.3263888888888889
full_communication_rho0.75_b3,full_communication,0.75,3,1,0.4743055555555556,0.20277777777777775,0.32291666666666674,0.46388888888888863,0.22083333333333333,0.31527777777777766,0.4812500000000001,0.2159722222222222,0.30277777777777787
full_communication_rho0.75_b3,full_communication,0.75,3,2,0.557638888888889,0.1680555555555555,0.2743055555555555,0.532638888888889,0.15277777777777776,0.3145833333333334,0.523611111111111,0.1819444444444444,0.29444444444444434
full_communication_rho0.75_b3,full_communication,0.75,3,3,0.5909722222222222,0.15694444444444447,0.2520833333333333,0.5902777777777779,0.10416666666666667,0.3055555555555555,0.5479166666666668,0.13680555555555557,0.31527777777777766
full_communication_rho0.75_b3,full_communication,0.75,3,4,0.632638888888889,0.13194444444444448,0.23541666666666666,0.6194444444444444,0.07986111111111112,0.30069444444444443,0.5402777777777777,0.1229166666666667,0.33680555555555547
full_communication_rho0.75_b3,full_communication,0.75,3,5,0.6520833333333336,0.11597222222222223,0.23194444444444445,0.625,0.06319444444444444,0.31180555555555567,0.6055555555555556,0.09027777777777778,0.30416666666666664
full_communication_rho0.75_b3,full_communication,0.75,3,6,0.6465277777777776,0.1125,0.24097222222222223,0.6194444444444446,0.05555555555555556,0.32499999999999996,0.601388888888889,0.06388888888888888,0.3347222222222222
full_communication_rho0.75_b3,full_communication,0.75,3,7,0.6493055555555556,0.11111111111111113,0.2395833333333334,0.6291666666666665,0.041666666666666664,0.32916666666666666,0.6138888888888888,0.04652777777777777,0.33958333333333324
full_communication_rho0.75_b3,full_communication,0.75,3,8,0.640972222222222,0.12152777777777782,0.23750000000000007,0.6645833333333332,0.030555555555555558,0.304861111111111,0.6069444444444446,0.04097222222222221,0.3520833333333334
full_communication_rho0.75_b3,full_communication,0.75,3,9,0.6527777777777778,0.10208333333333335,0.24513888888888885,0.6854166666666663,0.025,0.28958333333333336,0.6069444444444444,0.04444444444444443,0.3486111111111111
full_communication_rho0.75_b3,full_communication,0.75,3,10,0.659722222222222,0.09097222222222223,0.24930555555555556,0.6937499999999999,0.026388888888888892,0.27986111111111106,0.5979166666666667,0.03611111111111111,0.3659722222222221
full_communication_rho0.75_b3,full_communication,0.75,3,11,0.6701388888888888,0.09097222222222222,0.23888888888888893,0.7243055555555559,0.03125,0.2444444444444444,0.61875,0.021527777777777778,0.35972222222222233
full_communication_rho0.75_b3,full_communication,0.75,3,12,0.6590277777777777,0.09583333333333335,0.24513888888888888,0.7138888888888889,0.03125,0.2548611111111111,0.632638888888889,0.021527777777777778,0.3458333333333334
full_communication_rho0.75_b3,full_communication,0.75,3,13,0.6625,0.08124999999999999,0.2562499999999999,0.7291666666666666,0.031249999999999997,0.23958333333333331,0.6201388888888889,0.015277777777777776,0.3645833333333334
full_communication_rho0.75_b3,full_communication,0.75,3,14,0.6791666666666667,0.09444444444444446,0.2263888888888889,0.7395833333333336,0.02222222222222222,0.23819444444444443,0.6034722222222222,0.014583333333333334,0.3819444444444445
full_communication_rho0.75_b3,full_communication,0.75,3,15,0.6868055555555554,0.10208333333333332,0.21111111111111108,0.7354166666666668,0.030555555555555558,0.23402777777777783,0.6430555555555556,0.013888888888888888,0.34305555555555556
full_communication_rho0.75_b12,full_communication,0.75,12,0,0.4433962264150943,0.23034591194968562,0.32625786163522014,0.4433962264150943,0.23034591194968562,0.32625786163522014,0.4433962264150943,0.23034591194968562,0.32625786163522014
full_communication_rho0.75_b12,full_communication,0.75,12,1,0.47798742138364786,0.20440251572327045,0.3176100628930818,0.48427672955974843,0.2240566037735849,0.29166666666666663,0.45361635220125773,0.23191823899371072,0.31446540880503154
full_communication_rho0.75_b12,full_communication,0.75,12,2,0.5707547169811321,0.1690251572327044,0.2602201257861635,0.5031446540880504,0.16981132075471703,0.3270440251572327,0.46147798742138363,0.16823899371069181,0.37028301886792453
full_communication_rho0.75_b12,full_communication,0.75,12,3,0.6084905660377359,0.16273584905660377,0.2287735849056604,0.5157232704402516,0.13207547169811323,0.3522012578616352,0.455188679245283,0.11163522012578618,0.4331761006289308
full_communication_rho0.75_b12,full_communication,0.75,12,4,0.6533018867924527,0.1375786163522013,0.20911949685534592,0.509433962264151,0.11635220125786162,0.37421383647798745,0.46540880503144644,0.09827044025157236,0.4363207547169811
full_communication_rho0.75_b12,full_communication,0.75,12,5,0.6713836477987422,0.1139937106918239,0.21462264150943397,0.47484276729559743,0.08490566037735849,0.440251572327044,0.4944968553459119,0.0550314465408805,0.4504716981132075
full_communication_rho0.75_b12,full_communication,0.75,12,6,0.6745283018867924,0.11163522012578617,0.2138364779874214,0.47562893081761004,0.0550314465408805,0.4693396226415095,0.5589622641509434,0.034591194968553465,0.4064465408805032
full_communication_rho0.75_b12,full_communication,0.75,12,7,0.6823899371069181,0.1147798742138365,0.2028301886792453,0.47484276729559743,0.049528301886792456,0.47562893081761015,0.5683962264150944,0.02908805031446541,0.4025157232704403
full_communication_rho0.75_b12,full_communication,0.75,12,8,0.6729559748427668,0.1328616352201258,0.19418238993710693,0.5070754716981132,0.03380503144654088,0.459119496855346,0.5471698113207547,0.022012578616352203,0.430817610062893
full_communication_rho0.75_b12,full_communication,0.75,12,9,0.6776729559748427,0.11320754716981131,0.20911949685534587,0.5314465408805031,0.04323899371069182,0.42531446540880496,0.5628930817610064,0.018081761006289308,0.41902515723270434
full_communication_rho0.75_b12,full_communication,0.75,12,10,0.687893081761006,0.09748427672955977,0.21462264150943397,0.5283018867924527,0.03380503144654088,0.4378930817610064,0.554245283018868,0.012578616352201259,0.4331761006289309
full_communication_rho0.75_b12,full_communication,0.75,12,11,0.6910377358490567,0.09748427672955975,0.21147798742138366,0.5117924528301886,0.025157232704402514,0.46305031446540895,0.5566037735849056,0.019654088050314468,0.4237421383647799
full_communication_rho0.75_b12,full_communication,0.75,12,12,0.6776729559748429,0.10141509433962266,0.22091194968553457,0.4897798742138365,0.025943396226415096,0.4842767295597484,0.5503144654088051,0.016509433962264147,0.4331761006289308
full_communication_rho0.75_b12,full_communication,0.75,12,13,0.680817610062893,0.08647798742138364,0.23270440251572322,0.45676100628930827,0.03537735849056604,0.5078616352201258,0.554245283018868,0.010220125786163523,0.4355345911949685
full_communication_rho0.75_b12,full_communication,0.75,12,14,0.6988993710691823,0.09040880503144653,0.21069182389937105,0.4795597484276729,0.03223270440251572,0.4882075471698112,0.5487421383647799,0.007861635220125786,0.44339622641509435
full_communication_rho0.75_b12,full_communication,0.75,12,15,0.7051886792452831,0.09669811320754718,0.19811320754716977,0.47798742138364786,0.024371069182389935,0.49764150943396224,0.5471698113207546,0.00550314465408805,0.44732704402515727
full_communication_rho0.75_b18,full_communication,0.75,18,0,0.4421768707482994,0.2270408163265307,0.33078231292517013,0.4421768707482994,0.2270408163265307,0.33078231292517013,0.4421768707482994,0.2270408163265307,0.33078231292517013
full_communication_rho0.75_b18,full_communication,0.75,18,1,0.4659863945578232,0.20323129251700678,0.3307823129251702,0.46938775510204084,0.1938775510204082,0.3367346938775511,0.4753401360544217,0.24829931972789118,0.276360544217687
full_communication_rho0.75_b18,full_communication,0.75,18,2,0.5552721088435374,0.16836734693877548,0.276360544217687,0.4438775510204083,0.1267006802721089,0.42942176870748316,0.48554421768707484,0.1879251700680272,0.3265306122448979
full_communication_rho0.75_b18,full_communication,0.75,18,3,0.5841836734693877,0.16496598639455787,0.25085034013605445,0.48554421768707484,0.08843537414965985,0.42602040816326525,0.47959183673469385,0.13095238095238096,0.3894557823129252
full_communication_rho0.75_b18,full_communication,0.75,18,4,0.6343537414965987,0.14030612244897964,0.2253401360544218,0.45833333333333337,0.07993197278911565,0.461734693877551,0.48979591836734687,0.09013605442176865,0.4200680272108844
full_communication_rho0.75_b18,full_communication,0.75,18,5,0.6632653061224489,0.125,0.21173469387755103,0.46003401360544227,0.07397959183673466,0.4659863945578231,0.5051020408163265,0.06717687074829931,0.4277210884353742
full_communication_rho0.75_b18,full_communication,0.75,18,6,0.6496598639455782,0.11904761904761903,0.2312925170068027,0.4719387755102041,0.07057823129251702,0.4574829931972788,0.5408163265306122,0.05697278911564625,0.40221088435374164
full_communication_rho0.75_b18,full_communication,0.75,18,7,0.6530612244897959,0.11734693877551022,0.2295918367346939,0.48639455782312935,0.07738095238095237,0.43622448979591827,0.5510204081632653,0.05612244897959183,0.3928571428571429
full_communication_rho0.75_b18,full_communication,0.75,18,8,0.6386054421768705,0.13010204081632654,0.23129251700680273,0.5059523809523809,0.05952380952380953,0.43452380952380965,0.5552721088435375,0.05952380952380952,0.38520408163265296
full_communication_rho0.75_b18,full_communication,0.75,18,9,0.6683673469387756,0.10714285714285714,0.22448979591836735,0.48129251700680287,0.05782312925170068,0.4608843537414965,0.5493197278911566,0.04591836734693878,0.4047619047619047
full_communication_rho0.75_b18,full_communication,0.75,18,10,0.6709183673469388,0.09523809523809525,0.23384353741496597,0.467687074829932,0.03996598639455782,0.4923469387755101,0.53656462585034,0.0391156462585034,0.42431972789115646
full_communication_rho0.75_b18,full_communication,0.75,18,11,0.6819727891156465,0.09523809523809523,0.22278911564625845,0.4549319727891157,0.03486394557823129,0.510204081632653,0.5161564625850339,0.02465986394557823,0.459183673469388
full_communication_rho0.75_b18,full_communication,0.75,18,12,0.6709183673469388,0.1011904761904762,0.22789115646258498,0.47108843537414963,0.022108843537414963,0.5068027210884353,0.48809523809523814,0.02125850340136054,0.4906462585034014
full_communication_rho0.75_b18,full_communication,0.75,18,13,0.6726190476190476,0.0824829931972789,0.24489795918367346,0.48469387755102056,0.011904761904761904,0.5034013605442177,0.4413265306122449,0.00935374149659864,0.5493197278911565
full_communication_rho0.75_b18,full_communication,0.75,18,14,0.6836734693877551,0.09948979591836735,0.2168367346938775,0.485544217687075,0.01020408163265306,0.504251700680272,0.5059523809523808,0.008503401360544218,0.48554421768707495
full_communication_rho0.75_b18,full_communication,0.75,18,15,0.6964285714285713,0.1062925170068027,0.19727891156462588,0.4642857142857141,0.01530612244897959,0.5204081632653061,0.504251700680272,0.00935374149659864,0.4863945578231293
report_only_rho0.75_b3,report_only,0.75,3,0,0.44209039548022605,0.23163841807909613,0.32627118644067804,0.44209039548022605,0.23163841807909613,0.32627118644067804,0.44209039548022605,0.23163841807909613,0.32627118644067804
report_only_rho0.75_b3,report_only,0.75,3,1,0.5685028248587569,0.19420903954802257,0.23728813559322032,0.5084745762711864,0.22598870056497175,0.26553672316384175,0.5416666666666667,0.20056497175141244,0.25776836158192085
report_only_rho0.75_b3,report_only,0.75,3,2,0.6843220338983049,0.16101694915254242,0.15466101694915252,0.6299435028248589,0.12853107344632766,0.2415254237288136,0.6045197740112994,0.12782485875706215,0.26765536723163846
report_only_rho0.75_b3,report_only,0.75,3,3,0.778954802259887,0.1327683615819209,0.08827683615819207,0.6673728813559322,0.10451977401129946,0.2281073446327683,0.7259887005649716,0.05437853107344633,0.2196327683615819
report_only_rho0.75_b3,report_only,0.75,3,4,0.8622881355932206,0.06638418079096045,0.07132768361581919,0.6892655367231639,0.08121468926553674,0.22951977401129942,0.745056497175141,0.040960451977401134,0.21398305084745764
report_only_rho0.75_b3,report_only,0.75,3,5,0.9187853107344631,0.033192090395480225,0.048022598870056506,0.7330508474576273,0.03601694915254237,0.23093220338983048,0.7584745762711864,0.017655367231638415,0.22387005649717517
report_only_rho0.75_b3,report_only,0.75,3,6,0.9540960451977402,0.02330508474576271,0.022598870056497175,0.7245762711864405,0.031073446327683617,0.24435028248587573,0.7245762711864405,0.010593220338983049,0.2648305084745762
report_only_rho0.75_b3,report_only,0.75,3,7,0.9583333333333334,0.012005649717514123,0.02966101694915255,0.7288135593220336,0.0211864406779661,0.25000000000000006,0.7012711864406781,0.007062146892655367,0.2916666666666667
report_only_rho0.75_b3,report_only,0.75,3,8,0.9597457627118643,0.012711864406779662,0.027542372881355928,0.7295197740112994,0.01977401129943503,0.2507062146892655,0.6765536723163842,0.007062146892655367,0.3163841807909604
report_only_rho0.75_b3,report_only,0.75,3,9,0.9548022598870057,0.01765536723163842,0.027542372881355928,0.7549435028248591,0.016242937853107344,0.22881355932203384,0.6087570621468926,0.009887005649717513,0.3813559322033898
report_only_rho0.75_b3,report_only,0.75,3,10,0.9597457627118645,0.016242937853107344,0.02401129943502825,0.7775423728813561,0.014124293785310734,0.2083333333333333,0.6031073446327686,0.004943502824858757,0.3919491525423729
report_only_rho0.75_b3,report_only,0.75,3,11,0.9505649717514126,0.03248587570621469,0.016949152542372878,0.79590395480226,0.01059322033898305,0.19350282485875703,0.5720338983050848,0.010593220338983052,0.41737288135593215
report_only_rho0.75_b3,report_only,0.75,3,12,0.9477401129943503,0.02754237288135593,0.024717514124293783,0.8093220338983048,0.0049435028248587575,0.18573446327683618,0.528954802259887,0.015536723163841807,0.45550847457627114
report_only_rho0.75_b3,report_only,0.75,3,13,0.9512711864406781,0.025423728813559324,0.023305084745762716,0.7817796610169493,0.007062146892655367,0.21115819209039544,0.5042372881355931,0.011299435028248588,0.4844632768361583
report_only_rho0.75_b3,report_only,0.75,3,14,0.9491525423728813,0.01694915254237288,0.03389830508474576,0.7810734463276838,0.005649717514124294,0.2132768361581921,0.5098870056497175,0.01129943502824859,0.478813559322034
report_only_rho0.75_b3,report_only,0.75,3,15,0.9498587570621468,0.022598870056497175,0.02754237288135593,0.8072033898305083,0.00211864406779661,0.19067796610169493,0.5021186440677965,0.009180790960451976,0.48870056497175146
report_only_rho0.75_b12,report_only,0.75,12,0,0.44281045751633996,0.23284313725490208,0.3243464052287582,0.44281045751633996,0.23284313725490208,0.3243464052287582,0.44281045751633996,0.23284313725490208,0.3243464052287582
report_only_rho0.75_b12,report_only,0.75,12,1,0.5808823529411765,0.18464052287581698,0.2344771241830065,0.5326797385620916,0.20343137254901958,0.26388888888888884,0.5531045751633986,0.1715686274509804,0.2753267973856209
report_only_rho0.75_b12,report_only,0.75,12,2,0.6870915032679739,0.1462418300653595,0.16666666666666663,0.644607843137255,0.10049019607843138,0.25490196078431365,0.5212418300653597,0.08333333333333333,0.3954248366013071
report_only_rho0.75_b12,report_only,0.75,12,3,0.7818627450980393,0.1168300653594771,0.10130718954248363,0.6691176470588237,0.045751633986928116,0.2851307189542484,0.48611111111111116,0.040849673202614394,0.4730392156862744
report_only_rho0.75_b12,report_only,0.75,12,4,0.8611111111111114,0.05473856209150327,0.08415032679738561,0.6862745098039217,0.031862745098039214,0.2818627450980392,0.4419934640522875,0.019607843137254895,0.5383986928104574
report_only_rho0.75_b12,report_only,0.75,12,5,0.9183006535947712,0.02859477124183006,0.053104575163398705,0.7320261437908497,0.015522875816993461,0.25245098039215685,0.4918300653594771,0.01633986928104575,0.49183006535947715
report_only_rho0.75_b12,report_only,0.75,12,6,0.9419934640522878,0.024509803921568627,0.0334967320261438,0.7312091503267975,0.00980392156862745,0.25898692810457513,0.43872549019607837,0.017156862745098034,0.5441176470588234
report_only_rho0.75_b12,report_only,0.75,12,7,0.9477124183006537,0.0130718954248366,0.03921568627450981,0.6977124183006534,0.0065359477124183,0.29575163398692816,0.5138888888888888,0.018790849673202614,0.4673202614379084
report_only_rho0.75_b12,report_only,0.75,12,8,0.9468954248366013,0.0130718954248366,0.040032679738562095,0.6830065359477124,0.007352941176470588,0.3096405228758169,0.40767973856209155,0.017973856209150325,0.574346405228758
report_only_rho0.75_b12,report_only,0.75,12,9,0.94281045751634,0.016339869281045753,0.04084967320261437,0.6250000000000001,0.0065359477124183,0.3684640522875818,0.3782679738562092,0.018790849673202614,0.6029411764705882
report_only_rho0.75_b12,report_only,0.75,12,10,0.9493464052287582,0.015522875816993463,0.035130718954248366,0.6372549019607843,0.016339869281045753,0.34640522875817,0.4044117647058824,0.013071895424836598,0.582516339869281
report_only_rho0.75_b12,report_only,0.75,12,11,0.9354575163398693,0.035130718954248366,0.029411764705882363,0.6119281045751633,0.02369281045751634,0.36437908496732024,0.3864379084967319,0.00326797385620915,0.610294117647059
report_only_rho0.75_b12,report_only,0.75,12,12,0.9313725490196079,0.031045751633986932,0.03758169934640523,0.6380718954248366,0.012254901960784314,0.349673202614379,0.38480392156862747,0.005718954248366013,0.6094771241830064
report_only_rho0.75_b12,report_only,0.75,12,13,0.9354575163398693,0.027777777777777776,0.03676470588235294,0.6282679738562091,0.005718954248366013,0.3660130718954249,0.3839869281045752,0.0049019607843137246,0.6111111111111113
report_only_rho0.75_b12,report_only,0.75,12,14,0.9240196078431371,0.018790849673202614,0.05718954248366012,0.6331699346405228,0.0049019607843137246,0.36192810457516345,0.3504901960784313,0.0065359477124183,0.6429738562091502
report_only_rho0.75_b12,report_only,0.75,12,15,0.9240196078431374,0.0261437908496732,0.04983660130718954,0.6429738562091503,0.00326797385620915,0.3537581699346405,0.35375816993464054,0.0049019607843137246,0.6413398692810458
report_only_rho0.75_b18,report_only,0.75,18,0,0.4433962264150944,0.23113207547169817,0.3254716981132077,0.4433962264150944,0.23113207547169817,0.3254716981132077,0.4433962264150944,0.23113207547169817,0.3254716981132077
report_only_rho0.75_b18,report_only,0.75,18,1,0.5841194968553459,0.16981132075471697,0.2460691823899371,0.5440251572327044,0.22562893081761007,0.2303459119496855,0.5243710691823898,0.21069182389937113,0.2649371069182389
report_only_rho0.75_b18,report_only,0.75,18,2,0.6981132075471697,0.13443396226415097,0.1674528301886792,0.5196540880503145,0.1187106918238994,0.36163522012578625,0.3694968553459119,0.12578616352201258,0.5047169811320755
report_only_rho0.75_b18,report_only,0.75,18,3,0.7948113207547172,0.1053459119496855,0.09984276729559746,0.5904088050314465,0.056603773584905655,0.3529874213836478,0.39150943396226406,0.07075471698113206,0.5377358490566038
report_only_rho0.75_b18,report_only,0.75,18,4,0.8710691823899374,0.04716981132075473,0.08176100628930817,0.6572327044025157,0.03773584905660378,0.30503144654088044,0.42452830188679236,0.042452830188679236,0.5330188679245284
report_only_rho0.75_b18,report_only,0.75,18,5,0.9300314465408803,0.020440251572327043,0.049528301886792456,0.69811320754717,0.01415094339622641,0.2877358490566037,0.430817610062893,0.023584905660377364,0.5455974842767294
report_only_rho0.75_b18,report_only,0.75,18,6,0.9559748427672957,0.012578616352201255,0.031446540880503145,0.7602201257861632,0.007861635220125786,0.23191823899371072,0.41194968553459116,0.020440251572327046,0.5676100628930817
report_only_rho0.75_b18,report_only,0.75,18,7,0.9630503144654089,0.006289308176100628,0.03066037735849058,0.7877358490566038,0.0047169811320754715,0.2075471698113207,0.38993710691823896,0.022798742138364785,0.5872641509433961
report_only_rho0.75_b18,report_only,0.75,18,8,0.9599056603773585,0.00550314465408805,0.034591194968553465,0.7382075471698113,0.007075471698113208,0.25471698113207547,0.41588050314465413,0.012578616352201257,0.5715408805031446
report_only_rho0.75_b18,report_only,0.75,18,9,0.9544025157232705,0.007075471698113209,0.03852201257861635,0.7106918238993711,0.008647798742138366,0.28066037735849064,0.3451257861635221,0.011792452830188677,0.6430817610062893
report_only_rho0.75_b18,report_only,0.75,18,10,0.9606918238993711,0.006289308176100628,0.03301886792452831,0.7130503144654089,0.008647798742138366,0.2783018867924528,0.39229559748427667,0.009433962264150943,0.5982704402515724
report_only_rho0.75_b18,report_only,0.75,18,11,0.9583333333333334,0.014150943396226415,0.02751572327044026,0.7193396226415094,0.008647798742138366,0.2720125786163523,0.3836477987421384,0.01179245283018868,0.6045597484276729
report_only_rho0.75_b18,report_only,0.75,18,12,0.9559748427672957,0.010220125786163521,0.03380503144654088,0.6941823899371068,0.0047169811320754715,0.30110062893081757,0.37185534591194974,0.011792452830188682,0.6163522012578617
report_only_rho0.75_b18,report_only,0.75,18,13,0.9567610062893083,0.009433962264150943,0.03380503144654089,0.654874213836478,0.003144654088050314,0.34198113207547165,0.4103773584905661,0.010220125786163521,0.5794025157232706
report_only_rho0.75_b18,report_only,0.75,18,14,0.9433962264150944,0.006289308176100629,0.05031446540880502,0.6705974842767295,0.0047169811320754715,0.32468553459119504,0.35691823899371056,0.007861635220125786,0.6352201257861635
report_only_rho0.75_b18,report_only,0.75,18,15,0.944182389937107,0.010220125786163521,0.04559748427672956,0.6375786163522014,0.003144654088050314,0.35927672955974854,0.39308176100628933,0.008647798742138365,0.5982704402515723
report_only_rho1.00_b3,report_only,1.0,3,0,0.44270833333333337,0.22991071428571436,0.3273809523809525,0.44270833333333337,0.22991071428571436,0.3273809523809525,0.44270833333333337,0.22991071428571436,0.3273809523809525
report_only_rho1.00_b3,report_only,1.0,3,1,0.5111607142857146,0.21875000000000008,0.2700892857142857,0.49330357142857145,0.234375,0.27232142857142855,0.5625000000000001,0.19122023809523814,0.24627976190476186
report_only_rho1.00_b3,report_only,1.0,3,2,0.6651785714285715,0.16666666666666666,0.1681547619047619,0.6666666666666669,0.12053571428571429,0.21279761904761907,0.6941964285714287,0.09523809523809522,0.2105654761904761
report_only_rho1.00_b3,report_only,1.0,3,3,0.7812500000000001,0.1205357142857143,0.0982142857142857,0.7827380952380955,0.06696428571428571,0.150297619047619,0.8169642857142856,0.050595238095238096,0.1324404761904762
report_only_rho1.00_b3,report_only,1.0,3,4,0.8623511904761906,0.0848214285714286,0.052827380952380945,0.8563988095238092,0.027529761904761915,0.11607142857142852,0.8630952380952382,0.023809523809523808,0.11309523809523811
report_only_rho1.00_b3,report_only,1.0,3,5,0.9099702380952382,0.059523809523809534,0.030505952380952387,0.9248511904761906,0.010416666666666666,0.06473214285714286,0.8645833333333333,0.014136904761904764,0.12127976190476195
report_only_rho1.00_b3,report_only,1.0,3,6,0.9479166666666666,0.03422619047619048,0.017857142857142853,0.933779761904762,0.005208333333333333,0.06101190476190475,0.8742559523809526,0.01339285714285714,0.11235119047619051
report_only_rho1.00_b3,report_only,1.0,3,7,0.9657738095238094,0.021577380952380952,0.012648809523809524,0.9680059523809524,0.000744047619047619,0.03125000000000001,0.7924107142857141,0.009672619047619046,0.19791666666666674
report_only_rho1.00_b3,report_only,1.0,3,8,0.9813988095238096,0.01264880952380952,0.005952380952380953,0.9680059523809524,0.0,0.03199404761904762,0.8296130952380952,0.005208333333333333,0.1651785714285714
report_only_rho1.00_b3,report_only,1.0,3,9,0.9895833333333336,0.006696428571428571,0.003720238095238095,0.9672619047619045,0.0,0.03273809523809523,0.8117559523809524,0.00818452380952381,0.1800595238095238
report_only_rho1.00_b3,report_only,1.0,3,10,0.990327380952381,0.003720238095238095,0.005952380952380952,0.9650297619047619,0.000744047619047619,0.03422619047619048,0.808779761904762,0.00967261904761905,0.18154761904761904
report_only_rho1.00_b3,report_only,1.0,3,11,0.9873511904761904,0.00818452380952381,0.004464285714285714,0.9613095238095237,0.000744047619047619,0.03794642857142857,0.813988095238095,0.003720238095238095,0.1822916666666667
report_only_rho1.00_b3,report_only,1.0,3,12,0.996279761904762,0.002976190476190476,0.000744047619047619,0.9620535714285713,0.001488095238095238,0.036458333333333336,0.7998511904761905,0.00669642857142857,0.1934523809523809
report_only_rho1.00_b3,report_only,1.0,3,13,0.9970238095238095,0.002976190476190476,0.0,0.9583333333333333,0.000744047619047619,0.04092261904761905,0.7723214285714287,0.00892857142857143,0.21875
report_only_rho1.00_b3,report_only,1.0,3,14,0.9925595238095238,0.004464285714285714,0.002976190476190476,0.9709821428571427,0.0,0.029017857142857144,0.8177083333333333,0.011160714285714284,0.1711309523809524
report_only_rho1.00_b3,report_only,1.0,3,15,0.9947916666666669,0.002976190476190476,0.002232142857142857,0.9732142857142857,0.0,0.026785714285714284,0.771577380952381,0.017857142857142853,0.2105654761904761
report_only_rho1.00_b12,report_only,1.0,12,0,0.4409090909090909,0.23181818181818195,0.32727272727272727,0.4409090909090909,0.23181818181818195,0.32727272727272727,0.4409090909090909,0.23181818181818195,0.32727272727272727
report_only_rho1.00_b12,report_only,1.0,12,1,0.4977272727272731,0.22348484848484854,0.2787878787878787,0.5356060606060605,0.17803030303030304,0.2863636363636363,0.5181818181818183,0.2212121212121212,0.26060606060606056
report_only_rho1.00_b12,report_only,1.0,12,2,0.6568181818181821,0.16818181818181815,0.175,0.6318181818181818,0.0878787878787879,0.2803030303030302,0.5651515151515151,0.10075757575757577,0.33409090909090916
report_only_rho1.00_b12,report_only,1.0,12,3,0.7772727272727274,0.12196969696969698,0.10075757575757574,0.6871212121212122,0.056818181818181795,0.25606060606060604,0.587121212121212,0.04772727272727273,0.3651515151515151
report_only_rho1.00_b12,report_only,1.0,12,4,0.8636363636363639,0.0825757575757576,0.05378787878787879,0.7583333333333334,0.02651515151515152,0.2151515151515152,0.5931818181818184,0.02575757575757576,0.38106060606060604
report_only_rho1.00_b12,report_only,1.0,12,5,0.9121212121212122,0.058333333333333334,0.02954545454545455,0.7765151515151517,0.013636363636363634,0.20984848484848484,0.5810606060606058,0.022727272727272724,0.3962121212121213
report_only_rho1.00_b12,report_only,1.0,12,6,0.949242424242424,0.03409090909090909,0.016666666666666663,0.7803030303030303,0.0053030303030303025,0.21439393939393941,0.5795454545454545,0.017424242424242422,0.40303030303030296
report_only_rho1.00_b12,report_only,1.0,12,7,0.9659090909090909,0.02196969696969697,0.012121212121212123,0.8022727272727276,0.0037878787878787876,0.19393939393939394,0.5909090909090909,0.01893939393939394,0.39015151515151514
report_only_rho1.00_b12,report_only,1.0,12,8,0.9810606060606062,0.013636363636363632,0.005303030303030303,0.7984848484848484,0.0037878787878787876,0.19772727272727272,0.5598484848484848,0.020454545454545454,0.4196969696969697
report_only_rho1.00_b12,report_only,1.0,12,9,0.9893939393939395,0.006818181818181817,0.0037878787878787876,0.787121212121212,0.0053030303030303025,0.20757575757575755,0.5878787878787878,0.020454545454545454,0.39166666666666666
report_only_rho1.00_b12,report_only,1.0,12,10,0.9901515151515152,0.004545454545454545,0.0053030303030303025,0.8075757575757575,0.004545454545454545,0.1878787878787879,0.6340909090909089,0.018939393939393936,0.34696969696969693
report_only_rho1.00_b12,report_only,1.0,12,11,0.9878787878787878,0.008333333333333333,0.0037878787878787876,0.8272727272727272,0.008333333333333333,0.16439393939393943,0.5742424242424243,0.01515151515151515,0.4106060606060606
report_only_rho1.00_b12,report_only,1.0,12,12,0.9962121212121213,0.0030303030303030303,0.0007575757575757576,0.7939393939393942,0.006060606060606061,0.19999999999999996,0.565909090909091,0.012121212121212121,0.42196969696969683
report_only_rho1.00_b12,report_only,1.0,12,13,0.9977272727272727,0.0022727272727272726,0.0,0.7719696969696969,0.0037878787878787876,0.2242424242424243,0.6212121212121214,0.00909090909090909,0.36969696969696964
report_only_rho1.00_b12,report_only,1.0,12,14,0.9931818181818182,0.0037878787878787876,0.0030303030303030303,0.8234848484848486,0.0037878787878787876,0.17272727272727273,0.6507575757575759,0.014393939393939391,0.33484848484848495
report_only_rho1.00_b12,report_only,1.0,12,15,0.9954545454545456,0.0022727272727272726,0.0022727272727272726,0.846969696969697,0.0053030303030303025,0.14772727272727273,0.6583333333333335,0.015909090909090904,0.3257575757575758
report_only_rho1.00_b18,report_only,1.0,18,0,0.44310897435897445,0.2315705128205129,0.32532051282051283,0.44310897435897445,0.2315705128205129,0.32532051282051283,0.44310897435897445,0.2315705128205129,0.32532051282051283
report_only_rho1.00_b18,report_only,1.0,18,1,0.5288461538461541,0.21955128205128213,0.2516025641025641,0.5504807692307695,0.2035256410256411,0.24599358974358976,0.5064102564102565,0.2323717948717949,0.26121794871794873
report_only_rho1.00_b18,report_only,1.0,18,2,0.6875000000000001,0.16666666666666669,0.14583333333333337,0.5945512820512822,0.09294871794871797,0.3125,0.41746794871794884,0.09294871794871794,0.4895833333333333
report_only_rho1.00_b18,report_only,1.0,18,3,0.7924679487179487,0.1233974358974359,0.08413461538461539,0.6754807692307693,0.03766025641025642,0.28685897435897434,0.4967948717948719,0.04326923076923077,0.4599358974358974
report_only_rho1.00_b18,report_only,1.0,18,4,0.872596153846154,0.08333333333333333,0.04407051282051284,0.7604166666666666,0.021634615384615384,0.2179487179487179,0.5921474358974358,0.030448717948717955,0.3774038461538462
report_only_rho1.00_b18,report_only,1.0,18,5,0.9174679487179489,0.05689102564102565,0.02564102564102564,0.826121794871795,0.016826923076923073,0.15705128205128208,0.6049679487179488,0.017628205128205125,0.3774038461538461
report_only_rho1.00_b18,report_only,1.0,18,6,0.9495192307692307,0.032852564102564104,0.017628205128205125,0.8581730769230769,0.00641025641025641,0.13541666666666669,0.5769230769230769,0.01442307692307692,0.40865384615384615
report_only_rho1.00_b18,report_only,1.0,18,7,0.970352564102564,0.019230769230769232,0.010416666666666666,0.8966346153846154,0.004807692307692307,0.09855769230769235,0.5745192307692308,0.009615384615384616,0.41586538461538464
report_only_rho1.00_b18,report_only,1.0,18,8,0.9815705128205129,0.012820512820512818,0.005608974358974358,0.9014423076923077,0.003205128205128205,0.0953525641025641,0.5729166666666667,0.012820512820512818,0.4142628205128205
report_only_rho1.00_b18,report_only,1.0,18,9,0.9895833333333334,0.007211538461538462,0.003205128205128205,0.8669871794871795,0.005608974358974358,0.12740384615384615,0.5504807692307692,0.011217948717948716,0.4383012820512822
report_only_rho1.00_b18,report_only,1.0,18,10,0.9919871794871795,0.004006410256410256,0.004006410256410256,0.8854166666666669,0.004807692307692307,0.10977564102564104,0.6057692307692307,0.013621794871794869,0.3806089743589744
report_only_rho1.00_b18,report_only,1.0,18,11,0.9951923076923076,0.002403846153846154,0.002403846153846154,0.8950320512820513,0.004807692307692307,0.10016025641025644,0.5600961538461537,0.017628205128205125,0.42227564102564114
report_only_rho1.00_b18,report_only,1.0,18,12,0.997596153846154,0.002403846153846154,0.0,0.875801282051282,0.002403846153846154,0.12179487179487179,0.5168269230769231,0.012019230769230766,0.47115384615384615
report_only_rho1.00_b18,report_only,1.0,18,13,0.9975961538461539,0.002403846153846154,0.0,0.8814102564102566,0.004807692307692307,0.1137820512820513,0.5713141025641024,0.015224358974358972,0.4134615384615384
report_only_rho1.00_b18,report_only,1.0,18,14,0.9951923076923078,0.002403846153846154,0.002403846153846154,0.8950320512820511,0.005608974358974358,0.09935897435897433,0.6177884615384616,0.012820512820512818,0.3693910256410256
report_only_rho1.00_b18,report_only,1.0,18,15,0.9959935897435899,0.002403846153846154,0.0016025641025641025,0.9142628205128209,0.004807692307692307,0.08092948717948717,0.608173076923077,0.015224358974358972,0.376602564102564
