scenario,m,replicate,exact_kl0,exact_kl2,exact_cost,exact_info_path,exact_kl_mixture,exact_info_end_h1,exact_info_end_h2,exact_info_end_h3,est_info_end,info_model,est_info_end_freq_alpha0,est_info_end_freq_heldout_alpha1,est_kl0_nwj,est_kl0_nwj_cap5,est_kl0_dv,est_kl0_plugin,kl0_model,kl0_ess,est_kl2_nwj,est_kl2_nwj_cap5,est_kl2_dv,est_kl2_plugin,kl2_model,kl2_ess,est_cost_nwj,est_info_path,info_lo,info_hi,cost_lo,cost_hi,info_covered,cost_covered,exact_eta,gain_toward_target0,gain_toward_target2,est_eta,eta_lo,eta_hi
identical,40,0,0.0,0.0,0.0,0.0,0.0,0.0,0.0,0.0,0.0,"['constant', 'constant', 'constant', 'constant', 'constant']",0.3345814683655475,-0.7406629147502124,-0.18700931443484511,-0.1805081014130377,-0.1858162715098084,-0.13736315815111455,"['flat-w4-l0.1', 'flat-w4-l0.1', 'constant', 'flat-w4-l0.01', 'flat-w4-l0.01']",30.045920813613847,-0.01793481866969638,-0.017865673716622253,-0.017514845215249198,0.011327674794491881,"['constant', 'flat-w4-l0.1', 'gru-w4-l0.01', 'flat-w4-l0.01', 'flat-w4-l0.1']",38.72258453300868,-0.10247206655227074,0.0015364684445175719,0.0,0.0,-0.20796597329786765,-0.018803000595650786,True,False,,-0.0375,0.05,,,
identical,40,1,0.0,0.0,0.0,0.0,0.0,0.0,0.0,0.0,0.002914202435433321,"['linear-l0.1', 'mlp-w4-l0.01', 'linear-l1', 'mlp-w4-l0.1', 'mlp-w4-l0.1']",0.3115774554175164,-0.620478690043329,-0.025112259403258057,-0.02508489247229139,-0.0250843034175215,-0.01761617967072355,"['flat-w4-l0.1', 'flat-w4-l0.01', 'flat-w4-l0.1', 'constant', 'flat-w4-l0.1']",39.82777465207675,0.18557148313602778,0.17902938461496648,0.18686681550515982,0.13553277725635282,"['linear-l0.1', 'linear-l0.1', 'flat-w4-l0.01', 'linear-l1', 'flat-w4-l0.01']",31.30754623083441,0.08022961186638486,0.003458952263369533,-0.024099249991071176,0.02704422932551502,-0.08077541051237255,0.24601868581860684,True,True,,0.025,-0.084375,,,
identical,200,0,0.0,0.0,0.0,0.0,0.0,0.0,0.0,0.0,0.0017755350817307324,"['linear-l0.1', 'quadratic-l1', 'linear-l1', 'mlp-w4-l0.1', 'linear-l0.1']",0.06990886037885487,-0.1630010936994192,0.036960790161781575,0.03687467047512335,0.03696296566171281,0.034876335196656394,"['linear-l0.1', 'linear-l0.1', 'flat-w4-l0.01', 'flat-w4-l0.01', 'flat-w4-l0.01']",190.48824360259582,-0.009388395592401271,-0.00936346569849925,-0.009361618688742858,-0.0020524867602478305,"['constant', 'flat-w4-l0.1', 'flat-w4-l0.01', 'quadratic-l1', 'flat-w4-l0.1']",198.16887071172022,0.01378619728469015,0.0006777744435037952,-0.004452852238747137,0.007727564000157918,-0.009881445777813046,0.035747598597255396,True,True,,0.01875,0.005625,,,
identical,200,1,0.0,0.0,0.0,0.0,0.0,0.0,0.0,0.0,-0.000475623264898285,"['mlp-w4-l0.1', 'constant', 'mlp-w4-l0.1', 'constant', 'constant']",0.04571595635450228,-0.21336948552217494,-0.015063467122782457,-0.014976600828368764,-0.01505756940828833,-0.011625086781673111,"['flat-w4-l0.01', 'linear-l0.1', 'linear-l0.1', 'flat-w4-l0.1', 'flat-w4-l0.1']",193.26890051997904,-0.04672210733818142,-0.04622972576014378,-0.04578235713495043,-0.002740151589518398,"['flat-w4-l0.1', 'flat-w4-l0.01', 'linear-l0.1', 'flat-w4-l0.1', 'flat-w4-l0.01']",187.96669841731233,-0.030892787230481944,-0.0020226039641791814,-0.0022966837938213414,0.0013744534820734405,-0.07201234450177854,0.0027842108240183927,True,True,,0.049375,-0.034375,,,
generic,40,1,2.583805648778669,2.583805648778669,2.583805648778669,0.0,2.583805648778669,0.0,0.0,0.0,0.002530249804079529,"['constant', 'linear-l0.1', 'linear-l0.1', 'linear-l0.1', 'linear-l0.1']",0.07507450224120421,-0.21618791231209272,1.1568647828630234,1.132319038651686,1.2214435461038704,0.8391799712168287,"['linear-l0.1', 'linear-l0.1', 'linear-l0.1', 'linear-l0.1', 'linear-l0.1']",18.943530634775037,0.9113248005042281,0.9020583665083516,0.9317559158587722,0.7225657560722104,"['linear-l0.1', 'flat-w4-l0.01', 'linear-l0.1', 'linear-l0.1', 'linear-l0.1']",15.60373440775059,1.0340947916836256,0.002715667739294736,-0.028106064128969876,0.03701582320181656,0.6914922092747667,1.3337410617401242,True,False,0.0,-0.2875,-0.1625,0.002446825788533361,-0.03370663970448113,0.03539710963520675
generic,40,0,2.583805648778669,2.583805648778669,2.583805648778669,0.0,2.583805648778669,0.0,0.0,0.0,0.00909670547356648,"['quadratic-l0.1', 'mlp-w4-l0.01', 'linear-l0.1', 'constant', 'mlp-w4-l0.01']",0.11475551175584409,-0.1818374360177991,1.7572388634050526,1.7894653479265692,1.7577144285026411,1.7267146898825019,"['quadratic-l0.1', 'flat-w4-l0.01', 'flat-w4-l0.01', 'quadratic-l0.1', 'flat-w4-l0.01']",2.9156813194392863,1.3511604132664659,1.3062417359962828,1.3909349146666647,1.0949853710774566,"['linear-l0.1', 'linear-l0.1', 'quadratic-l0.1', 'linear-l0.1', 'flat-w4-l0.01']",11.697433840121766,1.5541996383357592,-0.016156030153464007,-0.02869700473876983,0.044552431759826185,0.7031039622465215,2.145733265884693,True,False,0.0,-0.3,-0.24375,,,
generic,200,1,2.583805648778669,2.583805648778669,2.583805648778669,0.0,2.583805648778669,0.0,0.0,0.0,-0.00011600227828059695,"['linear-l1', 'linear-l1', 'mlp-w4-l0.1', 'linear-l1', 'linear-l1']",0.04361267719393566,-0.024635678918856475,1.9571749464881651,1.8856756863908817,2.047160792487199,1.5906912525070749,"['quadratic-l0.1', 'quadratic-l0.1', 'quadratic-l0.1', 'flat-w4-l0.01', 'flat-w4-l0.01']",25.795487378282097,1.9614409838827822,1.8921642799796974,2.004295469467343,1.6965250255060864,"['flat-w4-l0.01', 'flat-w4-l0.01', 'flat-w4-l0.01', 'flat-w4-l0.01', 'flat-w4-l0.01']",23.1739833728579,1.9593079651854737,-0.0005934584200950163,-0.002877067297049438,0.0021543144056375145,1.6677803723514968,2.2085295919697003,True,False,0.0,-0.240625,-0.25875,-5.9205740160207965e-05,-0.0015404898493881916,0.0010979686376714314
generic,200,0,2.583805648778669,2.583805648778669,2.583805648778669,0.0,2.583805648778669,0.0,0.0,0.0,-0.002634688389398975,"['linear-l1', 'mlp-w4-l0.1', 'mlp-w4-l0.1', 'mlp-w4-l0.1', 'constant']",0.035100801320198424,-0.06322369820678037,2.1752687678754854,2.1100347928006666,2.2205796768604635,1.903652736601159,"['flat-w4-l0.01', 'flat-w4-l0.01', 'flat-w4-l0.01', 'flat-w4-l0.01', 'flat-w4-l0.01']",12.968708474715093,2.2250687736521417,2.152693881198005,2.26894112234395,1.9573487074797595,"['flat-w4-l0.01', 'flat-w4-l0.01', 'flat-w4-l0.01', 'flat-w4-l0.01', 'flat-w4-l0.01']",12.121506234199735,2.200168770763814,-0.0037910969013362815,-0.005613042262059582,0.00044342082357481146,1.6926135142725944,2.5633234756358156,True,False,0.0,-0.246875,-0.233125,-0.0011974937670278416,-0.0027562590092752026,0.00020861092520382433
opposite,40,0,1.4227863482024503,1.4974516763997006,1.4601190123010754,0.5420265142999962,0.9180924980010792,0.17977919208892512,0.36751737087818565,0.48883471524615607,0.46674698639124595,"['quadratic-l0.1', 'quadratic-l0.1', 'quadratic-l0.1', 'mlp-w4-l0.01', 'mlp-w4-l0.01']",0.6692778992488898,0.4366186456872475,0.593496574299173,0.6049678576327778,0.5944003604592687,0.5515813976904307,"['linear-l0.1', 'linear-l0.1', 'linear-l0.1', 'linear-l0.1', 'flat-w4-l0.1']",14.213600460284363,1.2974984898989657,1.2608854865539705,1.3470770884348946,1.0147541356031913,"['linear-l0.1', 'linear-l0.1', 'linear-l0.1', 'linear-l0.1', 'linear-l0.1']",12.21392940640982,0.9454975320990693,0.481101173151364,0.37302209674697157,0.5418459723430257,0.5854238264060814,1.2821647010308581,True,False,0.33479100753285634,0.334375,0.440625,0.4936522524337379,0.3941724331135276,0.7335049993299323
transient,40,0,1.2171667988835435,1.2183442669822022,1.2177555329328729,0.4813095432206917,0.7364459897121812,0.33064513971486253,0.2316925699792092,-2.7615972811871207e-17,-0.0011838954938094685,"['constant', 'constant', 'constant', 'constant', 'mlp-w4-l0.1']",0.19575199356164955,-0.3826143646594645,0.45926316452179455,0.46112834526092605,0.45995017104158686,0.4226520652217439,"['quadratic-l0.1', 'quadratic-l0.1', 'quadratic-l0.1', 'quadratic-l0.1', 'linear-l0.1']",16.39816218832225,0.6576322400228708,0.6275205369398398,0.6590502958120091,0.6053182297574681,"['quadratic-l0.1', 'quadratic-l0.1', 'linear-l0.1', 'linear-l0.1', 'quadratic-l0.1']",20.270356891553007,0.5584477022723329,0.34914138772592906,-0.00239873988959745,-0.00017680068078790672,0.21231220480157337,0.844798688018032,False,False,-2.2677764185854452e-17,0.00625,0.01875,,,
opposite,40,1,1.4227863482024503,1.4974516763997006,1.4601190123010754,0.5420265142999962,0.9180924980010792,0.17977919208892512,0.36751737087818565,0.48883471524615607,0.42019262172628197,"['linear-l0.1', 'quadratic-l0.1', 'linear-l0.1', 'quadratic-l0.1', 'quadratic-l0.1']",0.5849276275560684,0.14979575091612052,1.1291235409977247,1.0986973660439123,1.1922125651165327,0.8146622460385465,"['linear-l0.1', 'linear-l0.1', 'linear-l0.1', 'linear-l0.1', 'linear-l0.1']",18.85960772492246,1.5677527481776496,1.494337544364234,1.7306149094305856,1.100036675615713,"['linear-l0.1', 'linear-l0.1', 'linear-l0.1', 'linear-l0.1', 'linear-l0.1']",21.17485404693687,1.348438144587687,0.4566097805970545,0.34332096033040815,0.48592643291482995,1.0527492794847189,1.6317849568942342,False,True,0.33479100753285634,0.33125,0.40625,0.31161430979451016,0.27564479528360586,0.3539159837374067
transient,40,1,1.2171667988835435,1.2183442669822022,1.2177555329328729,0.4813095432206917,0.7364459897121812,0.33064513971486253,0.2316925699792092,-2.7615972811871207e-17,-0.006211463964266241,"['constant', 'constant', 'constant', 'mlp-w4-l0.01', 'constant']",0.20621504774398103,-0.5470843895034434,0.6545773579640619,0.6462205299095832,0.6737733076148106,0.47122166950352484,"['linear-l0.1', 'linear-l0.1', 'flat-w4-l0.1', 'linear-l0.1', 'flat-w4-l0.1']",23.415661574309205,0.027434373472719608,0.08746884278391158,0.07944430822020454,0.38552147448189,"['flat-w4-l0.1', 'flat-w4-l0.1', 'linear-l0.1', 'flat-w4-l0.01', 'linear-l1']",9.97759531542727,0.3410058657183907,0.338658281486654,-0.016966833838714605,0.004627502138327547,-0.02377875363791194,0.6820816314109548,True,False,-2.2677764185854452e-17,-0.021875,0.06875,,,
opposite,200,0,1.4227863482024503,1.4974516763997006,1.4601190123010754,0.5420265142999962,0.9180924980010792,0.17977919208892512,0.36751737087818565,0.48883471524615607,0.4682604615930795,"['mlp-w4-l0.01', 'mlp-w4-l0.01', 'quadratic-l0.1', 'mlp-w4-l0.01', 'mlp-w4-l0.01']",0.5479114448750728,0.38424872552639544,1.288146608319576,1.2420423982704774,1.3190043904979738,1.0598520956219282,"['linear-l0.1', 'quadratic-l0.1', 'quadratic-l0.1', 'quadratic-l0.1', 'quadratic-l0.1']",60.97152205197001,0.9037149726563277,0.8868152291078013,0.916213645951718,0.7538298095142199,"['linear-l0.1', 'quadratic-l0.1', 'linear-l0.1', 'quadratic-l0.1', 'linear-l0.1']",63.068088846154865,1.0959307904879518,0.5137863600132088,0.4303537490167986,0.5053610589601242,0.9745229311127284,1.2218238374949573,True,False,0.33479100753285634,0.399375,0.363125,0.4272719278053967,0.38710764218461574,0.48110291438227876
opposite,200,1,1.4227863482024503,1.4974516763997006,1.4601190123010754,0.5420265142999962,0.9180924980010792,0.17977919208892512,0.36751737087818565,0.48883471524615607,0.4206383704375279,"['quadratic-l0.1', 'quadratic-l0.1', 'quadratic-l0.1', 'quadratic-l0.1', 'mlp-w4-l0.01']",0.49873724663618646,0.35206876785290403,1.1131043525810178,1.0935494012732538,1.1272483303197531,0.9542082816979963,"['quadratic-l0.1', 'quadratic-l0.1', 'linear-l0.1', 'quadratic-l0.1', 'quadratic-l0.1']",43.23506638899103,1.0195227289795887,1.0411496919936412,1.019631890221346,1.0048196736620314,"['quadratic-l0.1', 'quadratic-l0.1', 'quadratic-l0.1', 'linear-l0.1', 'linear-l0.1']",24.721258812887644,1.066313540780303,0.4843321918011945,0.38093571677299304,0.45549259211033355,0.8355266501983069,1.2825767658070868,False,False,0.33479100753285634,0.37375,0.40625,0.3944790667571516,0.33097282852373544,0.49662687096157365
transient,200,0,1.2171667988835435,1.2183442669822022,1.2177555329328729,0.4813095432206917,0.7364459897121812,0.33064513971486253,0.2316925699792092,-2.7615972811871207e-17,-0.001772208932303361,"['constant', 'constant', 'mlp-w4-l0.1', 'constant', 'linear-l0.1']",0.06235875116090839,-0.11703223786098796,1.0431072105023351,1.0348375981449407,1.0475330911539011,0.9519505728375803,"['flat-w4-l0.01', 'flat-w4-l0.01', 'flat-w4-l0.01', 'flat-w4-l0.01', 'flat-w4-l0.01']",41.052197369755554,1.0601841346682628,1.0301960479352499,1.0691337613239602,0.9322947455649954,"['flat-w4-l0.01', 'flat-w4-l0.01', 'flat-w4-l0.01', 'flat-w4-l0.01', 'flat-w4-l0.01']",46.62910753221786,1.051645672585299,0.4653459906096634,-0.003949999865015688,0.0005380151467370211,0.8709132462274464,1.230595399615818,True,True,-2.2677764185854452e-17,-0.006875,-0.0075,-0.0016851768409284422,-0.003963950945637816,0.00048054325808926664
transient,200,1,1.2171667988835435,1.2183442669822022,1.2177555329328729,0.4813095432206917,0.7364459897121812,0.33064513971486253,0.2316925699792092,-2.7615972811871207e-17,0.0009122799890512728,"['mlp-w4-l0.1', 'mlp-w4-l0.1', 'mlp-w4-l0.1', 'linear-l0.1', 'quadratic-l1']",0.057868806700737865,-0.11703029354863828,0.9935870676943855,0.9707548990259148,1.0021167642073545,0.8685989411197232,"['flat-w4-l0.01', 'quadratic-l0.1', 'flat-w4-l0.01', 'flat-w4-l0.01', 'linear-l0.1']",57.76222534404139,0.7986349993734934,0.7772396710882914,0.8093891696159493,0.6590578757796842,"['quadratic-l0.1', 'flat-w4-l0.01', 'flat-w4-l0.01', 'quadratic-l0.1', 'linear-l0.1']",92.0980183879862,0.8961110335339393,0.443733432805105,-0.0037939984157961833,0.005633616518446889,0.7719851849126708,1.0242870369344685,True,False,-2.2677764185854452e-17,0.02,-0.0325,0.0010180434733110795,-0.004032548420908122,0.006316078581111135
rare_tail,40,0,5.699447110657619,7.587221801814275,6.643334456235947,0.6931257664091047,5.950208689826843,0.627678988425664,0.6907458065098376,0.693054466553269,0.6419929835386642,"['mlp-w4-l0.01', 'mlp-w4-l0.01', 'mlp-w4-l0.01', 'mlp-w4-l0.01', 'mlp-w4-l0.01']",0.6931471805599453,0.673359787906503,2.5626785862192065,2.4503719888492235,2.71918579087531,2.102301969196053,"['quadratic-l0.1', 'linear-l0.1', 'flat-w4-l0.01', 'quadratic-l0.1', 'quadratic-l0.1']",2.727938307351352,4.007851484228626,3.601039421591318,5.042752605274827,3.160026122300228,"['flat-w4-l0.01', 'flat-w4-l0.01', 'flat-w4-l0.01', 'flat-w4-l0.01', 'quadratic-l0.1']",3.868416226263722,3.285265035223915,0.6638126397493285,0.6404717273069974,0.643359053953621,2.9334635954406503,3.5697505229798847,False,False,0.10432328390492436,0.540625,0.734375,0.19541588780672228,0.17996303367183009,0.2187923776507884
rare_tail,40,1,5.699447110657619,7.587221801814275,6.643334456235947,0.6931257664091047,5.950208689826843,0.627678988425664,0.6907458065098376,0.693054466553269,0.6423185639046126,"['mlp-w4-l0.01', 'mlp-w4-l0.01', 'mlp-w4-l0.01', 'mlp-w4-l0.01', 'mlp-w4-l0.01']",0.6931471805599453,0.6572567872874541,3.121590538864029,2.8923660350703377,3.5447287718898854,2.4593716865122963,"['quadratic-l0.1', 'quadratic-l0.1', 'quadratic-l0.1', 'flat-w4-l0.01', 'quadratic-l0.1']",5.476411990860763,2.8450342560701456,2.7206005742014936,2.9439808583372162,2.4635528764636603,"['quadratic-l0.1', 'quadratic-l0.1', 'linear-l0.1', 'quadratic-l0.1', 'quadratic-l0.1']",1.8176718042268276,2.9833123974670874,0.6666883365518581,0.6411024255890764,0.643291468420761,2.4587223032511245,3.3128479178617583,False,False,0.10432328390492436,0.578125,0.725,0.21530382284133515,0.1939360687429077,0.26142452614000894
rare_tail,200,0,5.699447110657619,7.587221801814275,6.643334456235947,0.6931257664091047,5.950208689826843,0.627678988425664,0.6907458065098376,0.693054466553269,0.6424232567212544,"['mlp-w4-l0.01', 'mlp-w4-l0.01', 'mlp-w4-l0.01', 'mlp-w4-l0.01', 'mlp-w4-l0.01']",0.6931471805599453,0.6908991924851577,3.4939594417898303,3.2241094204380625,4.4213858558904775,2.66696723858798,"['flat-w4-l0.01', 'flat-w4-l0.01', 'flat-w4-l0.01', 'flat-w4-l0.01', 'flat-w4-l0.01']",14.238222190569905,3.8852787137039644,3.5215272179139756,5.2581150208496314,2.9886457378716766,"['flat-w4-l0.01', 'quadratic-l0.1', 'flat-w4-l0.01', 'quadratic-l0.1', 'flat-w4-l0.01']",20.679238744078088,3.6896190777468973,0.66721311073694,0.6420708707951529,0.6427970955615353,3.6157256394666484,3.767528873232441,False,False,0.10432328390492436,0.565625,0.716875,0.1741164177613578,0.17054117439387925,0.17761429129535927
reversed,40,0,1.4974516763997006,1.4227863482024503,1.4601190123010754,0.5420265142999962,0.9180924980010792,0.17977919208892512,0.36751737087818565,0.48883471524615607,0.5233610001181566,"['quadratic-l0.1', 'quadratic-l0.1', 'quadratic-l0.1', 'quadratic-l0.1', 'quadratic-l0.1']",0.6931471805599453,0.574088492121402,1.8526854983001229,1.7821732310902731,2.091736723123779,1.310545999645154,"['linear-l0.1', 'linear-l0.1', 'linear-l0.1', 'linear-l0.1', 'linear-l0.1']",14.51155849338845,1.3850938897650424,1.339296788462369,1.45212071829746,1.062213765321406,"['linear-l0.1', 'quadratic-l0.1', 'linear-l0.1', 'linear-l0.1', 'linear-l0.1']",12.87422777326106,1.6188896940325825,0.5524862130085644,0.4629360669794032,0.5748517553888971,1.2764999700214987,1.902520526098314,True,True,0.33479100753285634,-0.240625,-0.215625,0.3232839161601477,0.29269556010505887,0.372682187937078
reversed,40,1,1.4974516763997006,1.4227863482024503,1.4601190123010754,0.5420265142999962,0.9180924980010792,0.17977919208892512,0.36751737087818565,0.48883471524615607,0.43869696097137323,"['linear-l0.1', 'quadratic-l0.1', 'quadratic-l0.1', 'linear-l0.1', 'quadratic-l0.1']",0.5796148445812503,0.34977896166204375,1.040432256391752,1.0091079944584018,1.0779047544768936,0.7910620365614568,"['linear-l0.1', 'quadratic-l0.1', 'linear-l0.1', 'linear-l0.1', 'linear-l0.1']",16.286126327396456,0.7989329552534495,0.7883830530399811,0.8116530691622316,0.6477979665216996,"['linear-l0.1', 'linear-l0.1', 'linear-l0.1', 'linear-l0.1', 'linear-l0.1']",16.70599896574108,0.9196826058226009,0.4723885312522119,0.35907679518786606,0.5040179728722515,0.598797428238671,1.2205330258189309,True,False,0.33479100753285634,-0.24375,-0.165625,0.4770090879113508,0.393423498320494,0.656957715290871
rare_tail,200,1,5.699447110657619,7.587221801814275,6.643334456235947,0.6931257664091047,5.950208689826843,0.627678988425664,0.6907458065098376,0.693054466553269,0.6419848585676821,"['mlp-w4-l0.01', 'mlp-w4-l0.01', 'mlp-w4-l0.01', 'mlp-w4-l0.01', 'mlp-w4-l0.01']",0.6931471805599453,0.6892332582085331,3.17491519979009,2.9666071020408946,3.6955389132138174,2.4678981909645152,"['quadratic-l0.1', 'flat-w4-l0.01', 'flat-w4-l0.01', 'flat-w4-l0.01', 'flat-w4-l0.01']",10.178659922168498,3.6683694496173667,3.3310424723255623,4.702191753356686,2.8207378680553834,"['quadratic-l0.1', 'quadratic-l0.1', 'quadratic-l0.1', 'quadratic-l0.1', 'quadratic-l0.1']",22.09035850652724,3.4216423247037278,0.666200970371026,0.6407169643374024,0.6428224573075308,3.2970839255290123,3.5355106329768926,False,False,0.10432328390492436,0.5475,0.68125,0.1876247712780061,0.18165821351183226,0.19462849728078185
reversed,200,0,1.4974516763997006,1.4227863482024503,1.4601190123010754,0.5420265142999962,0.9180924980010792,0.17977919208892512,0.36751737087818565,0.48883471524615607,0.4699019027477847,"['quadratic-l0.1', 'quadratic-l0.1', 'quadratic-l0.1', 'quadratic-l0.1', 'quadratic-l0.1']",0.5571879011123902,0.3964256369738405,1.1755766505494865,1.1431346729396703,1.2030079591807732,0.9592682314800747,"['linear-l0.1', 'quadratic-l0.1', 'quadratic-l0.1', 'linear-l0.1', 'quadratic-l0.1']",50.163625676431586,1.3705439004072257,1.3296355300878944,1.3896044265986385,1.1877925909633849,"['quadratic-l0.1', 'quadratic-l0.1', 'quadratic-l0.1', 'quadratic-l0.1', 'quadratic-l0.1']",40.24633719686742,1.273060275478356,0.5445836045515081,0.4380230588181592,0.4983110147756,1.0988500073210163,1.4525891711836338,True,False,0.33479100753285634,-0.22625,-0.19125,0.36911206154101206,0.32978710965368807,0.4217401168787425
reversed,200,1,1.4974516763997006,1.4227863482024503,1.4601190123010754,0.5420265142999962,0.9180924980010792,0.17977919208892512,0.36751737087818565,0.48883471524615607,0.4467860281624374,"['mlp-w4-l0.01', 'quadratic-l0.1', 'quadratic-l0.1', 'linear-l0.1', 'quadratic-l0.1']",0.5417743598076012,0.3483119586692935,1.3644247705841064,1.3066957815461817,1.4017875229589702,1.115385188456955,"['linear-l0.1', 'quadratic-l0.1', 'quadratic-l0.1', 'linear-l0.1', 'quadratic-l0.1']",50.995635094760324,1.220662794930265,1.1867508461124334,1.2593333772770523,0.9677204127736492,"['quadratic-l0.1', 'linear-l0.1', 'linear-l0.1', 'linear-l0.1', 'quadratic-l0.1']",61.47932038147454,1.2925437827571857,0.5305978980814069,0.4131986549145933,0.4778198599892732,1.1531572005055564,1.4188797004407605,False,False,0.33479100753285634,-0.230625,-0.1825,0.3456641346487909,0.3202395066718359,0.3784503575429878
