rho,arm,state,n_states,order_gain,sd
0.75,silent,e only (4),3,0.016110465607639554,0.009624826959118976
0.75,silent,e x spread (8),6,0.027421424212976175,0.020447320855733912
0.75,silent,e x dec_frac (8),6,0.024884737539167673,0.00895240950565434
0.75,silent,e x pool_frac (8),6,0.0011425537125667369,0.012351081900311613
0.75,silent,e x mean_nfacts (8),6,0.03276529970932578,0.014710814908917224
0.75,A2,e only (4),3,0.01459669729331634,0.0026211696715863083
0.75,A2,e x spread (8),6,0.027401475742257486,0.006958924499840058
0.75,A2,e x dec_frac (8),6,0.013520855868524528,0.005123533127088685
0.75,A2,e x pool_frac (8),6,0.020744452338204433,0.007024445086311518
0.75,A2,e x mean_nfacts (8),6,0.013264085547132431,0.005709098736334849
1.0,silent,e only (4),4,-0.005014338230379921,0.0029278960652095805
1.0,silent,e x spread (8),8,-0.012406242071237911,0.010715546175751064
1.0,silent,e x dec_frac (8),4,-0.005014338230379921,0.0029278960652095805
1.0,silent,e x pool_frac (8),8,-0.013964695624836992,0.00687694819900934
1.0,silent,e x mean_nfacts (8),8,-0.008661905978710041,0.002821995588026849
1.0,A2,e only (4),4,0.006027604074015698,0.0063651736477072845
1.0,A2,e x spread (8),8,0.009693359362668666,0.008776797686450254
1.0,A2,e x dec_frac (8),8,0.0023371812907598405,0.004828884434677041
1.0,A2,e x pool_frac (8),4,0.006027604074015698,0.0063651736477072845
1.0,A2,e x mean_nfacts (8),8,-0.0009370426945256027,0.006959566580122217
