bins,scheme,arm,n_test,ll1,ll2,gain,n_states
2,quantile,silent,1105,-0.24265142457834002,-0.22048305733711346,0.02216836724122656,2
2,quantile,A2-target,2223,-0.2789768364577643,-0.26949349007563933,0.009483346382124946,2
2,semantic,silent,1105,-0.2510376472909718,-0.23991014383254322,0.011127503458428556,2
2,semantic,A2-target,2223,-0.22956142150724834,-0.21574640743789572,0.013815014069352621,2
3,quantile,silent,1105,-0.3729823713158511,-0.3567251309359388,0.01625724037991233,3
3,quantile,A2-target,2223,-0.49848884441608715,-0.4790878956048497,0.01940094881123744,3
3,semantic,silent,1105,-0.3352189133001488,-0.32010937687664764,0.015109536423501158,3
3,semantic,A2-target,2223,-0.3768574192484359,-0.3673583522746751,0.009499066973760795,3
4,quantile,silent,1105,-0.4792673303770227,-0.45789808711014546,0.021369243266877225,4
4,quantile,A2-target,2223,-0.6517653265712496,-0.6396362197104678,0.012129106860781835,4
4,semantic,silent,1105,-0.34186006455258794,-0.3269661075656359,0.014893956986952062,4
4,semantic,A2-target,2223,-0.5149983918818781,-0.49664106977731926,0.01835732210455887,4
5,quantile,silent,1105,-0.583633495477308,-0.5538940690978839,0.029739426379424172,5
5,quantile,A2-target,2223,-0.8333503006876379,-0.8158146022914806,0.017535698396157318,5
5,semantic,silent,1105,-0.34731542069216864,-0.3363690534146071,0.010946367277561542,5
5,semantic,A2-target,2223,-0.6969420749556472,-0.6782420020230546,0.01870007293259257,5
6,quantile,silent,1105,-0.6759589382067996,-0.6654975587820663,0.010461379424733352,6
6,quantile,A2-target,2223,-0.9376887889051154,-0.9281200385088214,0.009568750396294012,6
6,semantic,silent,1105,-0.405411667206954,-0.3901944543408865,0.015217212866067475,5
6,semantic,A2-target,2223,-0.6796718105097651,-0.6745877913056244,0.0050840192041406995,6
