variant,setup,rho,q,quantity,day30_mean,day30_lo,day30_hi,day1_mean
sim1_base,task003_nosolution,0.75000,12,share_A0,0.43342,0.40199,0.46288,0.44542
sim1_base,task003_nosolution,0.75000,12,share_A1,0.00367,0.00142,0.00692,0.04433
sim1_base,task003_nosolution,0.75000,12,share_A2,0.56292,0.53279,0.59471,0.51025
sim1_base,task003_nosolution,0.75000,12,margin_A2_minus_A0,0.12950,0.07037,0.19327,0.06483
sim1_base,task003_nosolution,0.75000,12,episodes_led_by_A2_minus_A0,0.12100,,,
sim1_base,task003_nosolution,1.00000,12,share_A0,0.47054,0.43954,0.49813,0.44542
sim1_base,task003_nosolution,1.00000,12,share_A1,0.00200,0.00000,0.00500,0.04433
sim1_base,task003_nosolution,1.00000,12,share_A2,0.52746,0.49904,0.55847,0.51025
sim1_base,task003_nosolution,1.00000,12,margin_A2_minus_A0,0.05692,0.00108,0.11892,0.06483
sim1_base,task003_nosolution,1.00000,12,episodes_led_by_A2_minus_A0,0.05000,,,
sim1_base,task003_nosolution,0.75000,3,share_A0,0.22913,0.20346,0.25471,0.39338
sim1_base,task003_nosolution,0.75000,3,share_A1,0.00750,0.00538,0.01012,0.10458
sim1_base,task003_nosolution,0.75000,3,share_A2,0.76338,0.73754,0.78888,0.50204
sim1_base,task003_nosolution,0.75000,3,margin_A2_minus_A0,0.53425,0.48308,0.58580,0.10867
sim1_base,task003_nosolution,0.75000,3,episodes_led_by_A2_minus_A0,0.53500,,,
sim1_base,task003_nosolution,1.00000,3,share_A0,0.38825,0.36287,0.41308,0.39338
sim1_base,task003_nosolution,1.00000,3,share_A1,0.00000,0.00000,0.00000,0.10458
sim1_base,task003_nosolution,1.00000,3,share_A2,0.61175,0.58692,0.63713,0.50204
sim1_base,task003_nosolution,1.00000,3,margin_A2_minus_A0,0.22350,0.17383,0.27426,0.10867
sim1_base,task003_nosolution,1.00000,3,episodes_led_by_A2_minus_A0,0.23100,,,
sim1_base,task003_nosolution,0.75000,6,share_A0,0.35346,0.32616,0.38304,0.40563
sim1_base,task003_nosolution,0.75000,6,share_A1,0.00146,0.00096,0.00200,0.06117
sim1_base,task003_nosolution,0.75000,6,share_A2,0.64508,0.61554,0.67251,0.53321
sim1_base,task003_nosolution,0.75000,6,margin_A2_minus_A0,0.29162,0.23250,0.34635,0.12758
sim1_base,task003_nosolution,0.75000,6,episodes_led_by_A2_minus_A0,0.28000,,,
sim1_base,task003_nosolution,1.00000,6,share_A0,0.42183,0.39367,0.44854,0.40563
sim1_base,task003_nosolution,1.00000,6,share_A1,0.00000,0.00000,0.00000,0.06117
sim1_base,task003_nosolution,1.00000,6,share_A2,0.57817,0.55146,0.60633,0.53321
sim1_base,task003_nosolution,1.00000,6,margin_A2_minus_A0,0.15633,0.10291,0.21267,0.12758
sim1_base,task003_nosolution,1.00000,6,episodes_led_by_A2_minus_A0,0.14900,,,
sim1_base,task003_symmetric,0.75000,12,share_A0,0.94004,0.92579,0.95354,0.81467
sim1_base,task003_symmetric,0.75000,12,share_A1,0.00046,0.00021,0.00071,0.04458
sim1_base,task003_symmetric,0.75000,12,share_A2,0.05950,0.04604,0.07379,0.14075
sim1_base,task003_symmetric,0.75000,12,margin_A2_minus_A0,-0.88054,-0.90754,-0.85199,-0.67392
sim1_base,task003_symmetric,0.75000,12,episodes_led_by_A2_minus_A0,-0.88800,,,
sim1_base,task003_symmetric,1.00000,12,share_A0,0.93000,0.91397,0.94500,0.81467
sim1_base,task003_symmetric,1.00000,12,share_A1,0.00000,0.00000,0.00000,0.04458
sim1_base,task003_symmetric,1.00000,12,share_A2,0.07000,0.05500,0.08602,0.14075
sim1_base,task003_symmetric,1.00000,12,margin_A2_minus_A0,-0.86000,-0.89000,-0.82795,-0.67392
sim1_base,task003_symmetric,1.00000,12,episodes_led_by_A2_minus_A0,-0.86000,,,
sim1_base,task003_symmetric,0.75000,3,share_A0,0.95838,0.94979,0.96717,0.69679
sim1_base,task003_symmetric,0.75000,3,share_A1,0.00292,0.00217,0.00375,0.09354
sim1_base,task003_symmetric,0.75000,3,share_A2,0.03871,0.02992,0.04725,0.20967
sim1_base,task003_symmetric,0.75000,3,margin_A2_minus_A0,-0.91967,-0.93746,-0.90233,-0.48712
sim1_base,task003_symmetric,0.75000,3,episodes_led_by_A2_minus_A0,-0.95600,,,
sim1_base,task003_symmetric,1.00000,3,share_A0,1.00000,1.00000,1.00000,0.69679
sim1_base,task003_symmetric,1.00000,3,share_A1,0.00000,0.00000,0.00000,0.09354
sim1_base,task003_symmetric,1.00000,3,share_A2,0.00000,0.00000,0.00000,0.20967
sim1_base,task003_symmetric,1.00000,3,margin_A2_minus_A0,-1.00000,-1.00000,-1.00000,-0.48712
sim1_base,task003_symmetric,1.00000,3,episodes_led_by_A2_minus_A0,-1.00000,,,
sim1_base,task003_symmetric,0.75000,6,share_A0,0.96704,0.95637,0.97608,0.78471
sim1_base,task003_symmetric,0.75000,6,share_A1,0.00058,0.00029,0.00092,0.05267
sim1_base,task003_symmetric,0.75000,6,share_A2,0.03238,0.02325,0.04296,0.16262
sim1_base,task003_symmetric,0.75000,6,margin_A2_minus_A0,-0.93467,-0.95288,-0.91329,-0.62208
sim1_base,task003_symmetric,0.75000,6,episodes_led_by_A2_minus_A0,-0.95000,,,
sim1_base,task003_symmetric,1.00000,6,share_A0,0.97000,0.95900,0.98000,0.78471
sim1_base,task003_symmetric,1.00000,6,share_A1,0.00000,0.00000,0.00000,0.05267
sim1_base,task003_symmetric,1.00000,6,share_A2,0.03000,0.02000,0.04100,0.16262
sim1_base,task003_symmetric,1.00000,6,margin_A2_minus_A0,-0.94000,-0.96000,-0.91800,-0.62208
sim1_base,task003_symmetric,1.00000,6,episodes_led_by_A2_minus_A0,-0.94000,,,
sim1_pm,task003_nosolution,0.75000,12,share_A0,0.43833,0.42704,0.44946,0.40292
sim1_pm,task003_nosolution,0.75000,12,share_A1,0.04904,0.04512,0.05292,0.14733
sim1_pm,task003_nosolution,0.75000,12,share_A2,0.51263,0.50108,0.52518,0.44975
sim1_pm,task003_nosolution,0.75000,12,margin_A2_minus_A0,0.07429,0.05275,0.09822,0.04683
sim1_pm,task003_nosolution,0.75000,12,episodes_led_by_A2_minus_A0,0.12000,,,
sim1_pm,task003_nosolution,1.00000,12,share_A0,0.50550,0.49908,0.51171,0.40292
sim1_pm,task003_nosolution,1.00000,12,share_A1,0.00000,0.00000,0.00000,0.14733
sim1_pm,task003_nosolution,1.00000,12,share_A2,0.49450,0.48829,0.50092,0.44975
sim1_pm,task003_nosolution,1.00000,12,margin_A2_minus_A0,-0.01100,-0.02342,0.00184,0.04683
sim1_pm,task003_nosolution,1.00000,12,episodes_led_by_A2_minus_A0,-0.04400,,,
sim1_pm,task003_nosolution,0.75000,3,share_A0,0.35321,0.34350,0.36234,0.36746
sim1_pm,task003_nosolution,0.75000,3,share_A1,0.16417,0.15758,0.17104,0.23458
sim1_pm,task003_nosolution,0.75000,3,share_A2,0.48263,0.47175,0.49275,0.39796
sim1_pm,task003_nosolution,0.75000,3,margin_A2_minus_A0,0.12942,0.11016,0.14796,0.03050
sim1_pm,task003_nosolution,0.75000,3,episodes_led_by_A2_minus_A0,0.32000,,,
sim1_pm,task003_nosolution,1.00000,3,share_A0,0.50229,0.49550,0.50900,0.36746
sim1_pm,task003_nosolution,1.00000,3,share_A1,0.00063,0.00008,0.00137,0.23458
sim1_pm,task003_nosolution,1.00000,3,share_A2,0.49708,0.49054,0.50388,0.39796
sim1_pm,task003_nosolution,1.00000,3,margin_A2_minus_A0,-0.00521,-0.01846,0.00838,0.03050
sim1_pm,task003_nosolution,1.00000,3,episodes_led_by_A2_minus_A0,-0.01600,,,
sim1_pm,task003_nosolution,0.75000,6,share_A0,0.38179,0.37029,0.39329,0.38367
sim1_pm,task003_nosolution,0.75000,6,share_A1,0.08821,0.08329,0.09421,0.18521
sim1_pm,task003_nosolution,0.75000,6,share_A2,0.53000,0.51729,0.54204,0.43113
sim1_pm,task003_nosolution,0.75000,6,margin_A2_minus_A0,0.14821,0.12500,0.17142,0.04746
sim1_pm,task003_nosolution,0.75000,6,episodes_led_by_A2_minus_A0,0.26900,,,
sim1_pm,task003_nosolution,1.00000,6,share_A0,0.50546,0.49875,0.51167,0.38367
sim1_pm,task003_nosolution,1.00000,6,share_A1,0.00000,0.00000,0.00000,0.18521
sim1_pm,task003_nosolution,1.00000,6,share_A2,0.49454,0.48833,0.50125,0.43113
sim1_pm,task003_nosolution,1.00000,6,margin_A2_minus_A0,-0.01092,-0.02334,0.00250,0.04746
sim1_pm,task003_nosolution,1.00000,6,episodes_led_by_A2_minus_A0,-0.04600,,,
sim1_pm,task003_symmetric,0.75000,12,share_A0,0.94183,0.93787,0.94575,0.69108
sim1_pm,task003_symmetric,0.75000,12,share_A1,0.01529,0.01358,0.01704,0.10438
sim1_pm,task003_symmetric,0.75000,12,share_A2,0.04287,0.03938,0.04621,0.20454
sim1_pm,task003_symmetric,0.75000,12,margin_A2_minus_A0,-0.89896,-0.90609,-0.89166,-0.48654
sim1_pm,task003_symmetric,0.75000,12,episodes_led_by_A2_minus_A0,-1.00000,,,
sim1_pm,task003_symmetric,1.00000,12,share_A0,1.00000,1.00000,1.00000,0.69108
sim1_pm,task003_symmetric,1.00000,12,share_A1,0.00000,0.00000,0.00000,0.10438
sim1_pm,task003_symmetric,1.00000,12,share_A2,0.00000,0.00000,0.00000,0.20454
sim1_pm,task003_symmetric,1.00000,12,margin_A2_minus_A0,-1.00000,-1.00000,-1.00000,-0.48654
sim1_pm,task003_symmetric,1.00000,12,episodes_led_by_A2_minus_A0,-1.00000,,,
sim1_pm,task003_symmetric,0.75000,3,share_A0,0.64829,0.64033,0.65679,0.48275
sim1_pm,task003_symmetric,0.75000,3,share_A1,0.11000,0.10471,0.11525,0.21988
sim1_pm,task003_symmetric,0.75000,3,share_A2,0.24171,0.23316,0.24955,0.29738
sim1_pm,task003_symmetric,0.75000,3,margin_A2_minus_A0,-0.40658,-0.42305,-0.39138,-0.18538
sim1_pm,task003_symmetric,0.75000,3,episodes_led_by_A2_minus_A0,-0.84700,,,
sim1_pm,task003_symmetric,1.00000,3,share_A0,0.99996,0.99987,1.00000,0.48275
sim1_pm,task003_symmetric,1.00000,3,share_A1,0.00004,0.00000,0.00013,0.21988
sim1_pm,task003_symmetric,1.00000,3,share_A2,0.00000,0.00000,0.00000,0.29738
sim1_pm,task003_symmetric,1.00000,3,margin_A2_minus_A0,-0.99996,-1.00000,-0.99987,-0.18538
sim1_pm,task003_symmetric,1.00000,3,episodes_led_by_A2_minus_A0,-1.00000,,,
sim1_pm,task003_symmetric,0.75000,6,share_A0,0.84500,0.83821,0.85138,0.57788
sim1_pm,task003_symmetric,0.75000,6,share_A1,0.03858,0.03592,0.04142,0.15688
sim1_pm,task003_symmetric,0.75000,6,share_A2,0.11642,0.11054,0.12267,0.26525
sim1_pm,task003_symmetric,0.75000,6,margin_A2_minus_A0,-0.72858,-0.74046,-0.71595,-0.31263
sim1_pm,task003_symmetric,0.75000,6,episodes_led_by_A2_minus_A0,-0.98200,,,
sim1_pm,task003_symmetric,1.00000,6,share_A0,1.00000,1.00000,1.00000,0.57788
sim1_pm,task003_symmetric,1.00000,6,share_A1,0.00000,0.00000,0.00000,0.15688
sim1_pm,task003_symmetric,1.00000,6,share_A2,0.00000,0.00000,0.00000,0.26525
sim1_pm,task003_symmetric,1.00000,6,margin_A2_minus_A0,-1.00000,-1.00000,-1.00000,-0.31263
sim1_pm,task003_symmetric,1.00000,6,episodes_led_by_A2_minus_A0,-1.00000,,,
sim1_pm_post_always,task003_nosolution,0.75000,12,share_A0,0.44121,0.42921,0.45217,0.40683
sim1_pm_post_always,task003_nosolution,0.75000,12,share_A1,0.04917,0.04533,0.05313,0.13871
sim1_pm_post_always,task003_nosolution,0.75000,12,share_A2,0.50962,0.49800,0.52184,0.45446
sim1_pm_post_always,task003_nosolution,0.75000,12,margin_A2_minus_A0,0.06842,0.04550,0.09255,0.04763
sim1_pm_post_always,task003_nosolution,0.75000,12,episodes_led_by_A2_minus_A0,0.08200,,,
sim1_pm_post_always,task003_nosolution,1.00000,12,share_A0,0.50550,0.49908,0.51171,0.40683
sim1_pm_post_always,task003_nosolution,1.00000,12,share_A1,0.00000,0.00000,0.00000,0.13871
sim1_pm_post_always,task003_nosolution,1.00000,12,share_A2,0.49450,0.48829,0.50092,0.45446
sim1_pm_post_always,task003_nosolution,1.00000,12,margin_A2_minus_A0,-0.01100,-0.02342,0.00184,0.04763
sim1_pm_post_always,task003_nosolution,1.00000,12,episodes_led_by_A2_minus_A0,-0.04400,,,
sim1_pm_post_always,task003_nosolution,0.75000,3,share_A0,0.35425,0.34541,0.36325,0.36850
sim1_pm_post_always,task003_nosolution,0.75000,3,share_A1,0.15846,0.15171,0.16508,0.23004
sim1_pm_post_always,task003_nosolution,0.75000,3,share_A2,0.48729,0.47703,0.49729,0.40146
sim1_pm_post_always,task003_nosolution,0.75000,3,margin_A2_minus_A0,0.13304,0.11446,0.15138,0.03296
sim1_pm_post_always,task003_nosolution,0.75000,3,episodes_led_by_A2_minus_A0,0.31200,,,
sim1_pm_post_always,task003_nosolution,1.00000,3,share_A0,0.50258,0.49587,0.50942,0.36850
sim1_pm_post_always,task003_nosolution,1.00000,3,share_A1,0.00079,0.00025,0.00154,0.23004
sim1_pm_post_always,task003_nosolution,1.00000,3,share_A2,0.49662,0.48971,0.50312,0.40146
sim1_pm_post_always,task003_nosolution,1.00000,3,margin_A2_minus_A0,-0.00596,-0.01967,0.00738,0.03296
sim1_pm_post_always,task003_nosolution,1.00000,3,episodes_led_by_A2_minus_A0,-0.02500,,,
sim1_pm_post_always,task003_nosolution,0.75000,6,share_A0,0.38025,0.36812,0.39146,0.38725
sim1_pm_post_always,task003_nosolution,0.75000,6,share_A1,0.08708,0.08196,0.09246,0.18017
sim1_pm_post_always,task003_nosolution,0.75000,6,share_A2,0.53267,0.52070,0.54513,0.43258
sim1_pm_post_always,task003_nosolution,0.75000,6,margin_A2_minus_A0,0.15242,0.12958,0.17729,0.04533
sim1_pm_post_always,task003_nosolution,0.75000,6,episodes_led_by_A2_minus_A0,0.26000,,,
sim1_pm_post_always,task003_nosolution,1.00000,6,share_A0,0.50521,0.49863,0.51154,0.38725
sim1_pm_post_always,task003_nosolution,1.00000,6,share_A1,0.00000,0.00000,0.00000,0.18017
sim1_pm_post_always,task003_nosolution,1.00000,6,share_A2,0.49479,0.48846,0.50137,0.43258
sim1_pm_post_always,task003_nosolution,1.00000,6,margin_A2_minus_A0,-0.01042,-0.02309,0.00275,0.04533
sim1_pm_post_always,task003_nosolution,1.00000,6,episodes_led_by_A2_minus_A0,-0.04500,,,
sim1_pm_post_always,task003_symmetric,0.75000,12,share_A0,0.94175,0.93792,0.94550,0.69625
sim1_pm_post_always,task003_symmetric,0.75000,12,share_A1,0.01458,0.01304,0.01625,0.10071
sim1_pm_post_always,task003_symmetric,0.75000,12,share_A2,0.04367,0.04029,0.04704,0.20304
sim1_pm_post_always,task003_symmetric,0.75000,12,margin_A2_minus_A0,-0.89808,-0.90492,-0.89100,-0.49321
sim1_pm_post_always,task003_symmetric,0.75000,12,episodes_led_by_A2_minus_A0,-0.99900,,,
sim1_pm_post_always,task003_symmetric,1.00000,12,share_A0,1.00000,1.00000,1.00000,0.69625
sim1_pm_post_always,task003_symmetric,1.00000,12,share_A1,0.00000,0.00000,0.00000,0.10071
sim1_pm_post_always,task003_symmetric,1.00000,12,share_A2,0.00000,0.00000,0.00000,0.20304
sim1_pm_post_always,task003_symmetric,1.00000,12,margin_A2_minus_A0,-1.00000,-1.00000,-1.00000,-0.49321
sim1_pm_post_always,task003_symmetric,1.00000,12,episodes_led_by_A2_minus_A0,-1.00000,,,
sim1_pm_post_always,task003_symmetric,0.75000,3,share_A0,0.64325,0.63487,0.65167,0.48096
sim1_pm_post_always,task003_symmetric,0.75000,3,share_A1,0.11142,0.10671,0.11646,0.22154
sim1_pm_post_always,task003_symmetric,0.75000,3,share_A2,0.24533,0.23708,0.25400,0.29750
sim1_pm_post_always,task003_symmetric,0.75000,3,margin_A2_minus_A0,-0.39792,-0.41404,-0.38167,-0.18346
sim1_pm_post_always,task003_symmetric,0.75000,3,episodes_led_by_A2_minus_A0,-0.83400,,,
sim1_pm_post_always,task003_symmetric,1.00000,3,share_A0,0.99987,0.99971,1.00000,0.48096
sim1_pm_post_always,task003_symmetric,1.00000,3,share_A1,0.00013,0.00000,0.00029,0.22154
sim1_pm_post_always,task003_symmetric,1.00000,3,share_A2,0.00000,0.00000,0.00000,0.29750
sim1_pm_post_always,task003_symmetric,1.00000,3,margin_A2_minus_A0,-0.99987,-1.00000,-0.99971,-0.18346
sim1_pm_post_always,task003_symmetric,1.00000,3,episodes_led_by_A2_minus_A0,-1.00000,,,
sim1_pm_post_always,task003_symmetric,0.75000,6,share_A0,0.84500,0.83770,0.85146,0.57796
sim1_pm_post_always,task003_symmetric,0.75000,6,share_A1,0.03817,0.03558,0.04096,0.15513
sim1_pm_post_always,task003_symmetric,0.75000,6,share_A2,0.11683,0.11079,0.12333,0.26692
sim1_pm_post_always,task003_symmetric,0.75000,6,margin_A2_minus_A0,-0.72817,-0.74017,-0.71454,-0.31104
sim1_pm_post_always,task003_symmetric,0.75000,6,episodes_led_by_A2_minus_A0,-0.98300,,,
sim1_pm_post_always,task003_symmetric,1.00000,6,share_A0,1.00000,1.00000,1.00000,0.57796
sim1_pm_post_always,task003_symmetric,1.00000,6,share_A1,0.00000,0.00000,0.00000,0.15513
sim1_pm_post_always,task003_symmetric,1.00000,6,share_A2,0.00000,0.00000,0.00000,0.26692
sim1_pm_post_always,task003_symmetric,1.00000,6,margin_A2_minus_A0,-1.00000,-1.00000,-1.00000,-0.31104
sim1_pm_post_always,task003_symmetric,1.00000,6,episodes_led_by_A2_minus_A0,-1.00000,,,
sim1_uniform_post,task003_nosolution,0.75000,12,share_A0,0.44054,0.41857,0.46351,0.42508
sim1_uniform_post,task003_nosolution,0.75000,12,share_A1,0.03308,0.02683,0.04004,0.09229
sim1_uniform_post,task003_nosolution,0.75000,12,share_A2,0.52637,0.50341,0.54876,0.48263
sim1_uniform_post,task003_nosolution,0.75000,12,margin_A2_minus_A0,0.08583,0.03982,0.13038,0.05754
sim1_uniform_post,task003_nosolution,0.75000,12,episodes_led_by_A2_minus_A0,0.08000,,,
sim1_uniform_post,task003_nosolution,1.00000,12,share_A0,0.57954,0.56562,0.59321,0.42508
sim1_uniform_post,task003_nosolution,1.00000,12,share_A1,0.00000,0.00000,0.00000,0.09229
sim1_uniform_post,task003_nosolution,1.00000,12,share_A2,0.42046,0.40679,0.43438,0.48263
sim1_uniform_post,task003_nosolution,1.00000,12,margin_A2_minus_A0,-0.15908,-0.18642,-0.13124,0.05754
sim1_uniform_post,task003_nosolution,1.00000,12,episodes_led_by_A2_minus_A0,-0.19700,,,
sim1_uniform_post,task003_nosolution,0.75000,3,share_A0,0.42113,0.40050,0.44046,0.41021
sim1_uniform_post,task003_nosolution,0.75000,3,share_A1,0.10004,0.08979,0.11152,0.13092
sim1_uniform_post,task003_nosolution,0.75000,3,share_A2,0.47883,0.45937,0.49905,0.45888
sim1_uniform_post,task003_nosolution,0.75000,3,margin_A2_minus_A0,0.05771,0.02071,0.09682,0.04867
sim1_uniform_post,task003_nosolution,0.75000,3,episodes_led_by_A2_minus_A0,0.08100,,,
sim1_uniform_post,task003_nosolution,1.00000,3,share_A0,0.63058,0.61529,0.64518,0.41021
sim1_uniform_post,task003_nosolution,1.00000,3,share_A1,0.00000,0.00000,0.00000,0.13092
sim1_uniform_post,task003_nosolution,1.00000,3,share_A2,0.36942,0.35483,0.38471,0.45888
sim1_uniform_post,task003_nosolution,1.00000,3,margin_A2_minus_A0,-0.26117,-0.29035,-0.23058,0.04867
sim1_uniform_post,task003_nosolution,1.00000,3,episodes_led_by_A2_minus_A0,-0.36000,,,
sim1_uniform_post,task003_nosolution,0.75000,6,share_A0,0.41962,0.39816,0.44029,0.41758
sim1_uniform_post,task003_nosolution,0.75000,6,share_A1,0.05354,0.04621,0.06158,0.10588
sim1_uniform_post,task003_nosolution,0.75000,6,share_A2,0.52683,0.50533,0.54805,0.47654
sim1_uniform_post,task003_nosolution,0.75000,6,margin_A2_minus_A0,0.10721,0.06453,0.14858,0.05896
sim1_uniform_post,task003_nosolution,0.75000,6,episodes_led_by_A2_minus_A0,0.11900,,,
sim1_uniform_post,task003_nosolution,1.00000,6,share_A0,0.59850,0.58325,0.61308,0.41758
sim1_uniform_post,task003_nosolution,1.00000,6,share_A1,0.00000,0.00000,0.00000,0.10588
sim1_uniform_post,task003_nosolution,1.00000,6,share_A2,0.40150,0.38692,0.41675,0.47654
sim1_uniform_post,task003_nosolution,1.00000,6,margin_A2_minus_A0,-0.19700,-0.22617,-0.16649,0.05896
sim1_uniform_post,task003_nosolution,1.00000,6,episodes_led_by_A2_minus_A0,-0.25600,,,
sim1_uniform_post,task003_symmetric,0.75000,12,share_A0,0.84492,0.82837,0.86038,0.69362
sim1_uniform_post,task003_symmetric,0.75000,12,share_A1,0.03113,0.02504,0.03887,0.09779
sim1_uniform_post,task003_symmetric,0.75000,12,share_A2,0.12396,0.10954,0.13879,0.20858
sim1_uniform_post,task003_symmetric,0.75000,12,margin_A2_minus_A0,-0.72096,-0.75092,-0.69054,-0.48504
sim1_uniform_post,task003_symmetric,0.75000,12,episodes_led_by_A2_minus_A0,-0.80500,,,
sim1_uniform_post,task003_symmetric,1.00000,12,share_A0,1.00000,1.00000,1.00000,0.69362
sim1_uniform_post,task003_symmetric,1.00000,12,share_A1,0.00000,0.00000,0.00000,0.09779
sim1_uniform_post,task003_symmetric,1.00000,12,share_A2,0.00000,0.00000,0.00000,0.20858
sim1_uniform_post,task003_symmetric,1.00000,12,margin_A2_minus_A0,-1.00000,-1.00000,-1.00000,-0.48504
sim1_uniform_post,task003_symmetric,1.00000,12,episodes_led_by_A2_minus_A0,-1.00000,,,
sim1_uniform_post,task003_symmetric,0.75000,3,share_A0,0.69567,0.67821,0.71300,0.59479
sim1_uniform_post,task003_symmetric,0.75000,3,share_A1,0.09238,0.08288,0.10213,0.14900
sim1_uniform_post,task003_symmetric,0.75000,3,share_A2,0.21196,0.19637,0.22867,0.25621
sim1_uniform_post,task003_symmetric,0.75000,3,margin_A2_minus_A0,-0.48371,-0.51634,-0.45096,-0.33858
sim1_uniform_post,task003_symmetric,0.75000,3,episodes_led_by_A2_minus_A0,-0.62700,,,
sim1_uniform_post,task003_symmetric,1.00000,3,share_A0,0.99946,0.99854,1.00000,0.59479
sim1_uniform_post,task003_symmetric,1.00000,3,share_A1,0.00000,0.00000,0.00000,0.14900
sim1_uniform_post,task003_symmetric,1.00000,3,share_A2,0.00054,0.00000,0.00146,0.25621
sim1_uniform_post,task003_symmetric,1.00000,3,margin_A2_minus_A0,-0.99892,-1.00000,-0.99708,-0.33858
sim1_uniform_post,task003_symmetric,1.00000,3,episodes_led_by_A2_minus_A0,-1.00000,,,
sim1_uniform_post,task003_symmetric,0.75000,6,share_A0,0.79654,0.78129,0.81109,0.65717
sim1_uniform_post,task003_symmetric,0.75000,6,share_A1,0.05150,0.04400,0.05921,0.11463
sim1_uniform_post,task003_symmetric,0.75000,6,share_A2,0.15196,0.13742,0.16638,0.22821
sim1_uniform_post,task003_symmetric,0.75000,6,margin_A2_minus_A0,-0.64458,-0.67334,-0.61641,-0.42896
sim1_uniform_post,task003_symmetric,0.75000,6,episodes_led_by_A2_minus_A0,-0.76400,,,
sim1_uniform_post,task003_symmetric,1.00000,6,share_A0,0.99992,0.99975,1.00000,0.65717
sim1_uniform_post,task003_symmetric,1.00000,6,share_A1,0.00000,0.00000,0.00000,0.11463
sim1_uniform_post,task003_symmetric,1.00000,6,share_A2,0.00008,0.00000,0.00025,0.22821
sim1_uniform_post,task003_symmetric,1.00000,6,margin_A2_minus_A0,-0.99983,-1.00000,-0.99950,-0.42896
sim1_uniform_post,task003_symmetric,1.00000,6,episodes_led_by_A2_minus_A0,-1.00000,,,
