variant,arm,q,qc,rho,step,gain_b6_seed2026,gain_b9_seed2026,step_seed2026,step_lo_seed2026,step_hi_seed2026,gain_b6_seed2027,gain_b9_seed2027,step_seed2027,step_lo_seed2027,step_hi_seed2027,fall_in_2026,replicates_in_2027,seeds_agree_within_intervals,gain_b3_seed2026,gain_b3_seed2027
sim1_base,false,3,3.0000,0.7500,b 6->9,0.2326,0.1910,-0.0416,-0.0488,-0.0345,0.2622,0.2184,-0.0438,-0.0515,-0.0365,False,True,True,,
sim1_base,false,3,12.0000,0.7500,b 6->9,0.2322,0.1364,-0.0958,-0.1096,-0.0819,0.2619,0.1673,-0.0947,-0.1086,-0.0818,True,True,True,,
sim1_base,false,3,24.0000,0.7500,b 6->9,0.2310,0.1469,-0.0841,-0.0965,-0.0708,0.2617,0.1694,-0.0923,-0.1062,-0.0797,True,True,True,,
sim1_base,false,6,3.0000,0.7500,b 6->9,0.3540,0.2197,-0.1343,-0.1535,-0.1159,0.3496,0.2118,-0.1378,-0.1556,-0.1207,True,True,True,,
sim1_base,false,6,12.0000,0.7500,b 6->9,0.3528,0.1810,-0.1718,-0.1935,-0.1507,0.3481,0.1812,-0.1670,-0.1873,-0.1461,True,True,True,,
sim1_base,false,6,24.0000,0.7500,b 6->9,0.3536,0.2521,-0.1015,-0.1170,-0.0861,0.3485,0.2487,-0.0998,-0.1158,-0.0843,True,True,True,,
sim1_base,false,12,3.0000,0.7500,b 6->9,0.4217,0.1251,-0.2966,-0.3240,-0.2690,0.4243,0.1183,-0.3059,-0.3344,-0.2773,True,True,True,,
sim1_base,false,12,12.0000,0.7500,b 6->9,0.4021,0.1546,-0.2475,-0.2728,-0.2217,0.4145,0.1682,-0.2463,-0.2741,-0.2213,True,True,True,,
sim1_base,false,12,24.0000,0.7500,b 6->9,0.4245,0.2355,-0.1891,-0.2128,-0.1684,0.4331,0.2705,-0.1625,-0.1841,-0.1428,True,True,True,,
sim1_base,false,3,3.0000,1.0000,b 6->9,0.3473,-0.2122,-0.5595,-0.5880,-0.5303,0.3577,-0.1849,-0.5426,-0.5718,-0.5111,True,True,True,,
sim1_base,false,3,12.0000,1.0000,b 6->9,0.3475,-0.1265,-0.4740,-0.5020,-0.4430,0.3629,-0.1174,-0.4803,-0.5068,-0.4505,True,True,True,,
sim1_base,false,3,24.0000,1.0000,b 6->9,0.3735,0.0661,-0.3074,-0.3309,-0.2808,0.3926,0.0803,-0.3123,-0.3379,-0.2895,True,True,True,,
sim1_base,false,6,3.0000,1.0000,b 6->9,0.3474,-0.1268,-0.4742,-0.5023,-0.4480,0.3530,-0.1267,-0.4797,-0.5080,-0.4517,True,True,True,,
sim1_base,false,6,12.0000,1.0000,b 6->9,0.3578,-0.0349,-0.3927,-0.4213,-0.3658,0.3583,-0.0595,-0.4179,-0.4462,-0.3884,True,True,True,,
sim1_base,false,6,24.0000,1.0000,b 6->9,0.3929,0.1837,-0.2092,-0.2307,-0.1874,0.3978,0.1844,-0.2134,-0.2350,-0.1904,True,True,True,,
sim1_base,false,12,3.0000,1.0000,b 6->9,0.4041,-0.0383,-0.4424,-0.4701,-0.4118,0.3944,-0.0605,-0.4549,-0.4835,-0.4270,True,True,True,,
sim1_base,false,12,12.0000,1.0000,b 6->9,0.4062,0.0811,-0.3251,-0.3535,-0.2995,0.4086,0.0565,-0.3521,-0.3782,-0.3234,True,True,True,,
sim1_base,false,12,24.0000,1.0000,b 6->9,0.4535,0.2935,-0.1600,-0.1811,-0.1401,0.4451,0.2918,-0.1533,-0.1728,-0.1329,True,True,True,,
sim1_base,truth,3,3.0000,0.7500,b 3->6,0.7316,,-0.0079,-0.0129,-0.0028,0.6995,,-0.0166,-0.0215,-0.0120,False,False,True,0.7395,0.7161
sim1_base,truth,3,12.0000,0.7500,b 3->6,0.7135,,-0.0138,-0.0203,-0.0076,0.6843,,-0.0172,-0.0239,-0.0105,False,False,True,0.7273,0.7014
sim1_base,truth,3,24.0000,0.7500,b 3->6,0.6761,,-0.0372,-0.0471,-0.0275,0.6398,,-0.0439,-0.0552,-0.0335,False,True,True,0.7133,0.6836
sim1_base,truth,6,3.0000,0.7500,b 3->6,0.6275,,-0.0023,-0.0060,0.0012,0.6363,,-0.0007,-0.0036,0.0021,False,False,True,0.6299,0.6370
sim1_base,truth,6,12.0000,0.7500,b 3->6,0.6119,,-0.0055,-0.0105,-0.0004,0.6218,,-0.0001,-0.0045,0.0042,False,False,True,0.6174,0.6219
sim1_base,truth,6,24.0000,0.7500,b 3->6,0.5963,,-0.0034,-0.0089,0.0019,0.6013,,-0.0004,-0.0068,0.0060,False,False,True,0.5997,0.6018
sim1_base,truth,12,3.0000,0.7500,b 3->6,0.5566,,-0.0012,-0.0032,0.0008,0.5565,,0.0003,-0.0021,0.0027,False,False,True,0.5578,0.5562
sim1_base,truth,12,12.0000,0.7500,b 3->6,0.5458,,-0.0012,-0.0041,0.0018,0.5444,,-0.0043,-0.0072,-0.0014,False,False,True,0.5470,0.5487
sim1_base,truth,12,24.0000,0.7500,b 3->6,0.5345,,-0.0033,-0.0070,0.0002,0.5353,,-0.0038,-0.0073,-0.0003,False,False,True,0.5378,0.5391
sim1_base,truth,3,3.0000,1.0000,b 3->6,0.6117,,0.0000,0.0000,0.0000,0.5964,,-0.0000,-0.0001,0.0000,False,False,True,0.6117,0.5964
sim1_base,truth,3,12.0000,1.0000,b 3->6,0.6105,,-0.0001,-0.0004,0.0001,0.5962,,0.0000,0.0000,0.0000,False,False,True,0.6105,0.5962
sim1_base,truth,3,24.0000,1.0000,b 3->6,0.6104,,-0.0002,-0.0005,0.0000,0.5960,,-0.0002,-0.0005,0.0000,False,False,True,0.6106,0.5962
sim1_base,truth,6,3.0000,1.0000,b 3->6,0.5781,,-0.0000,-0.0001,0.0000,0.5792,,0.0000,0.0000,0.0001,False,False,True,0.5782,0.5791
sim1_base,truth,6,12.0000,1.0000,b 3->6,0.5772,,-0.0002,-0.0005,0.0000,0.5791,,0.0000,0.0000,0.0000,False,False,True,0.5774,0.5791
sim1_base,truth,6,24.0000,1.0000,b 3->6,0.5769,,0.0001,0.0000,0.0002,0.5791,,0.0000,0.0000,0.0000,False,False,True,0.5768,0.5791
sim1_base,truth,12,3.0000,1.0000,b 3->6,0.5295,,0.0000,0.0000,0.0000,0.5423,,0.0000,0.0000,0.0000,False,False,True,0.5295,0.5423
sim1_base,truth,12,12.0000,1.0000,b 3->6,0.5295,,0.0000,0.0000,0.0000,0.5423,,0.0000,0.0000,0.0000,False,False,True,0.5295,0.5423
sim1_base,truth,12,24.0000,1.0000,b 3->6,0.5295,,0.0000,0.0000,0.0000,0.5423,,0.0000,0.0000,0.0001,False,False,True,0.5295,0.5422
sim1_pm,false,3,3.0000,0.7500,b 6->9,0.2370,0.0485,-0.1885,-0.1971,-0.1795,0.2370,0.0587,-0.1783,-0.1869,-0.1703,True,True,True,,
sim1_pm,false,3,12.0000,0.7500,b 6->9,0.1997,-0.0060,-0.2057,-0.2154,-0.1955,0.2014,0.0003,-0.2011,-0.2107,-0.1920,True,True,True,,
sim1_pm,false,3,24.0000,0.7500,b 6->9,0.1842,0.0096,-0.1746,-0.1841,-0.1652,0.1961,0.0114,-0.1847,-0.1944,-0.1750,True,True,True,,
sim1_pm,false,6,3.0000,0.7500,b 6->9,0.2468,-0.0458,-0.2926,-0.3044,-0.2803,0.2374,-0.0527,-0.2900,-0.3012,-0.2789,True,True,True,,
sim1_pm,false,6,12.0000,0.7500,b 6->9,0.2408,-0.0683,-0.3091,-0.3217,-0.2962,0.2165,-0.0778,-0.2944,-0.3059,-0.2817,True,True,True,,
sim1_pm,false,6,24.0000,0.7500,b 6->9,0.2803,0.0303,-0.2500,-0.2617,-0.2380,0.2637,0.0167,-0.2470,-0.2583,-0.2359,True,True,True,,
sim1_pm,false,12,3.0000,0.7500,b 6->9,0.1690,-0.1805,-0.3496,-0.3610,-0.3378,0.1702,-0.1786,-0.3488,-0.3605,-0.3366,True,True,True,,
sim1_pm,false,12,12.0000,0.7500,b 6->9,0.2042,-0.1547,-0.3589,-0.3723,-0.3446,0.1986,-0.1512,-0.3498,-0.3643,-0.3342,True,True,True,,
sim1_pm,false,12,24.0000,0.7500,b 6->9,0.3055,0.0280,-0.2775,-0.2904,-0.2647,0.2974,0.0348,-0.2627,-0.2753,-0.2505,True,True,True,,
sim1_pm,false,3,3.0000,1.0000,b 6->9,0.0299,-0.2426,-0.2725,-0.2797,-0.2650,0.0297,-0.2414,-0.2712,-0.2780,-0.2645,True,True,True,,
sim1_pm,false,3,12.0000,1.0000,b 6->9,0.0703,-0.2274,-0.2977,-0.3075,-0.2879,0.0665,-0.2237,-0.2902,-0.2990,-0.2808,True,True,True,,
sim1_pm,false,3,24.0000,1.0000,b 6->9,0.1644,-0.0859,-0.2502,-0.2606,-0.2397,0.1680,-0.0797,-0.2476,-0.2586,-0.2362,True,True,True,,
sim1_pm,false,6,3.0000,1.0000,b 6->9,0.0046,-0.2454,-0.2500,-0.2557,-0.2447,0.0040,-0.2448,-0.2488,-0.2544,-0.2431,True,True,True,,
sim1_pm,false,6,12.0000,1.0000,b 6->9,0.0585,-0.2201,-0.2786,-0.2877,-0.2694,0.0533,-0.2128,-0.2661,-0.2746,-0.2571,True,True,True,,
sim1_pm,false,6,24.0000,1.0000,b 6->9,0.1874,-0.0350,-0.2225,-0.2328,-0.2121,0.1816,-0.0276,-0.2092,-0.2192,-0.1998,True,True,True,,
sim1_pm,false,12,3.0000,1.0000,b 6->9,0.0018,-0.2460,-0.2477,-0.2536,-0.2419,0.0017,-0.2440,-0.2457,-0.2510,-0.2402,True,True,True,,
sim1_pm,false,12,12.0000,1.0000,b 6->9,0.0489,-0.2173,-0.2662,-0.2749,-0.2568,0.0498,-0.2158,-0.2655,-0.2748,-0.2567,True,True,True,,
sim1_pm,false,12,24.0000,1.0000,b 6->9,0.2071,0.0194,-0.1877,-0.1975,-0.1790,0.2078,0.0245,-0.1833,-0.1924,-0.1747,True,True,True,,
sim1_pm,truth,3,3.0000,0.7500,b 3->6,0.2521,,-0.0971,-0.1045,-0.0893,0.2478,,-0.0928,-0.1007,-0.0855,True,True,True,0.3492,0.3406
sim1_pm,truth,3,12.0000,0.7500,b 3->6,0.2292,,-0.1029,-0.1106,-0.0946,0.2293,,-0.0966,-0.1047,-0.0883,True,True,True,0.3321,0.3258
sim1_pm,truth,3,24.0000,0.7500,b 3->6,0.2099,,-0.0825,-0.0898,-0.0746,0.2046,,-0.0825,-0.0898,-0.0748,True,True,True,0.2925,0.2871
sim1_pm,truth,6,3.0000,0.7500,b 3->6,0.3660,,-0.0698,-0.0769,-0.0625,0.3678,,-0.0675,-0.0758,-0.0602,True,True,True,0.4358,0.4353
sim1_pm,truth,6,12.0000,0.7500,b 3->6,0.3628,,-0.0527,-0.0603,-0.0450,0.3726,,-0.0470,-0.0547,-0.0390,True,True,True,0.4155,0.4196
sim1_pm,truth,6,24.0000,0.7500,b 3->6,0.3467,,-0.0336,-0.0413,-0.0247,0.3530,,-0.0316,-0.0397,-0.0238,False,False,True,0.3803,0.3845
sim1_pm,truth,12,3.0000,0.7500,b 3->6,0.3859,,-0.0483,-0.0553,-0.0408,0.3865,,-0.0493,-0.0564,-0.0425,True,True,True,0.4341,0.4357
sim1_pm,truth,12,12.0000,0.7500,b 3->6,0.4100,,-0.0210,-0.0274,-0.0142,0.4201,,-0.0173,-0.0237,-0.0110,False,False,True,0.4310,0.4374
sim1_pm,truth,12,24.0000,0.7500,b 3->6,0.4024,,-0.0053,-0.0107,0.0001,0.4045,,-0.0061,-0.0113,-0.0008,False,False,True,0.4077,0.4105
sim1_pm,truth,3,3.0000,1.0000,b 3->6,0.2880,,-0.0551,-0.0606,-0.0499,0.2846,,-0.0532,-0.0590,-0.0477,True,True,True,0.3431,0.3378
sim1_pm,truth,3,12.0000,1.0000,b 3->6,0.3376,,-0.0279,-0.0336,-0.0222,0.3427,,-0.0255,-0.0317,-0.0195,False,False,True,0.3655,0.3682
sim1_pm,truth,3,24.0000,1.0000,b 3->6,0.3655,,-0.0145,-0.0195,-0.0090,0.3694,,-0.0177,-0.0228,-0.0128,False,False,True,0.3800,0.3872
sim1_pm,truth,6,3.0000,1.0000,b 3->6,0.2643,,-0.0451,-0.0502,-0.0398,0.2616,,-0.0478,-0.0530,-0.0423,True,True,True,0.3094,0.3094
sim1_pm,truth,6,12.0000,1.0000,b 3->6,0.3458,,-0.0218,-0.0272,-0.0167,0.3521,,-0.0215,-0.0278,-0.0157,False,False,True,0.3676,0.3736
sim1_pm,truth,6,24.0000,1.0000,b 3->6,0.3789,,-0.0106,-0.0144,-0.0070,0.3853,,-0.0120,-0.0156,-0.0083,False,False,True,0.3895,0.3973
sim1_pm,truth,12,3.0000,1.0000,b 3->6,0.2577,,-0.0408,-0.0462,-0.0352,0.2564,,-0.0475,-0.0531,-0.0418,False,True,True,0.2985,0.3039
sim1_pm,truth,12,12.0000,1.0000,b 3->6,0.3573,,-0.0177,-0.0226,-0.0131,0.3660,,-0.0155,-0.0195,-0.0115,False,False,True,0.3750,0.3816
sim1_pm,truth,12,24.0000,1.0000,b 3->6,0.3922,,-0.0042,-0.0067,-0.0021,0.3965,,-0.0054,-0.0078,-0.0031,False,False,True,0.3964,0.4020
sim1_uniform_post,false,3,3.0000,0.7500,b 6->9,0.4705,0.3912,-0.0794,-0.0880,-0.0704,0.4587,0.3665,-0.0922,-0.1011,-0.0832,True,True,True,,
sim1_uniform_post,false,3,12.0000,0.7500,b 6->9,0.4346,0.3333,-0.1013,-0.1128,-0.0895,0.4171,0.3290,-0.0881,-0.0995,-0.0762,True,True,True,,
sim1_uniform_post,false,3,24.0000,0.7500,b 6->9,0.4225,0.3218,-0.1007,-0.1116,-0.0888,0.4101,0.3063,-0.1037,-0.1142,-0.0928,True,True,True,,
sim1_uniform_post,false,6,3.0000,0.7500,b 6->9,0.4295,0.3450,-0.0845,-0.0950,-0.0746,0.4347,0.3501,-0.0845,-0.0943,-0.0747,True,True,True,,
sim1_uniform_post,false,6,12.0000,0.7500,b 6->9,0.3984,0.2980,-0.1004,-0.1126,-0.0875,0.4118,0.3101,-0.1016,-0.1138,-0.0895,True,True,True,,
sim1_uniform_post,false,6,24.0000,0.7500,b 6->9,0.4046,0.2925,-0.1121,-0.1237,-0.0998,0.4054,0.2993,-0.1061,-0.1172,-0.0946,True,True,True,,
sim1_uniform_post,false,12,3.0000,0.7500,b 6->9,0.4293,0.2899,-0.1394,-0.1527,-0.1253,0.4314,0.2984,-0.1330,-0.1463,-0.1180,True,True,True,,
sim1_uniform_post,false,12,12.0000,0.7500,b 6->9,0.4082,0.2620,-0.1462,-0.1621,-0.1318,0.4123,0.2724,-0.1400,-0.1550,-0.1244,True,True,True,,
sim1_uniform_post,false,12,24.0000,0.7500,b 6->9,0.4040,0.2802,-0.1237,-0.1391,-0.1084,0.4110,0.2702,-0.1408,-0.1575,-0.1262,True,True,True,,
sim1_uniform_post,false,3,3.0000,1.0000,b 6->9,0.2925,-0.1902,-0.4827,-0.5040,-0.4582,0.2671,-0.2203,-0.4874,-0.5092,-0.4641,True,True,True,,
sim1_uniform_post,false,3,12.0000,1.0000,b 6->9,0.2845,-0.1686,-0.4531,-0.4791,-0.4308,0.2940,-0.1826,-0.4765,-0.5015,-0.4504,True,True,True,,
sim1_uniform_post,false,3,24.0000,1.0000,b 6->9,0.3480,-0.0608,-0.4088,-0.4314,-0.3849,0.3237,-0.0744,-0.3981,-0.4215,-0.3738,True,True,True,,
sim1_uniform_post,false,6,3.0000,1.0000,b 6->9,0.2673,-0.2920,-0.5593,-0.5828,-0.5339,0.2675,-0.3077,-0.5752,-0.6009,-0.5494,True,True,True,,
sim1_uniform_post,false,6,12.0000,1.0000,b 6->9,0.2505,-0.2400,-0.4905,-0.5172,-0.4623,0.3077,-0.2451,-0.5528,-0.5805,-0.5262,True,True,False,,
sim1_uniform_post,false,6,24.0000,1.0000,b 6->9,0.3295,-0.1060,-0.4355,-0.4642,-0.4090,0.3410,-0.1204,-0.4615,-0.4898,-0.4359,True,True,True,,
sim1_uniform_post,false,12,3.0000,1.0000,b 6->9,0.2997,-0.3415,-0.6412,-0.6672,-0.6165,0.2774,-0.3365,-0.6139,-0.6425,-0.5893,True,True,True,,
sim1_uniform_post,false,12,12.0000,1.0000,b 6->9,0.3051,-0.2422,-0.5474,-0.5743,-0.5185,0.3141,-0.2645,-0.5785,-0.6043,-0.5516,True,True,True,,
sim1_uniform_post,false,12,24.0000,1.0000,b 6->9,0.3494,-0.0917,-0.4411,-0.4716,-0.4105,0.3483,-0.0924,-0.4407,-0.4690,-0.4122,True,True,True,,
sim1_uniform_post,truth,3,3.0000,0.7500,b 3->6,0.3800,,-0.1012,-0.1127,-0.0903,0.3901,,-0.1010,-0.1122,-0.0896,True,True,True,0.4812,0.4911
sim1_uniform_post,truth,3,12.0000,0.7500,b 3->6,0.3740,,-0.0783,-0.0916,-0.0651,0.3875,,-0.0782,-0.0913,-0.0660,True,True,True,0.4523,0.4656
sim1_uniform_post,truth,3,24.0000,0.7500,b 3->6,0.3266,,-0.1122,-0.1251,-0.0976,0.3592,,-0.0965,-0.1088,-0.0832,True,True,True,0.4388,0.4556
sim1_uniform_post,truth,6,3.0000,0.7500,b 3->6,0.4259,,-0.0805,-0.0910,-0.0701,0.4341,,-0.0767,-0.0877,-0.0666,True,True,True,0.5063,0.5108
sim1_uniform_post,truth,6,12.0000,0.7500,b 3->6,0.4505,,-0.0333,-0.0448,-0.0231,0.4573,,-0.0310,-0.0410,-0.0207,False,False,True,0.4838,0.4883
sim1_uniform_post,truth,6,24.0000,0.7500,b 3->6,0.4373,,-0.0467,-0.0580,-0.0348,0.4403,,-0.0430,-0.0542,-0.0319,True,True,True,0.4840,0.4833
sim1_uniform_post,truth,12,3.0000,0.7500,b 3->6,0.4540,,-0.0469,-0.0575,-0.0367,0.4485,,-0.0475,-0.0589,-0.0358,True,True,True,0.5008,0.4961
sim1_uniform_post,truth,12,12.0000,0.7500,b 3->6,0.4846,,-0.0074,-0.0159,0.0006,0.4794,,-0.0049,-0.0133,0.0047,False,False,True,0.4920,0.4843
sim1_uniform_post,truth,12,24.0000,0.7500,b 3->6,0.4738,,-0.0147,-0.0238,-0.0052,0.4693,,-0.0195,-0.0292,-0.0097,False,False,True,0.4885,0.4888
sim1_uniform_post,truth,3,3.0000,1.0000,b 3->6,0.3613,,-0.0068,-0.0095,-0.0045,0.3871,,-0.0057,-0.0082,-0.0032,False,False,True,0.3681,0.3928
sim1_uniform_post,truth,3,12.0000,1.0000,b 3->6,0.3633,,-0.0026,-0.0041,-0.0012,0.3914,,-0.0019,-0.0030,-0.0009,False,False,True,0.3659,0.3933
sim1_uniform_post,truth,3,24.0000,1.0000,b 3->6,0.3633,,-0.0017,-0.0033,-0.0003,0.3910,,-0.0025,-0.0037,-0.0014,False,False,True,0.3650,0.3935
sim1_uniform_post,truth,6,3.0000,1.0000,b 3->6,0.3997,,0.0002,-0.0016,0.0019,0.4028,,-0.0010,-0.0030,0.0005,False,False,True,0.3996,0.4039
sim1_uniform_post,truth,6,12.0000,1.0000,b 3->6,0.3996,,-0.0000,-0.0008,0.0006,0.4017,,-0.0004,-0.0013,0.0005,False,False,True,0.3997,0.4021
sim1_uniform_post,truth,6,24.0000,1.0000,b 3->6,0.4000,,-0.0003,-0.0010,0.0002,0.4022,,-0.0001,-0.0008,0.0006,False,False,True,0.4004,0.4022
sim1_uniform_post,truth,12,3.0000,1.0000,b 3->6,0.4197,,-0.0000,-0.0011,0.0008,0.4225,,-0.0005,-0.0018,0.0003,False,False,True,0.4197,0.4230
sim1_uniform_post,truth,12,12.0000,1.0000,b 3->6,0.4193,,0.0001,-0.0002,0.0004,0.4214,,0.0001,-0.0003,0.0005,False,False,True,0.4192,0.4213
sim1_uniform_post,truth,12,24.0000,1.0000,b 3->6,0.4193,,0.0001,0.0000,0.0002,0.4221,,0.0005,-0.0001,0.0017,False,False,True,0.4192,0.4216
