variant,setup,arm,q,rho,axis,fixed,outcome,values,gains,steps,pattern,doses,dose_rises_throughout,largest_significant_rise,largest_significant_fall,reversal_at,neighbour_support,gate_involved,material,passes_criteria_1_to_3
sim1_base,task003_nosolution,false,3,0.75,b,qc=12,A1,1/2/3/6/9,-0.002/-0.005/-0.004/-0.005/0.000,down/flat/flat/up,valley,1.3/2.2/3.9/8.6/61.8,True,0.004958333333333333,-0.002333333333333333,1->2:down/6->9:up,0,False,False,False
sim1_base,task003_nosolution,false,6,0.75,b,qc=12,A1,1/2/3/6/9,-0.000/-0.001/-0.000/-0.001/0.001,down/up/down/up,valley,1.0/1.3/2.3/5.6/67.5,True,0.002291666666666667,-0.0008333333333333333,1->2:down/2->3:up/3->6:down/6->9:up,0,False,False,False
sim1_base,task003_nosolution,false,6,0.75,b,qc=24,A1,1/2/3/6/9,-0.000/-0.001/-0.001/-0.001/0.002,down/flat/flat/up,valley,1.1/1.4/2.3/5.4/57.7,True,0.002833333333333333,-0.0004999999999999999,1->2:down/6->9:up,0,False,False,False
sim1_base,task003_nosolution,false,3,0.75,b,qc=3,A1,1/2/3/6/9,-0.002/-0.004/-0.004/-0.005/-0.003,down/flat/flat/up,valley,2.2/4.0/6.8/13.3/61.3,True,0.0019166666666666666,-0.0022916666666666667,1->2:down/6->9:up,1,False,False,False
sim1_base,task003_nosolution,false,6,0.75,b,qc=3,A1,1/2/3/6/9,-0.000/-0.001/-0.001/-0.001/0.000,down/flat/flat/up,valley,1.6/2.0/3.8/7.6/63.8,True,0.00125,-0.0008333333333333333,1->2:down/6->9:up,1,False,False,False
sim1_base,task003_nosolution,false,3,0.75,b,qc=6,A1,1/2/3/6/9,-0.002/-0.004/-0.003/-0.005/-0.000,down/up/down/up,valley,1.4/2.6/4.6/9.8/61.5,True,0.004375,-0.0025,1->2:down/2->3:up/3->6:down/6->9:up,0,False,False,False
sim1_base,task003_nosolution,false,6,0.75,b,qc=6,A1,1/2/3/6/9,-0.000/-0.001/-0.001/-0.001/0.001,down/flat/flat/up,valley,1.1/1.5/2.8/5.8/75.5,True,0.002083333333333333,-0.0010416666666666664,1->2:down/6->9:up,0,False,False,False
sim1_base,task003_nosolution,truth,6,0.75,b,qc=24,A1,1/2/3/6/9,0.017/0.024/0.025/0.026/0.020,up/flat/flat/down,peak,2.1/3.4/6.2/17.2/22.8,True,0.007541666666666666,-0.005666666666666667,1->2:up/6->9:down,0,False,False,False
sim1_base,task003_nosolution,truth,12,0.75,b,qc=3,A1,1/2/3/6/9,0.007/0.003/0.003/0.003/0.006,down/flat/flat/up,valley,4.4/3.5/4.9/9.9/18.6,False,0.003583333333333333,-0.003708333333333333,1->2:down/6->9:up,0,False,False,False
sim1_base,task003_symmetric,false,3,0.75,b,qc=12,A1,1/2/3/6/9,0.001/-0.001/0.000/0.000/-0.001,down/up/flat/flat,valley,10.7/11.8/15.3/26.4/34.1,True,0.0015416666666666664,-0.0025,1->2:down/2->3:up,0,False,False,False
sim1_base,task003_symmetric,false,6,0.75,b,qc=12,A1,1/2/3/6/9,0.003/0.002/0.005/0.003/0.000,flat/up/down/down,peak,22.6/25.8/35.1/44.6/56.3,True,0.00275,-0.002458333333333333,2->3:up/3->6:down/6->9:down,0,False,False,False
sim1_base,task003_symmetric,false,3,0.75,b,qc=24,A1,1/2/3/6/9,0.002/-0.001/0.002/0.002/0.000,down/up/flat/down,peak,16.2/14.6/20.6/29.0/36.7,False,0.0034583333333333332,-0.003,1->2:down/2->3:up/6->9:down,0,False,False,False
sim1_base,task003_symmetric,false,6,0.75,b,qc=24,A1,1/2/3/6/9,-0.000/0.000/0.002/0.003/0.001,flat/up/flat/down,peak,26.7/39.2/55.5/49.2/56.5,False,0.002416666666666666,-0.001375,2->3:up/6->9:down,0,False,False,False
sim1_base,task003_symmetric,false,12,0.75,b,qc=3,A1,1/2/3/6/9,0.000/0.002/0.002/0.003/0.000,up/flat/up/down,peak,26.7/50.4/73.0/142.6/193.3,True,0.001583333333333333,-0.002833333333333333,1->2:up/3->6:up/6->9:down,0,False,False,False
sim1_base,task003_symmetric,false,12,0.75,b,qc=6,A1,1/2/3/6/9,0.001/0.001/0.003/0.004/0.000,flat/up/flat/down,peak,26.6/51.0/74.6/140.7/193.3,True,0.001875,-0.003458333333333334,2->3:up/6->9:down,0,False,False,False
sim1_base,task003_symmetric,truth,3,0.75,b,qc=12,A1,1/2/3/6/9,-0.000/-0.001/-0.001/-0.000/-0.001,flat/flat/up/down,peak,0.7/1.3/1.9/3.6/5.2,True,0.0009583333333333334,-0.0009166666666666666,3->6:up/6->9:down,0,False,False,False
sim1_base,task003_symmetric,truth,3,0.75,b,qc=3,A1,1/2/3/6/9,-0.001/-0.002/-0.002/-0.002/-0.001,down/flat/flat/up,valley,2.3/3.7/5.3/10.0/13.9,True,0.0009166666666666666,-0.0009166666666666666,1->2:down/6->9:up,0,False,False,False
sim1_pm,task003_nosolution,false,3,0.75,b,qc=24,A1,1/2/3/6/9,-0.055/-0.057/-0.065/-0.058/-0.012,flat/down/up/up,valley,18.1/36.2/58.9/122.3/250.5,True,0.045541666666666675,-0.00775,2->3:down/3->6:up/6->9:up,0,False,False,False
sim1_pm,task003_nosolution,false,6,0.75,b,qc=24,A1,1/2/3/6/9,-0.050/-0.055/-0.057/-0.058/-0.032,down/flat/flat/up,valley,9.2/14.9/28.7/59.9/212.9,True,0.025875,-0.004791666666666666,1->2:down/6->9:up,0,False,False,False
sim1_pm,task003_nosolution,false,12,0.75,b,qc=24,A1,1/2/3/6/9,-0.032/-0.033/-0.034/-0.039/-0.035,flat/flat/down/up,valley,8.0/12.7/25.1/50.1/198.4,True,0.003666666666666667,-0.004833333333333333,3->6:down/6->9:up,0,False,False,False
sim1_pm,task003_nosolution,false,3,0.75,b,qc=3,A1,1/2/3/6/9,-0.085/-0.101/-0.096/-0.083/-0.041,down/flat/up/up,valley,17.5/36.1/55.2/113.2/217.5,True,0.04175,-0.015125000000000001,1->2:down/3->6:up/6->9:up,0,False,False,False
sim1_pm,task003_nosolution,false,6,0.75,b,qc=3,A1,1/2/3/6/9,-0.059/-0.064/-0.064/-0.065/-0.040,down/flat/flat/up,valley,13.6/28.5/46.4/95.2/215.8,True,0.024291666666666663,-0.005625,1->2:down/6->9:up,0,False,False,False
sim1_pm,task003_nosolution,false,12,0.75,b,qc=3,A1,1/2/3/6/9,-0.035/-0.040/-0.042/-0.042/-0.040,down/down/flat/up,valley,13.5/29.2/51.0/106.9/235.5,True,0.002333333333333333,-0.004375,1->2:down/2->3:down/6->9:up,0,False,False,False
sim1_pm,task003_nosolution,false,3,0.75,b,qc=6,A1,1/2/3/6/9,-0.077/-0.086/-0.083/-0.068/-0.037,down/flat/up/up,valley,15.9/32.1/49.5/104.9/223.6,True,0.030958333333333334,-0.009583333333333333,1->2:down/3->6:up/6->9:up,0,False,False,False
sim1_pm,task003_nosolution,false,6,0.75,b,qc=6,A1,1/2/3/6/9,-0.057/-0.061/-0.057/-0.056/-0.037,down/up/flat/up,valley,10.8/21.6/36.8/79.2/221.5,True,0.018916666666666665,-0.004083333333333333,1->2:down/2->3:up/6->9:up,0,False,False,False
sim1_pm,task003_nosolution,truth,3,0.75,b,qc=12,A1,1/2/3/6/9,-0.022/-0.022/-0.031/-0.010/-0.010,flat/down/up/flat,valley,18.9/36.0/54.0/139.1/231.5,True,0.020916666666666663,-0.009333333333333334,2->3:down/3->6:up,0,False,False,False
sim1_pm,task003_nosolution,truth,3,0.75,b,qc=24,A1,1/2/3/6/9,-0.014/-0.030/-0.025/-0.021/0.000,down/flat/flat/up,valley,23.0/42.4/69.5/162.8/253.3,True,0.020916666666666667,-0.016833333333333336,1->2:down/6->9:up,0,False,False,False
sim1_pm,task003_nosolution,truth,3,0.75,b,qc=3,A1,1/2/3/6/9,-0.025/-0.018/-0.031/-0.007/-0.025,flat/down/up/down,peak,20.3/39.8/60.1/136.1/219.3,True,0.023666666666666666,-0.017291666666666667,2->3:down/3->6:up/6->9:down,0,False,False,False
sim1_pm,task003_nosolution,truth,3,0.75,b,qc=6,A1,1/2/3/6/9,-0.022/-0.024/-0.031/-0.004/-0.015,flat/down/up/down,peak,19.0/37.7/56.4/132.5/222.7,True,0.026666666666666665,-0.010625,2->3:down/3->6:up/6->9:down,0,False,False,False
sim1_pm,task003_nosolution,truth,6,0.75,b,qc=6,A1,1/2/3/6/9,-0.017/-0.016/-0.022/-0.021/-0.015,flat/down/flat/up,valley,12.5/22.4/32.8/82.3/158.2,True,0.006333333333333334,-0.005833333333333334,2->3:down/6->9:up,0,False,False,False
sim1_pm,task003_symmetric,false,3,0.75,b,qc=12,A1,1/2/3/6/9,-0.021/-0.019/-0.018/-0.008/-0.026,flat/flat/up/down,peak,21.4/37.0/51.8/97.9/132.2,True,0.01025,-0.017875,3->6:up/6->9:down,0,False,False,False
sim1_pm,task003_symmetric,false,6,0.75,b,qc=12,A1,1/2/3/6/9,-0.005/-0.005/0.002/0.003/-0.009,flat/up/flat/down,peak,26.9/49.5/72.4/123.5/159.6,True,0.007458333333333334,-0.011875,2->3:up/6->9:down,0,False,False,False
sim1_pm,task003_symmetric,false,3,0.75,b,qc=24,A1,1/2/3/6/9,-0.019/-0.016/-0.015/-0.001/-0.023,flat/flat/up/down,peak,24.6/42.7/61.4/115.7/147.3,True,0.0135,-0.022208333333333333,3->6:up/6->9:down,0,False,False,False
sim1_pm,task003_symmetric,false,6,0.75,b,qc=24,A1,1/2/3/6/9,-0.015/-0.015/-0.007/-0.001/-0.005,flat/up/up/down,peak,28.0/52.9/79.6/134.0/168.0,True,0.007708333333333332,-0.0040416666666666665,2->3:up/3->6:up/6->9:down,0,False,False,False
sim1_pm,task003_symmetric,false,12,0.75,b,qc=24,A1,1/2/3/6/9,-0.008/-0.009/-0.010/-0.009/-0.004,down/flat/up/up,valley,28.8/57.5/85.8/170.6/254.4,True,0.004291666666666666,-0.0016666666666666666,1->2:down/3->6:up/6->9:up,0,False,False,False
sim1_pm,task003_symmetric,false,6,0.75,b,qc=3,A1,1/2/3/6/9,-0.011/-0.004/-0.006/-0.002/-0.012,up/flat/flat/down,peak,27.5/50.7/71.2/126.8/173.3,True,0.0075,-0.009208333333333332,1->2:up/6->9:down,0,False,False,False
sim1_pm,task003_symmetric,false,12,0.75,b,qc=3,A1,1/2/3/6/9,-0.004/-0.004/-0.005/-0.002/-0.008,flat/flat/up/down,peak,28.8/57.2/85.1/169.4/250.0,True,0.0027083333333333334,-0.005833333333333333,3->6:up/6->9:down,0,False,False,False
sim1_pm,task003_symmetric,false,3,0.75,b,qc=6,A1,1/2/3/6/9,-0.031/-0.030/-0.029/-0.013/-0.029,flat/flat/up/down,peak,21.7/37.6/53.3/103.6/147.6,True,0.0155,-0.015541666666666667,3->6:up/6->9:down,0,False,False,False
sim1_pm,task003_symmetric,false,6,0.75,b,qc=6,A1,1/2/3/6/9,-0.006/0.000/0.002/0.004/-0.010,up/flat/flat/down,peak,26.9/49.3/69.3/120.5/163.1,True,0.006333333333333332,-0.013083333333333332,1->2:up/6->9:down,0,False,False,False
sim1_pm,task003_symmetric,truth,6,0.75,b,qc=24,A1,1/2/3/6/9,-0.005/-0.009/-0.010/-0.007/-0.008,down/flat/up/flat,valley,0.6/1.1/1.6/3.1/4.6,True,0.002916666666666667,-0.004125,1->2:down/3->6:up,0,False,False,False
sim1_pm_post_always,task003_nosolution,false,6,0.75,b,qc=12,A1,1/2/3/6/9,-0.051/-0.051/-0.055/-0.055/-0.031,flat/down/flat/up,valley,8.9/17.3/30.6/66.5/214.8,True,0.023791666666666666,-0.0040416666666666665,2->3:down/6->9:up,0,False,False,False
sim1_pm_post_always,task003_nosolution,false,3,0.75,b,qc=24,A1,1/2/3/6/9,-0.051/-0.051/-0.060/-0.058/-0.004,flat/down/flat/up,valley,18.0/36.3/59.4/120.8/249.2,True,0.054625,-0.009541666666666667,2->3:down/6->9:up,0,False,False,False
sim1_pm_post_always,task003_nosolution,false,6,0.75,b,qc=24,A1,1/2/3/6/9,-0.051/-0.055/-0.056/-0.058/-0.031,down/flat/flat/up,valley,9.4/15.4/28.8/58.6/211.8,True,0.02725,-0.003958333333333334,1->2:down/6->9:up,0,False,False,False
sim1_pm_post_always,task003_nosolution,false,12,0.75,b,qc=24,A1,1/2/3/6/9,-0.031/-0.034/-0.034/-0.039/-0.035,down/flat/down/up,valley,7.7/12.8/24.9/51.1/198.0,True,0.0034999999999999996,-0.0045,1->2:down/3->6:down/6->9:up,0,False,False,False
sim1_pm_post_always,task003_nosolution,false,3,0.75,b,qc=3,A1,1/2/3/6/9,-0.083/-0.094/-0.089/-0.075/-0.038,down/up/up/up,valley,17.7/36.4/55.4/114.9/217.4,True,0.0375,-0.010916666666666668,1->2:down/2->3:up/3->6:up/6->9:up,0,False,False,False
sim1_pm_post_always,task003_nosolution,false,6,0.75,b,qc=3,A1,1/2/3/6/9,-0.058/-0.065/-0.063/-0.063/-0.041,down/flat/flat/up,valley,13.7/28.5/46.1/95.2/214.8,True,0.022125,-0.00675,1->2:down/6->9:up,1,False,False,False
sim1_pm_post_always,task003_nosolution,false,12,0.75,b,qc=3,A1,1/2/3/6/9,-0.035/-0.040/-0.042/-0.042/-0.040,down/flat/flat/up,valley,13.7/29.4/51.2/107.9/235.1,True,0.0019999999999999996,-0.004541666666666667,1->2:down/6->9:up,1,False,False,False
sim1_pm_post_always,task003_nosolution,truth,3,0.75,b,qc=12,A1,1/2/3/6/9,-0.013/-0.019/-0.029/-0.005/-0.005,flat/down/up/flat,valley,18.9/36.1/54.3/138.4/231.6,True,0.023958333333333335,-0.010083333333333335,2->3:down/3->6:up,0,False,False,False
sim1_pm_post_always,task003_nosolution,truth,3,0.75,b,qc=24,A1,1/2/3/6/9,-0.012/-0.025/-0.021/-0.016/0.006,down/flat/flat/up,valley,23.2/41.8/69.9/162.4/253.2,True,0.022166666666666664,-0.012791666666666666,1->2:down/6->9:up,0,False,False,False
sim1_pm_post_always,task003_nosolution,truth,3,0.75,b,qc=3,A1,1/2/3/6/9,-0.016/-0.019/-0.020/-0.005/-0.019,flat/flat/up/down,peak,20.4/39.6/60.2/135.6/218.9,True,0.015208333333333332,-0.013833333333333335,3->6:up/6->9:down,0,False,False,False
sim1_pm_post_always,task003_symmetric,false,6,0.75,b,qc=12,A1,1/2/3/6/9,-0.005/-0.003/0.002/0.005/-0.009,flat/up/flat/down,peak,26.9/49.7/73.1/125.0/161.4,True,0.005166666666666666,-0.014583333333333332,2->3:up/6->9:down,0,False,False,False
sim1_pm_post_always,task003_symmetric,false,3,0.75,b,qc=24,A1,1/2/3/6/9,-0.021/-0.017/-0.012/-0.003/-0.028,flat/flat/up/down,peak,24.6/42.6/61.7/115.5/147.2,True,0.009083333333333334,-0.024958333333333336,3->6:up/6->9:down,0,False,False,False
sim1_pm_post_always,task003_symmetric,false,6,0.75,b,qc=3,A1,1/2/3/6/9,-0.010/-0.002/-0.004/-0.001/-0.011,up/flat/flat/down,peak,27.5/51.0/71.6/127.8/174.2,True,0.0085,-0.009833333333333333,1->2:up/6->9:down,0,False,False,False
sim1_pm_post_always,task003_symmetric,false,12,0.75,b,qc=3,A1,1/2/3/6/9,-0.003/-0.003/-0.004/-0.001/-0.007,flat/flat/up/down,peak,28.8/57.3/85.4/170.1/251.2,True,0.0025,-0.005708333333333334,3->6:up/6->9:down,0,False,False,False
sim1_pm_post_always,task003_symmetric,false,3,0.75,b,qc=6,A1,1/2/3/6/9,-0.035/-0.031/-0.030/-0.015/-0.025,flat/flat/up/down,peak,21.7/37.3/53.9/103.8/147.0,True,0.015583333333333334,-0.010958333333333336,3->6:up/6->9:down,0,False,False,False
sim1_pm_post_always,task003_symmetric,false,6,0.75,b,qc=6,A1,1/2/3/6/9,-0.004/0.001/0.002/0.004/-0.010,up/flat/flat/down,peak,27.1/49.0/69.9/121.1/164.0,True,0.004958333333333333,-0.014291666666666666,1->2:up/6->9:down,0,False,False,False
sim1_uniform_post,task003_nosolution,false,3,0.75,b,qc=3,A1,1/2/3/6/9,-0.080/-0.088/-0.086/-0.082/-0.071,down/flat/flat/up,valley,9.1/16.3/23.6/38.9/115.9,True,0.01175,-0.008125,1->2:down/6->9:up,0,False,False,False
sim1_uniform_post,task003_nosolution,truth,3,0.75,b,qc=24,A1,1/2/3/6/9,-0.048/-0.045/-0.059/-0.063/-0.057,flat/down/flat/up,valley,8.2/13.2/20.9/83.0/176.8,True,0.005958333333333334,-0.013583333333333334,2->3:down/6->9:up,0,False,False,False
sim1_uniform_post,task003_nosolution,truth,3,0.75,b,qc=6,A1,1/2/3/6/9,-0.044/-0.048/-0.061/-0.052/-0.075,flat/down/up/down,peak,8.5/15.4/21.7/63.9/157.5,True,0.009333333333333334,-0.02333333333333333,2->3:down/3->6:up/6->9:down,0,False,False,False
sim1_uniform_post,task003_symmetric,false,6,0.75,b,qc=24,A1,1/2/3/6/9,-0.011/-0.000/0.000/0.003/-0.027,up/flat/flat/down,peak,13.8/21.2/27.4/45.5/48.2,True,0.010583333333333335,-0.03,1->2:up/6->9:down,0,False,False,False
sim1_uniform_post,task003_symmetric,false,12,0.75,b,qc=24,A1,1/2/3/6/9,-0.008/-0.005/0.001/0.000/-0.017,flat/up/flat/down,peak,15.3/25.0/33.4/54.6/58.0,True,0.0060416666666666665,-0.016875,2->3:up/6->9:down,0,False,False,False
sim1_uniform_post,task003_symmetric,false,12,0.75,b,qc=3,A1,1/2/3/6/9,-0.020/-0.017/-0.020/-0.013/-0.019,up/flat/up/down,peak,19.6/31.1/44.3/71.3/87.3,True,0.007,-0.006708333333333333,1->2:up/3->6:up/6->9:down,0,False,False,False
sim1_uniform_post,task003_symmetric,false,6,0.75,b,qc=6,A1,1/2/3/6/9,-0.015/-0.013/-0.014/-0.005/-0.029,flat/flat/up/down,peak,15.3/23.7/29.7/47.8/57.9,True,0.009666666666666667,-0.024625,3->6:up/6->9:down,1,False,False,False
sim1_uniform_post,task003_symmetric,false,12,0.75,b,qc=6,A1,1/2/3/6/9,-0.018/-0.016/-0.013/-0.003/-0.020,flat/flat/up/down,peak,16.8/27.5/35.7/57.7/67.5,True,0.009625,-0.017041666666666663,3->6:up/6->9:down,1,False,False,False
sim1_uniform_post,task003_symmetric,truth,3,0.75,b,qc=12,A1,1/2/3/6/9,-0.052/-0.062/-0.063/-0.071/-0.064,down/flat/down/up,valley,3.0/4.5/5.8/9.7/15.5,True,0.007583333333333334,-0.009583333333333333,1->2:down/3->6:down/6->9:up,0,False,False,False
sim1_uniform_post,task003_symmetric,truth,3,0.75,b,qc=24,A1,1/2/3/6/9,-0.054/-0.058/-0.066/-0.069/-0.063,flat/down/flat/up,valley,2.9/4.4/5.3/9.4/14.5,True,0.005875,-0.007791666666666667,2->3:down/6->9:up,0,False,False,False
sim1_uniform_post,task003_symmetric,truth,3,0.75,b,qc=3,A1,1/2/3/6/9,-0.071/-0.076/-0.071/-0.081/-0.078,down/up/down/flat,peak,5.9/9.3/12.7/20.7/30.1,True,0.004625,-0.009791666666666667,1->2:down/2->3:up/3->6:down,0,False,False,False
sim1_uniform_post,task003_symmetric,truth,3,0.75,b,qc=6,A1,1/2/3/6/9,-0.063/-0.069/-0.070/-0.076/-0.072,down/flat/down/up,valley,3.9/5.8/8.0/13.4/20.3,True,0.003583333333333333,-0.005958333333333334,1->2:down/3->6:down/6->9:up,0,False,False,False
sim1_base,task003_symmetric,false,12,0.75,qc,b=1,A1,3/6/12/24,0.000/0.001/0.000/-0.000,up/down/down,peak,26.7/26.6/26.8/27.1,False,0.0007916666666666666,-0.0007083333333333333,3->6:up/6->12:down/12->24:down,0,True,False,False
sim1_base,task003_symmetric,false,6,0.75,qc,b=3,A1,3/6/12/24,0.001/0.002/0.005/0.002,flat/up/down,peak,27.6/27.8/35.1/55.5,True,0.00275,-0.002333333333333333,6->12:up/12->24:down,0,True,False,False
sim1_base,task003_symmetric,false,12,0.75,qc,b=3,A1,3/6/12/24,0.002/0.003/0.002/-0.000,up/down/down,peak,73.0/74.6/74.6/79.3,False,0.0017083333333333334,-0.002125,3->6:up/6->12:down/12->24:down,0,True,False,False
sim1_pm,task003_nosolution,false,6,0.75,qc,b=6,A1,3/6/12/24,-0.065/-0.056/-0.055/-0.058,up/flat/down,peak,95.2/79.2/64.3/59.9,False,0.009208333333333332,-0.0037500000000000003,3->6:up/12->24:down,0,True,False,False
sim1_pm,task003_nosolution,false,12,0.75,qc,b=6,A1,3/6/12/24,-0.042/-0.040/-0.036/-0.039,up/up/down,peak,106.9/89.9/70.7/50.1,False,0.003999999999999999,-0.002875,3->6:up/6->12:up/12->24:down,0,True,False,False
sim1_pm,task003_symmetric,false,6,0.75,qc,b=1,A1,3/6/12/24,-0.011/-0.006/-0.005/-0.015,up/flat/down,peak,27.5/26.9/26.9/28.0,False,0.005458333333333334,-0.010083333333333335,3->6:up/12->24:down,0,True,False,False
sim1_pm,task003_symmetric,false,12,0.75,qc,b=1,A1,3/6/12/24,-0.004/-0.001/-0.005/-0.008,up/down/down,peak,28.8/28.8/28.7/28.8,False,0.0030416666666666665,-0.004,3->6:up/6->12:down/12->24:down,0,True,False,False
sim1_pm,task003_symmetric,false,6,0.75,qc,b=2,A1,3/6/12/24,-0.004/0.000/-0.005/-0.015,up/down/down,peak,50.7/49.3/49.5/52.9,False,0.004291666666666666,-0.009916666666666667,3->6:up/6->12:down/12->24:down,0,True,False,False
sim1_pm,task003_symmetric,false,6,0.75,qc,b=3,A1,3/6/12/24,-0.006/0.002/0.002/-0.007,up/flat/down,peak,71.2/69.3/72.4/79.6,False,0.008041666666666666,-0.009666666666666667,3->6:up/12->24:down,0,True,False,False
sim1_pm,task003_symmetric,false,12,0.75,qc,b=3,A1,3/6/12/24,-0.005/-0.002/-0.006/-0.010,up/down/down,peak,85.1/84.9/85.1/85.8,False,0.002458333333333333,-0.0040416666666666665,3->6:up/6->12:down/12->24:down,0,True,False,False
sim1_pm,task003_symmetric,false,6,0.75,qc,b=6,A1,3/6/12/24,-0.002/0.004/0.003/-0.001,up/flat/down,peak,126.8/120.5/123.5/134.0,False,0.005833333333333332,-0.004625,3->6:up/12->24:down,0,True,False,False
sim1_pm_post_always,task003_nosolution,false,6,0.75,qc,b=2,A1,3/6/12/24,-0.065/-0.058/-0.051/-0.055,up/up/down,peak,28.5/22.0/17.3/15.4,False,0.006999999999999999,-0.004,3->6:up/6->12:up/12->24:down,0,True,False,False
sim1_pm_post_always,task003_nosolution,false,3,0.75,qc,b=6,A1,3/6/12/24,-0.075/-0.066/-0.049/-0.058,up/up/down,peak,114.9/105.9/104.2/120.8,False,0.016916666666666667,-0.008708333333333332,3->6:up/6->12:up/12->24:down,0,True,False,False
sim1_pm_post_always,task003_nosolution,false,12,0.75,qc,b=6,A1,3/6/12/24,-0.042/-0.040/-0.035/-0.039,up/up/down,peak,107.9/91.1/70.7/51.1,False,0.00525,-0.004083333333333333,3->6:up/6->12:up/12->24:down,0,True,False,False
sim1_pm_post_always,task003_symmetric,false,6,0.75,qc,b=1,A1,3/6/12/24,-0.010/-0.004/-0.005/-0.016,up/flat/down,peak,27.5/27.1/26.9/27.9,False,0.006666666666666666,-0.011166666666666667,3->6:up/12->24:down,0,True,False,False
sim1_pm_post_always,task003_symmetric,false,12,0.75,qc,b=1,A1,3/6/12/24,-0.003/-0.001/-0.004/-0.007,up/down/down,peak,28.8/28.8/28.8/28.9,False,0.0021666666666666666,-0.003583333333333333,3->6:up/6->12:down/12->24:down,0,True,False,False
sim1_pm_post_always,task003_symmetric,false,12,0.75,qc,b=2,A1,3/6/12/24,-0.003/0.000/-0.005/-0.008,up/down/down,peak,57.3/57.3/57.4/57.7,False,0.003375,-0.004875,3->6:up/6->12:down/12->24:down,0,True,False,False
sim1_pm_post_always,task003_symmetric,false,6,0.75,qc,b=3,A1,3/6/12/24,-0.004/0.002/0.002/-0.008,up/flat/down,peak,71.6/69.9/73.1/80.1,False,0.005833333333333333,-0.009791666666666666,3->6:up/12->24:down,0,True,False,False
sim1_pm_post_always,task003_symmetric,false,6,0.75,qc,b=6,A1,3/6/12/24,-0.001/0.004/0.005/-0.002,up/flat/down,peak,127.8/121.1/125.0/133.7,False,0.005208333333333332,-0.0067083333333333335,3->6:up/12->24:down,0,True,False,False
sim1_uniform_post,task003_nosolution,truth,3,0.75,qc,b=6,A1,3/6/12/24,-0.062/-0.052/-0.057/-0.063,up/flat/down,peak,78.3/63.9/58.4/83.0,False,0.01075,-0.005958333333333333,3->6:up/12->24:down,0,True,False,False
sim1_uniform_post,task003_symmetric,truth,12,0.75,qc,b=6,A1,3/6/12/24,-0.029/-0.028/-0.025/-0.026,up/up/down,peak,8.3/5.8/4.8/4.6,False,0.0030833333333333333,-0.001375,3->6:up/6->12:up/12->24:down,0,True,False,False
sim1_base,task003_nosolution,false,3,0.75,b,qc=12,own_target,1/2/3/6/9,0.230/0.233/0.232/0.232/0.136,up/flat/flat/down,peak,1.3/2.2/3.9/8.6/61.8,True,0.00275,-0.09579166666666668,1->2:up/6->9:down,1,False,False,False
sim1_base,task003_nosolution,false,6,0.75,b,qc=12,own_target,1/2/3/6/9,0.353/0.354/0.354/0.353/0.181,up/flat/flat/down,peak,1.0/1.3/2.3/5.6/67.5,True,0.0008749999999999997,-0.17175,1->2:up/6->9:down,1,False,False,False
sim1_base,task003_nosolution,false,12,0.75,b,qc=12,own_target,1/2/3/6/9,0.399/0.424/0.412/0.402/0.155,up/down/down/down,peak,2.4/2.1/4.4/10.9/80.5,False,0.025291666666666667,-0.2475,1->2:up/2->3:down/3->6:down/6->9:down,1,False,False,False
sim1_base,task003_nosolution,false,12,1.0,b,qc=12,own_target,1/2/3/6/9,0.435/0.472/0.465/0.406/0.081,up/down/down/down,peak,2.5/1.3/3.2/23.0/102.3,False,0.037416666666666674,-0.3250833333333334,1->2:up/2->3:down/3->6:down/6->9:down,1,False,False,False
sim1_base,task003_nosolution,false,12,0.75,b,qc=24,own_target,1/2/3/6/9,0.409/0.426/0.424/0.425/0.235,up/flat/flat/down,peak,2.0/2.0/3.3/7.2/65.0,True,0.017125,-0.18908333333333333,1->2:up/6->9:down,0,False,False,False
sim1_base,task003_nosolution,false,12,1.0,b,qc=24,own_target,1/2/3/6/9,0.439/0.473/0.473/0.453/0.293,up/flat/down/down,peak,2.1/1.3/2.0/9.5/62.6,False,0.034,-0.16,1->2:up/3->6:down/6->9:down,0,False,False,False
sim1_base,task003_nosolution,false,3,0.75,b,qc=3,own_target,1/2/3/6/9,0.230/0.233/0.233/0.233/0.191,up/flat/flat/down,peak,2.2/4.0/6.8/13.3/61.3,True,0.002541666666666666,-0.041625,1->2:up/6->9:down,1,False,False,False
sim1_base,task003_nosolution,false,6,0.75,b,qc=3,own_target,1/2/3/6/9,0.353/0.354/0.354/0.354/0.220,up/flat/flat/down,peak,1.6/2.0/3.8/7.6/63.8,True,0.0014166666666666661,-0.1343333333333333,1->2:up/6->9:down,1,False,False,False
sim1_base,task003_nosolution,false,6,1.0,b,qc=3,own_target,1/2/3/6/9,0.409/0.422/0.408/0.347/-0.127,up/down/down/down,peak,1.8/1.7/5.0/24.7/134.1,False,0.013,-0.4742083333333334,1->2:up/2->3:down/3->6:down/6->9:down,1,False,False,False
sim1_base,task003_nosolution,false,12,0.75,b,qc=3,own_target,1/2/3/6/9,0.396/0.427/0.417/0.422/0.125,up/down/flat/down,peak,3.4/2.6/5.9/10.9/88.7,False,0.031125,-0.2965833333333333,1->2:up/2->3:down/6->9:down,0,False,False,False
sim1_base,task003_nosolution,false,12,1.0,b,qc=3,own_target,1/2/3/6/9,0.413/0.473/0.463/0.404/-0.038,up/down/down/down,peak,3.7/1.5/4.0/24.6/129.5,False,0.059291666666666666,-0.4424166666666666,1->2:up/2->3:down/3->6:down/6->9:down,1,False,True,False
sim1_base,task003_nosolution,false,3,0.75,b,qc=6,own_target,1/2/3/6/9,0.230/0.233/0.232/0.232/0.149,up/down/flat/down,peak,1.4/2.6/4.6/9.8/61.5,True,0.0029583333333333328,-0.08270833333333334,1->2:up/2->3:down/6->9:down,0,False,False,False
sim1_base,task003_nosolution,false,6,0.75,b,qc=6,own_target,1/2/3/6/9,0.353/0.354/0.354/0.354/0.150,up/flat/flat/down,peak,1.1/1.5/2.8/5.8/75.5,True,0.0011249999999999995,-0.204,1->2:up/6->9:down,0,False,False,False
sim1_base,task003_nosolution,false,12,0.75,b,qc=6,own_target,1/2/3/6/9,0.398/0.425/0.414/0.409/0.136,up/down/flat/down,peak,2.8/2.3/4.9/10.6/83.9,False,0.02675,-0.273375,1->2:up/2->3:down/6->9:down,0,False,False,False
sim1_base,task003_nosolution,false,12,1.0,b,qc=6,own_target,1/2/3/6/9,0.424/0.471/0.451/0.382/-0.025,up/down/down/down,peak,3.0/1.5/5.2/30.5/124.8,False,0.04654166666666666,-0.40625,1->2:up/2->3:down/3->6:down/6->9:down,0,False,True,False
sim1_base,task003_nosolution,truth,6,0.75,b,qc=24,own_target,1/2/3/6/9,0.616/0.609/0.600/0.596/0.607,down/down/flat/up,valley,2.1/3.4/6.2/17.2/22.8,True,0.010791666666666666,-0.008875000000000001,1->2:down/2->3:down/6->9:up,0,False,False,False
sim1_base,task003_nosolution,truth,6,0.75,b,qc=3,own_target,1/2/3/6/9,0.624/0.630/0.630/0.628/0.606,up/flat/flat/down,peak,4.4/5.9/8.6/19.8/46.9,True,0.005458333333333334,-0.021625,1->2:up/6->9:down,1,False,False,False
sim1_base,task003_nosolution,truth,12,0.75,b,qc=3,own_target,1/2/3/6/9,0.527/0.557/0.558/0.557/0.552,up/flat/flat/down,peak,4.4/3.5/4.9/9.9/18.6,False,0.030041666666666664,-0.004499999999999998,1->2:up/6->9:down,1,False,False,False
sim1_base,task003_nosolution,truth,6,0.75,b,qc=6,own_target,1/2/3/6/9,0.621/0.626/0.627/0.623/0.603,up/flat/down/down,peak,2.5/3.4/5.0/11.2/29.7,True,0.004791666666666668,-0.020124999999999997,1->2:up/3->6:down/6->9:down,0,False,False,False
sim1_base,task003_nosolution,truth,12,0.75,b,qc=6,own_target,1/2/3/6/9,0.539/0.554/0.554/0.553/0.546,up/flat/flat/down,peak,2.8/1.9/2.6/5.4/9.9,False,0.015333333333333332,-0.006958333333333332,1->2:up/6->9:down,0,False,False,False
sim1_base,task003_symmetric,false,3,1.0,b,qc=24,own_target,1/2/3/6/9,0.007/0.023/0.023/0.013/0.020,up/flat/down/flat,peak,28.6/55.2/83.2/168.3/249.3,True,0.016125,-0.010625000000000002,1->2:up/3->6:down,0,False,False,False
sim1_base,task003_symmetric,false,6,1.0,b,qc=24,own_target,1/2/3/6/9,0.000/0.012/0.016/0.006/0.010,up/flat/down/up,valley,28.0/55.2/82.4/166.6/249.3,True,0.012,-0.01,1->2:up/3->6:down/6->9:up,0,False,False,False
sim1_base,task003_symmetric,false,3,1.0,b,qc=3,own_target,1/2/3/6/9,0.007/0.025/0.039/0.021/0.026,up/up/down/flat,peak,28.6/55.3/80.9/164.5/244.3,True,0.018333333333333337,-0.017666666666666664,1->2:up/2->3:up/3->6:down,1,False,False,False
sim1_base,task003_symmetric,false,6,1.0,b,qc=3,own_target,1/2/3/6/9,0.004/0.013/0.026/0.013/0.016,up/up/down/flat,peak,27.9/55.2/81.5/165.0/246.7,True,0.012958333333333334,-0.013,1->2:up/2->3:up/3->6:down,1,False,False,False
sim1_base,task003_symmetric,false,6,1.0,b,qc=6,own_target,1/2/3/6/9,0.001/0.009/0.020/0.012/0.015,up/up/down/flat,peak,28.0/55.3/81.7/164.6/246.6,True,0.011,-0.007916666666666666,1->2:up/2->3:up/3->6:down,0,False,False,False
sim1_pm,task003_nosolution,false,6,0.75,b,qc=24,own_target,1/2/3/6/9,0.288/0.307/0.277/0.280/0.030,up/down/flat/down,peak,9.2/14.9/28.7/59.9/212.9,True,0.019,-0.2499583333333333,1->2:up/2->3:down/6->9:down,1,False,False,False
sim1_pm,task003_nosolution,false,12,0.75,b,qc=24,own_target,1/2/3/6/9,0.321/0.339/0.301/0.305/0.028,up/down/flat/down,peak,8.0/12.7/25.1/50.1/198.4,True,0.017875,-0.2775,1->2:up/2->3:down/6->9:down,1,False,False,False
sim1_pm,task003_nosolution,truth,3,0.75,b,qc=12,own_target,1/2/3/6/9,0.317/0.329/0.332/0.229/0.170,up/flat/down/down,peak,18.9/36.0/54.0/139.1/231.5,True,0.01225,-0.10291666666666666,1->2:up/3->6:down/6->9:down,0,False,False,False
sim1_pm,task003_nosolution,truth,12,0.75,b,qc=12,own_target,1/2/3/6/9,0.427/0.435/0.431/0.410/0.388,up/flat/down/down,peak,5.4/8.1/10.9/28.4/51.2,True,0.008041666666666667,-0.021708333333333333,1->2:up/3->6:down/6->9:down,0,False,False,False
sim1_pm,task003_nosolution,truth,3,0.75,b,qc=24,own_target,1/2/3/6/9,0.298/0.336/0.292/0.210/0.155,up/down/down/down,peak,23.0/42.4/69.5/162.8/253.3,True,0.03783333333333334,-0.08254166666666667,1->2:up/2->3:down/3->6:down/6->9:down,1,False,False,False
sim1_pm,task003_nosolution,truth,6,0.75,b,qc=24,own_target,1/2/3/6/9,0.396/0.408/0.380/0.347/0.331,up/down/down/down,peak,11.9/20.8/38.3/96.8/153.1,True,0.01204166666666667,-0.033583333333333326,1->2:up/2->3:down/3->6:down/6->9:down,1,False,False,False
sim1_pm,task003_nosolution,truth,6,1.0,b,qc=24,own_target,1/2/3/6/9,0.383/0.389/0.390/0.379/0.379,up/flat/down/flat,peak,3.7/5.5/8.7/22.1/36.7,True,0.006416666666666668,-0.010625,1->2:up/3->6:down,0,False,False,False
sim1_pm,task003_nosolution,truth,12,1.0,b,qc=24,own_target,1/2/3/6/9,0.383/0.386/0.396/0.392/0.395,up/up/down/up,valley,3.3/4.3/4.9/11.3/17.7,True,0.010083333333333337,-0.004208333333333333,1->2:up/2->3:up/3->6:down/6->9:up,0,False,False,False
sim1_pm,task003_nosolution,truth,3,1.0,b,qc=3,own_target,1/2/3/6/9,0.354/0.354/0.343/0.288/0.293,flat/down/down/up,valley,14.3/23.0/35.0/87.0/136.6,True,0.005208333333333334,-0.05508333333333334,2->3:down/3->6:down/6->9:up,0,False,False,False
sim1_pm,task003_nosolution,truth,6,0.75,b,qc=3,own_target,1/2/3/6/9,0.429/0.436/0.436/0.366/0.302,up/flat/down/down,peak,16.2/28.9/42.1/101.9/176.2,True,0.007083333333333334,-0.06975,1->2:up/3->6:down/6->9:down,0,False,False,False
sim1_pm,task003_nosolution,truth,6,1.0,b,qc=3,own_target,1/2/3/6/9,0.350/0.323/0.309/0.264/0.272,down/down/down/up,valley,13.8/22.7/33.9/83.7/128.5,True,0.008083333333333335,-0.04508333333333333,1->2:down/2->3:down/3->6:down/6->9:up,1,False,False,False
sim1_pm,task003_nosolution,truth,12,0.75,b,qc=3,own_target,1/2/3/6/9,0.418/0.441/0.434/0.386/0.358,up/down/down/down,peak,13.7/21.1/30.2/72.7/123.6,True,0.022583333333333337,-0.04825,1->2:up/2->3:down/3->6:down/6->9:down,0,False,False,False
sim1_pm,task003_nosolution,truth,12,1.0,b,qc=3,own_target,1/2/3/6/9,0.349/0.320/0.299/0.258/0.271,down/down/down/up,valley,13.8/23.2/34.4/83.5/123.7,True,0.013208333333333334,-0.040791666666666664,1->2:down/2->3:down/3->6:down/6->9:up,1,False,False,False
sim1_pm,task003_symmetric,truth,3,0.75,b,qc=3,own_target,1/2/3/6/9,0.191/0.216/0.215/0.211/0.200,up/flat/flat/down,peak,13.8/24.4/35.1/72.4/112.7,True,0.025416666666666667,-0.0115,1->2:up/6->9:down,0,False,False,False
sim1_pm_post_always,task003_nosolution,false,6,0.75,b,qc=24,own_target,1/2/3/6/9,0.289/0.301/0.273/0.283/0.026,up/down/flat/down,peak,9.4/15.4/28.8/58.6/211.8,True,0.011541666666666665,-0.2565,1->2:up/2->3:down/6->9:down,1,False,False,False
sim1_pm_post_always,task003_nosolution,false,12,0.75,b,qc=24,own_target,1/2/3/6/9,0.324/0.338/0.302/0.303/0.028,up/down/flat/down,peak,7.7/12.8/24.9/51.1/198.0,True,0.014125000000000002,-0.274125,1->2:up/2->3:down/6->9:down,1,False,False,False
sim1_pm_post_always,task003_nosolution,truth,3,0.75,b,qc=12,own_target,1/2/3/6/9,0.316/0.326/0.329/0.228/0.170,up/flat/down/down,peak,18.9/36.1/54.3/138.4/231.6,True,0.009541666666666667,-0.10166666666666667,1->2:up/3->6:down/6->9:down,0,False,False,False
sim1_pm_post_always,task003_nosolution,truth,12,0.75,b,qc=12,own_target,1/2/3/6/9,0.422/0.431/0.430/0.407/0.389,up/flat/down/down,peak,5.4/8.3/11.0/28.1/50.7,True,0.009208333333333336,-0.0225,1->2:up/3->6:down/6->9:down,0,False,False,False
sim1_pm_post_always,task003_nosolution,truth,3,0.75,b,qc=24,own_target,1/2/3/6/9,0.297/0.332/0.293/0.209/0.155,up/down/down/down,peak,23.2/41.8/69.9/162.4/253.2,True,0.03545833333333333,-0.08366666666666665,1->2:up/2->3:down/3->6:down/6->9:down,1,False,False,False
sim1_pm_post_always,task003_nosolution,truth,6,0.75,b,qc=24,own_target,1/2/3/6/9,0.399/0.409/0.383/0.353/0.340,up/down/down/down,peak,11.8/20.8/38.5/95.4/149.7,True,0.009833333333333335,-0.029666666666666664,1->2:up/2->3:down/3->6:down/6->9:down,1,False,False,False
sim1_pm_post_always,task003_nosolution,truth,6,1.0,b,qc=24,own_target,1/2/3/6/9,0.385/0.393/0.391/0.382/0.382,up/flat/down/flat,peak,3.8/5.3/8.8/21.5/35.7,True,0.007791666666666668,-0.009125,1->2:up/3->6:down,0,False,False,False
sim1_pm_post_always,task003_nosolution,truth,3,1.0,b,qc=3,own_target,1/2/3/6/9,0.353/0.350/0.340/0.285/0.292,flat/down/down/up,valley,14.3/23.1/35.1/87.3/135.8,True,0.006791666666666667,-0.05483333333333334,2->3:down/3->6:down/6->9:up,0,False,False,False
sim1_pm_post_always,task003_nosolution,truth,6,0.75,b,qc=3,own_target,1/2/3/6/9,0.432/0.441/0.437/0.372/0.307,up/flat/down/down,peak,16.2/28.7/42.3/101.4/175.0,True,0.008791666666666666,-0.065875,1->2:up/3->6:down/6->9:down,1,False,False,False
sim1_pm_post_always,task003_nosolution,truth,6,1.0,b,qc=3,own_target,1/2/3/6/9,0.347/0.326/0.310/0.266/0.275,down/down/down/up,valley,13.8/22.2/33.6/83.1/128.3,True,0.008541666666666668,-0.04375,1->2:down/2->3:down/3->6:down/6->9:up,1,False,False,False
sim1_pm_post_always,task003_nosolution,truth,12,0.75,b,qc=3,own_target,1/2/3/6/9,0.416/0.437/0.431/0.386/0.348,up/flat/down/down,peak,13.7/21.3/30.4/72.2/125.2,True,0.02079166666666667,-0.044666666666666674,1->2:up/3->6:down/6->9:down,1,False,False,False
sim1_pm_post_always,task003_nosolution,truth,12,1.0,b,qc=3,own_target,1/2/3/6/9,0.348/0.314/0.299/0.259/0.270,down/down/down/up,valley,13.7/23.5/34.2/82.9/125.1,True,0.0105,-0.03929166666666666,1->2:down/2->3:down/3->6:down/6->9:up,1,False,False,False
sim1_pm_post_always,task003_nosolution,truth,12,0.75,b,qc=6,own_target,1/2/3/6/9,0.423/0.432/0.435/0.405/0.359,up/flat/down/down,peak,8.9/13.3/18.5/44.7/89.7,True,0.008208333333333331,-0.04608333333333333,1->2:up/3->6:down/6->9:down,0,False,False,False
sim1_pm_post_always,task003_symmetric,truth,3,0.75,b,qc=12,own_target,1/2/3/6/9,0.173/0.183/0.177/0.183/0.182,up/down/up/flat,valley,6.8/12.0/17.7/36.7/54.2,True,0.01008333333333333,-0.006541666666666665,1->2:up/2->3:down/3->6:up,0,False,False,False
sim1_pm_post_always,task003_symmetric,truth,3,0.75,b,qc=3,own_target,1/2/3/6/9,0.199/0.221/0.222/0.216/0.207,up/flat/down/down,peak,13.9/24.6/35.5/74.4/114.6,True,0.022041666666666664,-0.009166666666666668,1->2:up/3->6:down/6->9:down,0,False,False,False
sim1_uniform_post,task003_nosolution,false,3,0.75,b,qc=12,own_target,1/2/3/6/9,0.393/0.413/0.424/0.435/0.333,up/up/up/down,peak,6.0/10.0/14.2/26.1/95.4,True,0.019875,-0.10125,1->2:up/2->3:up/3->6:up/6->9:down,0,False,False,False
sim1_uniform_post,task003_nosolution,false,6,0.75,b,qc=12,own_target,1/2/3/6/9,0.371/0.381/0.398/0.398/0.298,flat/up/flat/down,peak,4.9/8.0/10.6/18.5/85.9,True,0.017083333333333332,-0.100375,2->3:up/6->9:down,0,False,False,False
sim1_uniform_post,task003_nosolution,false,12,0.75,b,qc=12,own_target,1/2/3/6/9,0.379/0.396/0.388/0.408/0.262,up/flat/up/down,peak,4.5/7.1/10.5/17.4/91.1,True,0.020666666666666663,-0.14620833333333333,1->2:up/3->6:up/6->9:down,0,False,False,False
sim1_uniform_post,task003_nosolution,false,3,0.75,b,qc=24,own_target,1/2/3/6/9,0.384/0.415/0.413/0.422/0.322,up/flat/flat/down,peak,6.9/10.9/16.1/30.1/117.7,True,0.03141666666666666,-0.10066666666666667,1->2:up/6->9:down,0,False,False,False
sim1_uniform_post,task003_nosolution,false,6,0.75,b,qc=24,own_target,1/2/3/6/9,0.356/0.389/0.389/0.405/0.293,up/flat/up/down,peak,5.2/8.3/10.9/18.5/96.1,True,0.03283333333333333,-0.11208333333333333,1->2:up/3->6:up/6->9:down,1,False,False,False
sim1_uniform_post,task003_nosolution,false,12,0.75,b,qc=24,own_target,1/2/3/6/9,0.372/0.392/0.384/0.404/0.280,up/flat/up/down,peak,4.8/7.2/10.9/18.5/93.0,True,0.020125,-0.12375,1->2:up/3->6:up/6->9:down,1,False,False,False
sim1_uniform_post,task003_nosolution,false,3,0.75,b,qc=3,own_target,1/2/3/6/9,0.427/0.440/0.455/0.471/0.391,up/up/up/down,peak,9.1/16.3/23.6/38.9/115.9,True,0.015249999999999996,-0.079375,1->2:up/2->3:up/3->6:up/6->9:down,1,False,False,False
sim1_uniform_post,task003_nosolution,false,6,0.75,b,qc=3,own_target,1/2/3/6/9,0.384/0.402/0.412/0.429/0.345,up/up/up/down,peak,7.9/13.5/19.2/30.1/105.5,True,0.018083333333333337,-0.0845,1->2:up/2->3:up/3->6:up/6->9:down,1,False,False,False
sim1_uniform_post,task003_nosolution,false,12,0.75,b,qc=3,own_target,1/2/3/6/9,0.391/0.404/0.408/0.429/0.290,up/flat/up/down,peak,7.3/12.2/17.4/27.9/114.8,True,0.021458333333333336,-0.139375,1->2:up/3->6:up/6->9:down,0,False,False,False
sim1_uniform_post,task003_nosolution,false,3,0.75,b,qc=6,own_target,1/2/3/6/9,0.410/0.429/0.436/0.451/0.359,up/flat/up/down,peak,7.0/11.7/17.0/29.7/99.5,True,0.019416666666666672,-0.09270833333333334,1->2:up/3->6:up/6->9:down,0,False,False,False
sim1_uniform_post,task003_nosolution,false,6,0.75,b,qc=6,own_target,1/2/3/6/9,0.378/0.395/0.404/0.420/0.307,up/up/up/down,peak,5.9/9.9/13.3/22.5/90.6,True,0.01625,-0.113125,1->2:up/2->3:up/3->6:up/6->9:down,0,False,False,False
sim1_uniform_post,task003_nosolution,false,12,0.75,b,qc=6,own_target,1/2/3/6/9,0.390/0.397/0.404/0.422/0.270,flat/flat/up/down,peak,5.4/8.6/12.4/20.5/98.1,True,0.017916666666666664,-0.15216666666666664,3->6:up/6->9:down,0,False,False,False
sim1_uniform_post,task003_nosolution,truth,3,0.75,b,qc=12,own_target,1/2/3/6/9,0.420/0.438/0.452/0.374/0.268,up/up/down/down,peak,7.3/12.9/17.5/58.4/152.2,True,0.018083333333333337,-0.10608333333333335,1->2:up/2->3:up/3->6:down/6->9:down,1,False,False,False
sim1_uniform_post,task003_nosolution,truth,3,1.0,b,qc=12,own_target,1/2/3/6/9,0.360/0.364/0.366/0.363/0.360,up/up/down/down,peak,2.3/3.8/5.7/14.4/32.4,True,0.0036249999999999993,-0.0032499999999999994,1->2:up/2->3:up/3->6:down/6->9:down,1,False,False,False
sim1_uniform_post,task003_nosolution,truth,6,0.75,b,qc=12,own_target,1/2/3/6/9,0.469/0.480/0.484/0.450/0.369,up/flat/down/down,peak,4.9/7.3/11.0/29.7/83.3,True,0.011000000000000003,-0.081,1->2:up/3->6:down/6->9:down,0,False,False,False
sim1_uniform_post,task003_nosolution,truth,12,0.75,b,qc=12,own_target,1/2/3/6/9,0.479/0.489/0.492/0.485/0.413,up/flat/flat/down,peak,3.5/5.2/7.1/16.8/43.7,True,0.009625000000000002,-0.07179166666666667,1->2:up/6->9:down,0,False,False,False
sim1_uniform_post,task003_nosolution,truth,3,1.0,b,qc=24,own_target,1/2/3/6/9,0.362/0.365/0.365/0.363/0.359,up/flat/down/down,peak,2.3/3.9/6.3/17.8/36.1,True,0.003166666666666666,-0.004,1->2:up/3->6:down/6->9:down,0,False,False,False
sim1_uniform_post,task003_nosolution,truth,6,0.75,b,qc=24,own_target,1/2/3/6/9,0.463/0.479/0.484/0.437/0.359,up/flat/down/down,peak,5.1/7.7/12.3/37.0/90.8,True,0.01625,-0.07795833333333334,1->2:up/3->6:down/6->9:down,1,False,False,False
sim1_uniform_post,task003_nosolution,truth,12,0.75,b,qc=24,own_target,1/2/3/6/9,0.478/0.490/0.488/0.474/0.418,up/flat/down/down,peak,3.4/5.2/7.5/18.2/44.0,True,0.012166666666666668,-0.05575,1->2:up/3->6:down/6->9:down,1,False,False,False
sim1_uniform_post,task003_nosolution,truth,3,0.75,b,qc=3,own_target,1/2/3/6/9,0.448/0.459/0.481/0.380/0.289,up/up/down/down,peak,10.7/20.4/29.0/78.3/172.0,True,0.021791666666666664,-0.10120833333333334,1->2:up/2->3:up/3->6:down/6->9:down,1,False,False,False
sim1_uniform_post,task003_nosolution,truth,3,1.0,b,qc=3,own_target,1/2/3/6/9,0.356/0.366/0.368/0.361/0.361,up/up/down/flat,peak,4.7/6.2/9.1/26.9/50.7,True,0.009458333333333332,-0.006833333333333332,1->2:up/2->3:up/3->6:down,0,False,False,False
sim1_uniform_post,task003_nosolution,truth,6,0.75,b,qc=3,own_target,1/2/3/6/9,0.482/0.492/0.506/0.426/0.390,up/up/down/down,peak,8.3/14.6/20.6/56.5/119.5,True,0.014416666666666664,-0.08045833333333334,1->2:up/2->3:up/3->6:down/6->9:down,1,False,False,False
sim1_uniform_post,task003_nosolution,truth,12,0.75,b,qc=3,own_target,1/2/3/6/9,0.484/0.498/0.501/0.454/0.433,up/flat/down/down,peak,6.8/10.5/15.0/36.8/79.6,True,0.014,-0.04687500000000001,1->2:up/3->6:down/6->9:down,0,False,False,False
sim1_uniform_post,task003_nosolution,truth,3,0.75,b,qc=6,own_target,1/2/3/6/9,0.431/0.446/0.462/0.374/0.278,up/up/down/down,peak,8.5/15.4/21.7/63.9/157.5,True,0.015916666666666666,-0.09595833333333334,1->2:up/2->3:up/3->6:down/6->9:down,0,False,False,False
sim1_uniform_post,task003_nosolution,truth,3,1.0,b,qc=6,own_target,1/2/3/6/9,0.360/0.364/0.367/0.366/0.361,up/up/flat/down,peak,3.0/4.4/6.8/16.9/38.6,True,0.004291666666666666,-0.00525,1->2:up/2->3:up/6->9:down,0,False,False,False
sim1_uniform_post,task003_nosolution,truth,6,0.75,b,qc=6,own_target,1/2/3/6/9,0.474/0.488/0.494/0.452/0.371,up/flat/down/down,peak,6.1/9.8/14.2/35.9/98.0,True,0.014166666666666668,-0.08104166666666669,1->2:up/3->6:down/6->9:down,0,False,False,False
sim1_uniform_post,task003_symmetric,false,3,1.0,b,qc=24,own_target,1/2/3/6/9,0.038/0.058/0.082/0.068/0.116,up/up/down/up,valley,27.4/51.9/77.0/156.6/230.2,True,0.04804166666666666,-0.013708333333333333,1->2:up/2->3:up/3->6:down/6->9:up,0,False,False,False
sim1_uniform_post,task003_symmetric,false,3,1.0,b,qc=3,own_target,1/2/3/6/9,0.026/0.033/0.021/0.051/0.098,flat/down/up/up,valley,27.7/52.9/79.1/157.1/229.5,True,0.04779166666666666,-0.011958333333333333,2->3:down/3->6:up/6->9:up,0,False,False,False
sim1_uniform_post,task003_symmetric,false,6,1.0,b,qc=6,own_target,1/2/3/6/9,0.005/0.009/0.003/0.010/0.019,flat/down/up/up,valley,27.6/53.2/79.1/155.3/230.4,True,0.008833333333333332,-0.005791666666666666,2->3:down/3->6:up/6->9:up,0,False,False,False
sim1_uniform_post,task003_symmetric,truth,3,0.75,b,qc=24,own_target,1/2/3/6/9,0.220/0.232/0.244/0.257/0.249,up/up/up/down,peak,2.9/4.4/5.3/9.4/14.5,True,0.01283333333333333,-0.008,1->2:up/2->3:up/3->6:up/6->9:down,0,False,False,False
sim1_base,task003_nosolution,false,3,1.0,qc,b=2,own_target,3/6/12/24,0.388/0.385/0.381/0.387,down/down/up,valley,3.0/2.6/2.6/2.2,False,0.005625,-0.004208333333333334,3->6:down/6->12:down/12->24:up,0,True,False,False
sim1_base,task003_nosolution,false,3,1.0,qc,b=3,own_target,3/6/12/24,0.380/0.364/0.363/0.378,down/flat/up,valley,6.8/6.6/6.1/5.1,False,0.0145,-0.016,3->6:down/12->24:up,1,True,False,False
sim1_base,task003_nosolution,false,6,1.0,qc,b=3,own_target,3/6/12/24,0.408/0.397/0.401/0.420,down/flat/up,valley,5.0/5.8/4.9/2.7,False,0.018958333333333334,-0.011875,3->6:down/12->24:up,1,True,False,False
sim1_base,task003_nosolution,false,12,1.0,qc,b=3,own_target,3/6/12/24,0.463/0.451/0.465/0.473,down/up/up,valley,4.0/5.2/3.2/2.0,False,0.013166666666666669,-0.011208333333333332,3->6:down/6->12:up/12->24:up,0,True,False,False
sim1_base,task003_nosolution,false,6,1.0,qc,b=6,own_target,3/6/12/24,0.347/0.326/0.358/0.393,down/up/up,valley,24.7/27.2/21.0/13.2,False,0.035125,-0.021125,3->6:down/6->12:up/12->24:up,1,True,False,False
sim1_base,task003_nosolution,false,12,0.75,qc,b=6,own_target,3/6/12/24,0.422/0.409/0.402/0.425,down/flat/up,valley,10.9/10.6/10.9/7.2,False,0.022416666666666665,-0.012166666666666666,3->6:down/12->24:up,0,True,False,False
sim1_base,task003_nosolution,false,12,1.0,qc,b=6,own_target,3/6/12/24,0.404/0.382/0.406/0.453,down/up/up,valley,24.6/30.5/23.0/9.5,False,0.04729166666666666,-0.022375,3->6:down/6->12:up/12->24:up,1,True,False,False
sim1_base,task003_nosolution,false,6,0.75,qc,b=9,own_target,3/6/12/24,0.220/0.150/0.181/0.252,down/up/up,valley,63.8/75.5/67.5/57.7,False,0.07108333333333335,-0.06970833333333333,3->6:down/6->12:up/12->24:up,0,True,True,False
sim1_base,task003_symmetric,false,3,0.75,qc,b=1,own_target,3/6/12/24,0.875/0.913/0.911/0.721,up/flat/down,peak,14.3/11.1/10.7/16.2,False,0.03870833333333333,-0.1897083333333333,3->6:up/12->24:down,0,True,False,False
sim1_base,task003_symmetric,false,6,0.75,qc,b=1,own_target,3/6/12/24,0.522/0.629/0.530/0.088,up/down/down,peak,23.1/20.7/22.6/26.7,False,0.10708333333333334,-0.4418333333333333,3->6:up/6->12:down/12->24:down,1,True,True,False
sim1_base,task003_symmetric,false,12,0.75,qc,b=1,own_target,3/6/12/24,0.152/0.180/0.131/0.022,up/down/down,peak,26.7/26.6/26.8/27.1,False,0.027500000000000007,-0.10841666666666668,3->6:up/6->12:down/12->24:down,1,True,False,False
sim1_pm,task003_nosolution,false,3,1.0,qc,b=1,own_target,3/6/12/24,0.236/0.169/0.181/0.234,down/up/up,valley,15.7/14.5/12.4/11.7,False,0.05304166666666667,-0.067375,3->6:down/6->12:up/12->24:up,1,True,True,False
sim1_pm,task003_nosolution,false,6,1.0,qc,b=1,own_target,3/6/12/24,0.190/0.122/0.154/0.251,down/up/up,valley,17.1/15.7/12.5/10.1,False,0.0965,-0.06829166666666668,3->6:down/6->12:up/12->24:up,2,True,True,False
sim1_pm,task003_nosolution,false,12,0.75,qc,b=1,own_target,3/6/12/24,0.306/0.266/0.279/0.321,down/up/up,valley,13.5/11.4/8.9/8.0,False,0.04191666666666667,-0.03941666666666667,3->6:down/6->12:up/12->24:up,1,True,False,False
sim1_pm,task003_nosolution,false,12,1.0,qc,b=1,own_target,3/6/12/24,0.173/0.097/0.125/0.262,down/up/up,valley,18.0/17.5/13.9/9.9,False,0.1374166666666667,-0.07616666666666666,3->6:down/6->12:up/12->24:up,2,True,True,False
sim1_pm,task003_nosolution,false,3,1.0,qc,b=2,own_target,3/6/12/24,0.117/0.075/0.133/0.218,down/up/up,valley,37.1/34.0/27.6/23.7,False,0.08529166666666667,-0.041666666666666664,3->6:down/6->12:up/12->24:up,1,True,True,False
sim1_pm,task003_nosolution,false,6,1.0,qc,b=2,own_target,3/6/12/24,0.094/0.034/0.120/0.240,down/up/up,valley,39.0/36.3/26.7/19.2,False,0.12008333333333335,-0.059375,3->6:down/6->12:up/12->24:up,2,True,True,False
sim1_pm,task003_nosolution,false,12,1.0,qc,b=2,own_target,3/6/12/24,0.086/0.018/0.105/0.257,down/up/up,valley,40.9/39.1/28.6/18.5,False,0.152,-0.06791666666666667,3->6:down/6->12:up/12->24:up,1,True,True,False
sim1_pm,task003_nosolution,false,3,1.0,qc,b=3,own_target,3/6/12/24,0.049/0.037/0.080/0.180,down/up/up,valley,63.0/58.7/50.1/44.0,False,0.09954166666666665,-0.01175,3->6:down/6->12:up/12->24:up,1,True,False,False
sim1_pm,task003_nosolution,false,6,1.0,qc,b=3,own_target,3/6/12/24,0.020/0.011/0.073/0.204,down/up/up,valley,66.6/63.1/51.7/38.0,False,0.131375,-0.009374999999999998,3->6:down/6->12:up/12->24:up,2,True,False,False
sim1_pm,task003_nosolution,false,12,1.0,qc,b=3,own_target,3/6/12/24,0.015/0.005/0.065/0.216,down/up/up,valley,69.2/66.6/54.7/37.9,False,0.15158333333333332,-0.009541666666666665,3->6:down/6->12:up/12->24:up,1,True,False,False
sim1_pm,task003_nosolution,false,3,1.0,qc,b=6,own_target,3/6/12/24,0.030/0.025/0.070/0.164,down/up/up,valley,129.6/122.9/106.5/94.9,False,0.09408333333333332,-0.005041666666666666,3->6:down/6->12:up/12->24:up,0,True,False,False
sim1_pm,task003_nosolution,false,6,0.75,qc,b=6,own_target,3/6/12/24,0.247/0.235/0.241/0.280,down/flat/up,valley,95.2/79.2/64.3/59.9,False,0.03945833333333334,-0.012,3->6:down/12->24:up,0,True,False,False
sim1_pm,task003_nosolution,false,3,0.75,qc,b=9,own_target,3/6/12/24,0.049/0.016/-0.006/0.010,down/down/up,valley,217.5/223.6/232.1/250.5,True,0.015625,-0.03216666666666667,3->6:down/6->12:down/12->24:up,0,True,False,False
sim1_pm,task003_nosolution,false,6,0.75,qc,b=9,own_target,3/6/12/24,-0.046/-0.089/-0.068/0.030,down/up/up,valley,215.8/221.5/214.9/212.9,False,0.098625,-0.04366666666666667,3->6:down/6->12:up/12->24:up,0,True,True,False
sim1_pm,task003_nosolution,truth,12,0.75,qc,b=1,own_target,3/6/12/24,0.418/0.429/0.427/0.416,up/flat/down,peak,13.7/8.9/5.4/5.1,False,0.010666666666666668,-0.011083333333333332,3->6:up/12->24:down,0,True,False,False
sim1_pm,task003_nosolution,truth,12,0.75,qc,b=6,own_target,3/6/12/24,0.386/0.404/0.410/0.402,up/flat/down,peak,72.7/44.4/28.4/29.2,False,0.018166666666666664,-0.007625000000000002,3->6:up/12->24:down,0,True,False,False
sim1_pm,task003_symmetric,false,3,0.75,qc,b=1,own_target,3/6/12/24,0.374/0.418/0.412/0.351,up/flat/down,peak,23.6/21.7/21.4/24.6,False,0.04325,-0.060666666666666674,3->6:up/12->24:down,1,True,True,False
sim1_pm,task003_symmetric,false,6,0.75,qc,b=1,own_target,3/6/12/24,0.184/0.221/0.215/0.092,up/flat/down,peak,27.5/26.9/26.9/28.0,False,0.03766666666666667,-0.12216666666666667,3->6:up/12->24:down,1,True,False,False
sim1_pm,task003_symmetric,false,12,0.75,qc,b=1,own_target,3/6/12/24,0.056/0.069/0.059/0.024,up/down/down,peak,28.8/28.8/28.7/28.8,False,0.013041666666666668,-0.03479166666666667,3->6:up/6->12:down/12->24:down,0,True,False,False
sim1_pm,task003_symmetric,false,6,0.75,qc,b=2,own_target,3/6/12/24,0.299/0.326/0.314/0.218,up/flat/down,peak,50.7/49.3/49.5/52.9,False,0.026916666666666665,-0.09654166666666665,3->6:up/12->24:down,0,True,False,False
sim1_pm,task003_symmetric,false,12,0.75,qc,b=2,own_target,3/6/12/24,0.073/0.082/0.073/0.047,up/down/down,peak,57.2/57.1/57.2/57.5,False,0.00975,-0.025416666666666667,3->6:up/6->12:down/12->24:down,0,True,False,False
sim1_pm,task003_symmetric,false,6,0.75,qc,b=9,own_target,3/6/12/24,0.624/0.596/0.580/0.596,down/down/up,valley,173.3/163.1/159.6/168.0,False,0.015500000000000003,-0.028333333333333335,3->6:down/6->12:down/12->24:up,0,True,False,False
sim1_pm_post_always,task003_nosolution,false,3,1.0,qc,b=1,own_target,3/6/12/24,0.237/0.172/0.181/0.238,down/up/up,valley,15.8/14.3/12.2/11.7,False,0.057,-0.06545833333333333,3->6:down/6->12:up/12->24:up,1,True,True,False
sim1_pm_post_always,task003_nosolution,false,6,1.0,qc,b=1,own_target,3/6/12/24,0.190/0.122/0.159/0.246,down/up/up,valley,17.0/15.7/12.5/10.3,False,0.087,-0.06841666666666667,3->6:down/6->12:up/12->24:up,2,True,True,False
sim1_pm_post_always,task003_nosolution,false,12,0.75,qc,b=1,own_target,3/6/12/24,0.305/0.270/0.281/0.324,down/up/up,valley,13.7/11.2/8.8/7.7,False,0.04266666666666667,-0.03454166666666667,3->6:down/6->12:up/12->24:up,1,True,False,False
sim1_pm_post_always,task003_nosolution,false,12,1.0,qc,b=1,own_target,3/6/12/24,0.172/0.098/0.122/0.263,down/up/up,valley,18.1/17.3/14.1/10.1,False,0.14120833333333332,-0.07433333333333333,3->6:down/6->12:up/12->24:up,2,True,True,False
sim1_pm_post_always,task003_nosolution,false,3,1.0,qc,b=2,own_target,3/6/12/24,0.117/0.081/0.128/0.208,down/up/up,valley,37.2/33.7/28.1/24.7,False,0.08029166666666668,-0.0365,3->6:down/6->12:up/12->24:up,1,True,False,False
sim1_pm_post_always,task003_nosolution,false,6,1.0,qc,b=2,own_target,3/6/12/24,0.093/0.037/0.126/0.237,down/up/up,valley,39.2/35.9/26.4/19.8,False,0.11091666666666668,-0.05679166666666667,3->6:down/6->12:up/12->24:up,2,True,True,False
sim1_pm_post_always,task003_nosolution,false,12,1.0,qc,b=2,own_target,3/6/12/24,0.086/0.020/0.105/0.257,down/up/up,valley,41.1/39.1/28.3/18.4,False,0.15204166666666669,-0.066,3->6:down/6->12:up/12->24:up,1,True,True,False
sim1_pm_post_always,task003_nosolution,false,3,1.0,qc,b=3,own_target,3/6/12/24,0.049/0.040/0.086/0.184,down/up/up,valley,62.9/58.4/49.9/43.2,False,0.09804166666666667,-0.00875,3->6:down/6->12:up/12->24:up,1,True,False,False
sim1_pm_post_always,task003_nosolution,false,6,1.0,qc,b=3,own_target,3/6/12/24,0.021/0.011/0.070/0.205,down/up/up,valley,66.5/63.5/52.0/38.0,False,0.1348333333333333,-0.010375,3->6:down/6->12:up/12->24:up,2,True,False,False
sim1_pm_post_always,task003_nosolution,false,12,1.0,qc,b=3,own_target,3/6/12/24,0.015/0.005/0.062/0.218,down/up/up,valley,69.3/67.0/54.7/37.3,False,0.15575,-0.010125,3->6:down/6->12:up/12->24:up,1,True,False,False
sim1_pm_post_always,task003_nosolution,false,6,0.75,qc,b=6,own_target,3/6/12/24,0.243/0.231/0.227/0.283,down/flat/up,valley,95.2/79.9/66.5/58.6,False,0.055624999999999994,-0.011958333333333335,3->6:down/12->24:up,0,True,False,False
sim1_pm_post_always,task003_nosolution,false,3,1.0,qc,b=9,own_target,3/6/12/24,-0.241/-0.246/-0.227/-0.085,down/up/up,valley,240.7/244.2/244.5/242.9,False,0.14229166666666665,-0.004583333333333333,3->6:down/6->12:up/12->24:up,0,True,False,False
sim1_pm_post_always,task003_nosolution,false,6,0.75,qc,b=9,own_target,3/6/12/24,-0.044/-0.090/-0.073/0.026,down/up/up,valley,214.8/220.6/214.8/211.8,False,0.09875,-0.04558333333333333,3->6:down/6->12:up/12->24:up,0,True,True,False
sim1_pm_post_always,task003_nosolution,truth,12,0.75,qc,b=1,own_target,3/6/12/24,0.416/0.423/0.422/0.415,up/flat/down,peak,13.7/8.9/5.4/5.2,False,0.0075,-0.006791666666666665,3->6:up/12->24:down,0,True,False,False
sim1_pm_post_always,task003_nosolution,truth,12,0.75,qc,b=6,own_target,3/6/12/24,0.386/0.405/0.407/0.398,up/flat/down,peak,72.2/44.7/28.1/29.7,False,0.018791666666666665,-0.008666666666666668,3->6:up/12->24:down,0,True,False,False
sim1_pm_post_always,task003_symmetric,false,3,0.75,qc,b=1,own_target,3/6/12/24,0.374/0.416/0.416/0.346,up/flat/down,peak,23.6/21.7/21.3/24.6,False,0.04275,-0.07054166666666666,3->6:up/12->24:down,1,True,True,False
sim1_pm_post_always,task003_symmetric,false,6,0.75,qc,b=1,own_target,3/6/12/24,0.189/0.222/0.219/0.101,up/flat/down,peak,27.5/27.1/26.9/27.9,False,0.03275,-0.11779166666666666,3->6:up/12->24:down,1,True,False,False
sim1_pm_post_always,task003_symmetric,false,12,0.75,qc,b=1,own_target,3/6/12/24,0.053/0.065/0.052/0.019,up/down/down,peak,28.8/28.8/28.8/28.9,False,0.01175,-0.033208333333333326,3->6:up/6->12:down/12->24:down,0,True,False,False
sim1_pm_post_always,task003_symmetric,false,6,0.75,qc,b=2,own_target,3/6/12/24,0.291/0.328/0.311/0.203,up/flat/down,peak,51.0/49.0/49.7/53.5,False,0.036625,-0.10725,3->6:up/12->24:down,0,True,False,False
sim1_pm_post_always,task003_symmetric,false,3,0.75,qc,b=9,own_target,3/6/12/24,0.531/0.524/0.513/0.520,flat/down/up,valley,166.8/147.0/132.8/147.2,False,0.0073750000000000005,-0.011875000000000002,6->12:down/12->24:up,0,True,False,False
sim1_uniform_post,task003_nosolution,false,3,1.0,qc,b=2,own_target,3/6/12/24,0.478/0.440/0.434/0.455,down/flat/up,valley,16.8/14.6/13.6/13.2,False,0.021666666666666664,-0.03820833333333333,3->6:down/12->24:up,0,True,False,False
sim1_uniform_post,task003_nosolution,false,3,1.0,qc,b=3,own_target,3/6/12/24,0.385/0.329/0.345/0.390,down/flat/up,valley,32.2/29.8/25.9/24.5,False,0.044333333333333336,-0.056458333333333326,3->6:down/12->24:up,0,True,True,False
sim1_uniform_post,task003_nosolution,false,12,1.0,qc,b=3,own_target,3/6/12/24,0.399/0.356/0.385/0.402,down/up/flat,valley,24.2/24.5/21.1/19.6,False,0.02904166666666667,-0.04345833333333333,3->6:down/6->12:up,0,True,False,False
sim1_uniform_post,task003_nosolution,false,12,1.0,qc,b=6,own_target,3/6/12/24,0.300/0.265/0.305/0.349,down/up/up,valley,61.2/60.8/52.0/46.3,False,0.044291666666666674,-0.03516666666666667,3->6:down/6->12:up/12->24:up,0,True,False,False
sim1_uniform_post,task003_nosolution,false,12,0.75,qc,b=9,own_target,3/6/12/24,0.290/0.270/0.262/0.280,down/flat/up,valley,114.8/98.1/91.1/93.0,False,0.01825,-0.020333333333333335,3->6:down/12->24:up,0,True,False,False
sim1_uniform_post,task003_nosolution,truth,6,1.0,qc,b=2,own_target,3/6/12/24,0.399/0.401/0.399/0.400,up/down/up,valley,3.8/2.8/2.4/2.5,False,0.0017916666666666669,-0.0012083333333333332,3->6:up/6->12:down/12->24:up,0,True,False,False
sim1_uniform_post,task003_nosolution,truth,3,1.0,qc,b=6,own_target,3/6/12/24,0.361/0.366/0.363/0.363,up/down/flat,peak,26.9/16.9/14.4/17.8,False,0.004541666666666666,-0.0025833333333333337,3->6:up/6->12:down,0,True,False,False
sim1_uniform_post,task003_nosolution,truth,6,0.75,qc,b=6,own_target,3/6/12/24,0.426/0.452/0.450/0.437,up/flat/down,peak,56.5/35.9/29.7/37.0,False,0.026125,-0.013125000000000001,3->6:up/12->24:down,1,True,False,False
sim1_uniform_post,task003_nosolution,truth,12,0.75,qc,b=6,own_target,3/6/12/24,0.454/0.482/0.485/0.474,up/flat/down,peak,36.8/21.2/16.8/18.2,False,0.028375,-0.010833333333333334,3->6:up/12->24:down,1,True,False,False
sim1_uniform_post,task003_symmetric,false,12,0.75,qc,b=3,own_target,3/6/12/24,0.684/0.712/0.695/0.697,up/down/flat,peak,44.3/35.7/31.8/33.4,False,0.027791666666666666,-0.017208333333333332,3->6:up/6->12:down,0,True,False,False
