variant,q,facts_held,share_of_agents,vote_margin_A2_minus_A0,belief_margin_A2_minus_A0
sim1_base,12,4,0.0005,0.0000,0.0195
sim1_base,12,5,0.0015,0.0000,0.0399
sim1_base,12,6,0.0126,1.0000,0.8258
sim1_base,12,7,0.0993,0.6089,0.5298
sim1_base,12,8,0.2525,0.1706,0.2039
sim1_base,12,9,0.2934,-0.0960,0.0240
sim1_base,12,10,0.1807,-0.1547,-0.0014
sim1_base,12,11,0.0849,-0.0702,0.0458
sim1_base,12,12,0.0431,0.0812,0.0461
sim1_base,12,13,0.0231,-0.0162,0.0158
sim1_base,12,14,0.0073,0.0400,0.0033
sim1_base,12,15,0.0011,-0.4815,0.0000
sim1_base,3,6,0.0013,0.8750,0.7303
sim1_base,3,7,0.0215,0.8062,0.6883
sim1_base,3,8,0.1034,0.6688,0.5690
sim1_base,3,9,0.1920,0.4139,0.3725
sim1_base,3,10,0.1993,0.1860,0.2048
sim1_base,3,11,0.1765,0.0734,0.0939
sim1_base,3,12,0.1599,0.0334,0.0337
sim1_base,3,13,0.1062,0.0126,0.0130
sim1_base,3,14,0.0350,0.0059,0.0047
sim1_base,3,15,0.0048,-0.1130,0.0000
sim1_base,6,6,0.0040,1.0000,0.8255
sim1_base,6,7,0.0509,0.8036,0.6739
sim1_base,6,8,0.1783,0.4477,0.4023
sim1_base,6,9,0.2626,0.1588,0.2012
sim1_base,6,10,0.2027,-0.0360,0.0713
sim1_base,6,11,0.1221,-0.0526,0.0415
sim1_base,6,12,0.0949,0.0268,0.0263
sim1_base,6,13,0.0599,0.0209,0.0116
sim1_base,6,14,0.0226,-0.0148,0.0084
sim1_base,6,15,0.0019,0.0435,0.0000
sim1_pm,12,10,0.0707,-0.0106,-0.0000
sim1_pm,12,11,0.2165,-0.0181,-0.0000
sim1_pm,12,12,0.3221,-0.0304,0.0000
sim1_pm,12,13,0.2658,0.0082,0.0000
sim1_pm,12,14,0.1087,0.0069,0.0000
sim1_pm,12,15,0.0161,0.0336,0.0000
sim1_pm,3,8,0.0000,-1.0000,-0.3444
sim1_pm,3,9,0.0008,0.3684,0.0413
sim1_pm,3,10,0.0406,-0.0257,0.0002
sim1_pm,3,11,0.1706,0.0024,0.0097
sim1_pm,3,12,0.3235,-0.0094,0.0077
sim1_pm,3,13,0.3107,-0.0048,0.0052
sim1_pm,3,14,0.1324,-0.0050,0.0001
sim1_pm,3,15,0.0214,0.0175,0.0000
sim1_pm,6,9,0.0005,-0.3846,-0.2995
sim1_pm,6,10,0.0450,0.0232,-0.0032
sim1_pm,6,11,0.1802,-0.0356,-0.0010
sim1_pm,6,12,0.3386,-0.0064,-0.0001
sim1_pm,6,13,0.2850,-0.0047,0.0004
sim1_pm,6,14,0.1317,-0.0066,0.0000
sim1_pm,6,15,0.0190,-0.0503,0.0000
sim1_pm_post_always,12,10,0.0738,-0.0175,-0.0000
sim1_pm_post_always,12,11,0.2295,-0.0303,0.0000
sim1_pm_post_always,12,12,0.3108,-0.0102,0.0000
sim1_pm_post_always,12,13,0.2580,0.0095,0.0000
sim1_pm_post_always,12,14,0.1095,-0.0186,0.0000
sim1_pm_post_always,12,15,0.0185,0.0000,0.0000
sim1_pm_post_always,3,9,0.0008,-0.2000,-0.0664
sim1_pm_post_always,3,10,0.0355,0.0211,-0.0049
sim1_pm_post_always,3,11,0.1675,-0.0022,0.0071
sim1_pm_post_always,3,12,0.3257,-0.0056,0.0062
sim1_pm_post_always,3,13,0.3157,-0.0131,0.0031
sim1_pm_post_always,3,14,0.1343,-0.0062,0.0014
sim1_pm_post_always,3,15,0.0205,0.0304,0.0000
sim1_pm_post_always,6,9,0.0000,1.0000,-0.0182
sim1_pm_post_always,6,10,0.0505,0.0000,-0.0003
sim1_pm_post_always,6,11,0.1801,-0.0231,-0.0003
sim1_pm_post_always,6,12,0.3325,-0.0089,0.0013
sim1_pm_post_always,6,13,0.2875,-0.0057,0.0004
sim1_pm_post_always,6,14,0.1294,-0.0100,-0.0001
sim1_pm_post_always,6,15,0.0201,-0.0207,0.0000
sim1_uniform_post,12,11,0.0009,-1.0000,-0.4421
sim1_uniform_post,12,12,0.0101,-0.4239,-0.0540
sim1_uniform_post,12,13,0.0861,-0.3930,-0.0976
sim1_uniform_post,12,14,0.3840,-0.2977,-0.0495
sim1_uniform_post,12,15,0.5189,-0.0111,0.0000
sim1_uniform_post,3,10,0.0006,-0.7143,-0.2228
sim1_uniform_post,3,11,0.0150,-0.5402,-0.1506
sim1_uniform_post,3,12,0.0928,-0.4567,-0.1079
sim1_uniform_post,3,13,0.2951,-0.3595,-0.0711
sim1_uniform_post,3,14,0.4061,-0.2568,-0.0315
sim1_uniform_post,3,15,0.1904,0.0007,0.0000
sim1_uniform_post,6,11,0.0020,-0.6735,-0.1301
sim1_uniform_post,6,12,0.0262,-0.5326,-0.1446
sim1_uniform_post,6,13,0.1694,-0.4086,-0.0879
sim1_uniform_post,6,14,0.4315,-0.2459,-0.0405
sim1_uniform_post,6,15,0.3708,-0.0171,0.0000
