setup,variant,rho,q,fact,favours,held_at_start,share_holding_day30
task003_nosolution,sim1_base,0.7500,12,cf_x00_ge_2,A0,2,0.3820
task003_nosolution,sim1_base,0.7500,12,cf_x01_le_2,A0,2,0.4180
task003_nosolution,sim1_base,0.7500,12,cf_x05_le_2,A2,1,0.3407
task003_nosolution,sim1_base,0.7500,12,cf_x08_le_2,A1/A2,1,0.5290
task003_nosolution,sim1_base,0.7500,12,cf_x00_ge_x02,A0,1,0.0862
task003_nosolution,sim1_base,0.7500,12,cf_x00_ge_x03,A0/A1,2,0.4194
task003_nosolution,sim1_base,0.7500,12,cf_x01_ge_x02,A2,2,0.5507
task003_nosolution,sim1_base,0.7500,12,cf_x02_le_x04,A2,2,0.3986
task003_nosolution,sim1_base,0.7500,12,cf_x02_le_x05,A0,1,0.2830
task003_nosolution,sim1_base,0.7500,12,cf_x02_eq_x05,A1/A2,2,0.5747
task003_nosolution,sim1_base,0.7500,12,cf_x03_le_x04,A1/A2,1,0.2790
task003_nosolution,sim1_base,0.7500,12,cf_x03_eq_x04,A1/A2,2,0.6172
task003_nosolution,sim1_base,0.7500,12,cf_x03_ge_x05,A2,2,0.7345
task003_nosolution,sim1_base,0.7500,12,cf_x06_le_x07,A1,2,0.4172
task003_nosolution,sim1_base,0.7500,12,cf_x06_ge_x07,A2,1,0.6887
task003_nosolution,sim1_base,1.0000,12,cf_x00_ge_2,A0,2,0.6030
task003_nosolution,sim1_base,1.0000,12,cf_x01_le_2,A0,2,0.6116
task003_nosolution,sim1_base,1.0000,12,cf_x05_le_2,A2,1,0.4733
task003_nosolution,sim1_base,1.0000,12,cf_x08_le_2,A1/A2,1,0.6295
task003_nosolution,sim1_base,1.0000,12,cf_x00_ge_x02,A0,1,0.3438
task003_nosolution,sim1_base,1.0000,12,cf_x00_ge_x03,A0/A1,2,0.6146
task003_nosolution,sim1_base,1.0000,12,cf_x01_ge_x02,A2,2,0.7162
task003_nosolution,sim1_base,1.0000,12,cf_x02_le_x04,A2,2,0.6817
task003_nosolution,sim1_base,1.0000,12,cf_x02_le_x05,A0,1,0.4239
task003_nosolution,sim1_base,1.0000,12,cf_x02_eq_x05,A1/A2,2,0.6537
task003_nosolution,sim1_base,1.0000,12,cf_x03_le_x04,A1/A2,1,0.3652
task003_nosolution,sim1_base,1.0000,12,cf_x03_eq_x04,A1/A2,2,0.7639
task003_nosolution,sim1_base,1.0000,12,cf_x03_ge_x05,A2,2,0.8050
task003_nosolution,sim1_base,1.0000,12,cf_x06_le_x07,A1,2,0.6116
task003_nosolution,sim1_base,1.0000,12,cf_x06_ge_x07,A2,1,0.8210
task003_nosolution,sim1_base,0.7500,3,cf_x00_ge_2,A0,2,0.1581
task003_nosolution,sim1_base,0.7500,3,cf_x01_le_2,A0,2,0.1781
task003_nosolution,sim1_base,0.7500,3,cf_x05_le_2,A2,1,0.3526
task003_nosolution,sim1_base,0.7500,3,cf_x08_le_2,A1/A2,1,0.4465
task003_nosolution,sim1_base,0.7500,3,cf_x00_ge_x02,A0,1,0.1983
task003_nosolution,sim1_base,0.7500,3,cf_x00_ge_x03,A0/A1,2,0.1561
task003_nosolution,sim1_base,0.7500,3,cf_x01_ge_x02,A2,2,0.4845
task003_nosolution,sim1_base,0.7500,3,cf_x02_le_x04,A2,2,0.4888
task003_nosolution,sim1_base,0.7500,3,cf_x02_le_x05,A0,1,0.1168
task003_nosolution,sim1_base,0.7500,3,cf_x02_eq_x05,A1/A2,2,0.4408
task003_nosolution,sim1_base,0.7500,3,cf_x03_le_x04,A1/A2,1,0.2313
task003_nosolution,sim1_base,0.7500,3,cf_x03_eq_x04,A1/A2,2,0.2469
task003_nosolution,sim1_base,0.7500,3,cf_x03_ge_x05,A2,2,0.5933
task003_nosolution,sim1_base,0.7500,3,cf_x06_le_x07,A1,2,0.1692
task003_nosolution,sim1_base,0.7500,3,cf_x06_ge_x07,A2,1,0.4672
task003_nosolution,sim1_base,1.0000,3,cf_x00_ge_2,A0,2,0.6651
task003_nosolution,sim1_base,1.0000,3,cf_x01_le_2,A0,2,0.6584
task003_nosolution,sim1_base,1.0000,3,cf_x05_le_2,A2,1,0.6173
task003_nosolution,sim1_base,1.0000,3,cf_x08_le_2,A1/A2,1,0.8120
task003_nosolution,sim1_base,1.0000,3,cf_x00_ge_x02,A0,1,0.4106
task003_nosolution,sim1_base,1.0000,3,cf_x00_ge_x03,A0/A1,2,0.6669
task003_nosolution,sim1_base,1.0000,3,cf_x01_ge_x02,A2,2,0.8783
task003_nosolution,sim1_base,1.0000,3,cf_x02_le_x04,A2,2,0.8158
task003_nosolution,sim1_base,1.0000,3,cf_x02_le_x05,A0,1,0.3534
task003_nosolution,sim1_base,1.0000,3,cf_x02_eq_x05,A1/A2,2,0.8539
task003_nosolution,sim1_base,1.0000,3,cf_x03_le_x04,A1/A2,1,0.4697
task003_nosolution,sim1_base,1.0000,3,cf_x03_eq_x04,A1/A2,2,0.7998
task003_nosolution,sim1_base,1.0000,3,cf_x03_ge_x05,A2,2,0.9039
task003_nosolution,sim1_base,1.0000,3,cf_x06_le_x07,A1,2,0.6684
task003_nosolution,sim1_base,1.0000,3,cf_x06_ge_x07,A2,1,0.9368
task003_nosolution,sim1_base,0.7500,6,cf_x00_ge_2,A0,2,0.3043
task003_nosolution,sim1_base,0.7500,6,cf_x01_le_2,A0,2,0.3122
task003_nosolution,sim1_base,0.7500,6,cf_x05_le_2,A2,1,0.4163
task003_nosolution,sim1_base,0.7500,6,cf_x08_le_2,A1/A2,1,0.5276
task003_nosolution,sim1_base,0.7500,6,cf_x00_ge_x02,A0,1,0.1734
task003_nosolution,sim1_base,0.7500,6,cf_x00_ge_x03,A0/A1,2,0.3051
task003_nosolution,sim1_base,0.7500,6,cf_x01_ge_x02,A2,2,0.5683
task003_nosolution,sim1_base,0.7500,6,cf_x02_le_x04,A2,2,0.5157
task003_nosolution,sim1_base,0.7500,6,cf_x02_le_x05,A0,1,0.2278
task003_nosolution,sim1_base,0.7500,6,cf_x02_eq_x05,A1/A2,2,0.5345
task003_nosolution,sim1_base,0.7500,6,cf_x03_le_x04,A1/A2,1,0.2671
task003_nosolution,sim1_base,0.7500,6,cf_x03_eq_x04,A1/A2,2,0.4585
task003_nosolution,sim1_base,0.7500,6,cf_x03_ge_x05,A2,2,0.7162
task003_nosolution,sim1_base,0.7500,6,cf_x06_le_x07,A1,2,0.3049
task003_nosolution,sim1_base,0.7500,6,cf_x06_ge_x07,A2,1,0.6101
task003_nosolution,sim1_base,1.0000,6,cf_x00_ge_2,A0,2,0.6198
task003_nosolution,sim1_base,1.0000,6,cf_x01_le_2,A0,2,0.6178
task003_nosolution,sim1_base,1.0000,6,cf_x05_le_2,A2,1,0.5627
task003_nosolution,sim1_base,1.0000,6,cf_x08_le_2,A1/A2,1,0.7234
task003_nosolution,sim1_base,1.0000,6,cf_x00_ge_x02,A0,1,0.3867
task003_nosolution,sim1_base,1.0000,6,cf_x00_ge_x03,A0/A1,2,0.6212
task003_nosolution,sim1_base,1.0000,6,cf_x01_ge_x02,A2,2,0.8034
task003_nosolution,sim1_base,1.0000,6,cf_x02_le_x04,A2,2,0.7483
task003_nosolution,sim1_base,1.0000,6,cf_x02_le_x05,A0,1,0.4008
task003_nosolution,sim1_base,1.0000,6,cf_x02_eq_x05,A1/A2,2,0.7669
task003_nosolution,sim1_base,1.0000,6,cf_x03_le_x04,A1/A2,1,0.3905
task003_nosolution,sim1_base,1.0000,6,cf_x03_eq_x04,A1/A2,2,0.7842
task003_nosolution,sim1_base,1.0000,6,cf_x03_ge_x05,A2,2,0.8743
task003_nosolution,sim1_base,1.0000,6,cf_x06_le_x07,A1,2,0.6171
task003_nosolution,sim1_base,1.0000,6,cf_x06_ge_x07,A2,1,0.8862
task003_nosolution,sim1_pm,0.7500,12,cf_x00_ge_2,A0,2,0.7419
task003_nosolution,sim1_pm,0.7500,12,cf_x01_le_2,A0,2,0.7324
task003_nosolution,sim1_pm,0.7500,12,cf_x05_le_2,A2,1,0.3332
task003_nosolution,sim1_pm,0.7500,12,cf_x08_le_2,A1/A2,1,0.7257
task003_nosolution,sim1_pm,0.7500,12,cf_x00_ge_x02,A0,1,0.0572
task003_nosolution,sim1_pm,0.7500,12,cf_x00_ge_x03,A0/A1,2,0.7636
task003_nosolution,sim1_pm,0.7500,12,cf_x01_ge_x02,A2,2,0.8281
task003_nosolution,sim1_pm,0.7500,12,cf_x02_le_x04,A2,2,0.5222
task003_nosolution,sim1_pm,0.7500,12,cf_x02_le_x05,A0,1,0.0700
task003_nosolution,sim1_pm,0.7500,12,cf_x02_eq_x05,A1/A2,2,0.8200
task003_nosolution,sim1_pm,0.7500,12,cf_x03_le_x04,A1/A2,1,0.1115
task003_nosolution,sim1_pm,0.7500,12,cf_x03_eq_x04,A1/A2,2,0.7795
task003_nosolution,sim1_pm,0.7500,12,cf_x03_ge_x05,A2,2,0.6809
task003_nosolution,sim1_pm,0.7500,12,cf_x06_le_x07,A1,2,0.7883
task003_nosolution,sim1_pm,0.7500,12,cf_x06_ge_x07,A2,1,0.7819
task003_nosolution,sim1_pm,1.0000,12,cf_x00_ge_2,A0,2,1.0000
task003_nosolution,sim1_pm,1.0000,12,cf_x01_le_2,A0,2,1.0000
task003_nosolution,sim1_pm,1.0000,12,cf_x05_le_2,A2,1,0.5700
task003_nosolution,sim1_pm,1.0000,12,cf_x08_le_2,A1/A2,1,1.0000
task003_nosolution,sim1_pm,1.0000,12,cf_x00_ge_x02,A0,1,0.3703
task003_nosolution,sim1_pm,1.0000,12,cf_x00_ge_x03,A0/A1,2,1.0000
task003_nosolution,sim1_pm,1.0000,12,cf_x01_ge_x02,A2,2,1.0000
task003_nosolution,sim1_pm,1.0000,12,cf_x02_le_x04,A2,2,0.7249
task003_nosolution,sim1_pm,1.0000,12,cf_x02_le_x05,A0,1,0.3077
task003_nosolution,sim1_pm,1.0000,12,cf_x02_eq_x05,A1/A2,2,1.0000
task003_nosolution,sim1_pm,1.0000,12,cf_x03_le_x04,A1/A2,1,0.3897
task003_nosolution,sim1_pm,1.0000,12,cf_x03_eq_x04,A1/A2,2,1.0000
task003_nosolution,sim1_pm,1.0000,12,cf_x03_ge_x05,A2,2,0.8113
task003_nosolution,sim1_pm,1.0000,12,cf_x06_le_x07,A1,2,1.0000
task003_nosolution,sim1_pm,1.0000,12,cf_x06_ge_x07,A2,1,1.0000
task003_nosolution,sim1_pm,0.7500,3,cf_x00_ge_2,A0,2,0.2695
task003_nosolution,sim1_pm,0.7500,3,cf_x01_le_2,A0,2,0.2204
task003_nosolution,sim1_pm,0.7500,3,cf_x05_le_2,A2,1,0.2430
task003_nosolution,sim1_pm,0.7500,3,cf_x08_le_2,A1/A2,1,0.4487
task003_nosolution,sim1_pm,0.7500,3,cf_x00_ge_x02,A0,1,0.2624
task003_nosolution,sim1_pm,0.7500,3,cf_x00_ge_x03,A0/A1,2,0.4562
task003_nosolution,sim1_pm,0.7500,3,cf_x01_ge_x02,A2,2,0.3227
task003_nosolution,sim1_pm,0.7500,3,cf_x02_le_x04,A2,2,0.4905
task003_nosolution,sim1_pm,0.7500,3,cf_x02_le_x05,A0,1,0.0741
task003_nosolution,sim1_pm,0.7500,3,cf_x02_eq_x05,A1/A2,2,0.4118
task003_nosolution,sim1_pm,0.7500,3,cf_x03_le_x04,A1/A2,1,0.1537
task003_nosolution,sim1_pm,0.7500,3,cf_x03_eq_x04,A1/A2,2,0.3515
task003_nosolution,sim1_pm,0.7500,3,cf_x03_ge_x05,A2,2,0.5377
task003_nosolution,sim1_pm,0.7500,3,cf_x06_le_x07,A1,2,0.4840
task003_nosolution,sim1_pm,0.7500,3,cf_x06_ge_x07,A2,1,0.3633
task003_nosolution,sim1_pm,1.0000,3,cf_x00_ge_2,A0,2,0.9880
task003_nosolution,sim1_pm,1.0000,3,cf_x01_le_2,A0,2,0.9811
task003_nosolution,sim1_pm,1.0000,3,cf_x05_le_2,A2,1,0.6181
task003_nosolution,sim1_pm,1.0000,3,cf_x08_le_2,A1/A2,1,0.9790
task003_nosolution,sim1_pm,1.0000,3,cf_x00_ge_x02,A0,1,0.4324
task003_nosolution,sim1_pm,1.0000,3,cf_x00_ge_x03,A0/A1,2,0.9941
task003_nosolution,sim1_pm,1.0000,3,cf_x01_ge_x02,A2,2,0.9965
task003_nosolution,sim1_pm,1.0000,3,cf_x02_le_x04,A2,2,0.8124
task003_nosolution,sim1_pm,1.0000,3,cf_x02_le_x05,A0,1,0.3111
task003_nosolution,sim1_pm,1.0000,3,cf_x02_eq_x05,A1/A2,2,0.9970
task003_nosolution,sim1_pm,1.0000,3,cf_x03_le_x04,A1/A2,1,0.4179
task003_nosolution,sim1_pm,1.0000,3,cf_x03_eq_x04,A1/A2,2,0.9883
task003_nosolution,sim1_pm,1.0000,3,cf_x03_ge_x05,A2,2,0.8820
task003_nosolution,sim1_pm,1.0000,3,cf_x06_le_x07,A1,2,0.9921
task003_nosolution,sim1_pm,1.0000,3,cf_x06_ge_x07,A2,1,0.9952
task003_nosolution,sim1_pm,0.7500,6,cf_x00_ge_2,A0,2,0.5178
task003_nosolution,sim1_pm,0.7500,6,cf_x01_le_2,A0,2,0.5100
task003_nosolution,sim1_pm,0.7500,6,cf_x05_le_2,A2,1,0.3563
task003_nosolution,sim1_pm,0.7500,6,cf_x08_le_2,A1/A2,1,0.6080
task003_nosolution,sim1_pm,0.7500,6,cf_x00_ge_x02,A0,1,0.1500
task003_nosolution,sim1_pm,0.7500,6,cf_x00_ge_x03,A0/A1,2,0.5907
task003_nosolution,sim1_pm,0.7500,6,cf_x01_ge_x02,A2,2,0.6601
task003_nosolution,sim1_pm,0.7500,6,cf_x02_le_x04,A2,2,0.5709
task003_nosolution,sim1_pm,0.7500,6,cf_x02_le_x05,A0,1,0.0779
task003_nosolution,sim1_pm,0.7500,6,cf_x02_eq_x05,A1/A2,2,0.6786
task003_nosolution,sim1_pm,0.7500,6,cf_x03_le_x04,A1/A2,1,0.1568
task003_nosolution,sim1_pm,0.7500,6,cf_x03_eq_x04,A1/A2,2,0.6030
task003_nosolution,sim1_pm,0.7500,6,cf_x03_ge_x05,A2,2,0.6540
task003_nosolution,sim1_pm,0.7500,6,cf_x06_le_x07,A1,2,0.6237
task003_nosolution,sim1_pm,0.7500,6,cf_x06_ge_x07,A2,1,0.6227
task003_nosolution,sim1_pm,1.0000,6,cf_x00_ge_2,A0,2,0.9997
task003_nosolution,sim1_pm,1.0000,6,cf_x01_le_2,A0,2,0.9995
task003_nosolution,sim1_pm,1.0000,6,cf_x05_le_2,A2,1,0.5976
task003_nosolution,sim1_pm,1.0000,6,cf_x08_le_2,A1/A2,1,0.9974
task003_nosolution,sim1_pm,1.0000,6,cf_x00_ge_x02,A0,1,0.4010
task003_nosolution,sim1_pm,1.0000,6,cf_x00_ge_x03,A0/A1,2,1.0000
task003_nosolution,sim1_pm,1.0000,6,cf_x01_ge_x02,A2,2,1.0000
task003_nosolution,sim1_pm,1.0000,6,cf_x02_le_x04,A2,2,0.7783
task003_nosolution,sim1_pm,1.0000,6,cf_x02_le_x05,A0,1,0.3090
task003_nosolution,sim1_pm,1.0000,6,cf_x02_eq_x05,A1/A2,2,1.0000
task003_nosolution,sim1_pm,1.0000,6,cf_x03_le_x04,A1/A2,1,0.4045
task003_nosolution,sim1_pm,1.0000,6,cf_x03_eq_x04,A1/A2,2,0.9994
task003_nosolution,sim1_pm,1.0000,6,cf_x03_ge_x05,A2,2,0.8477
task003_nosolution,sim1_pm,1.0000,6,cf_x06_le_x07,A1,2,0.9998
task003_nosolution,sim1_pm,1.0000,6,cf_x06_ge_x07,A2,1,1.0000
task003_nosolution,sim1_pm_post_always,0.7500,12,cf_x00_ge_2,A0,2,0.7458
task003_nosolution,sim1_pm_post_always,0.7500,12,cf_x01_le_2,A0,2,0.7324
task003_nosolution,sim1_pm_post_always,0.7500,12,cf_x05_le_2,A2,1,0.3458
task003_nosolution,sim1_pm_post_always,0.7500,12,cf_x08_le_2,A1/A2,1,0.7317
task003_nosolution,sim1_pm_post_always,0.7500,12,cf_x00_ge_x02,A0,1,0.0602
task003_nosolution,sim1_pm_post_always,0.7500,12,cf_x00_ge_x03,A0/A1,2,0.7615
task003_nosolution,sim1_pm_post_always,0.7500,12,cf_x01_ge_x02,A2,2,0.8223
task003_nosolution,sim1_pm_post_always,0.7500,12,cf_x02_le_x04,A2,2,0.5130
task003_nosolution,sim1_pm_post_always,0.7500,12,cf_x02_le_x05,A0,1,0.0712
task003_nosolution,sim1_pm_post_always,0.7500,12,cf_x02_eq_x05,A1/A2,2,0.8167
task003_nosolution,sim1_pm_post_always,0.7500,12,cf_x03_le_x04,A1/A2,1,0.0988
task003_nosolution,sim1_pm_post_always,0.7500,12,cf_x03_eq_x04,A1/A2,2,0.7859
task003_nosolution,sim1_pm_post_always,0.7500,12,cf_x03_ge_x05,A2,2,0.6697
task003_nosolution,sim1_pm_post_always,0.7500,12,cf_x06_le_x07,A1,2,0.7837
task003_nosolution,sim1_pm_post_always,0.7500,12,cf_x06_ge_x07,A2,1,0.7840
task003_nosolution,sim1_pm_post_always,1.0000,12,cf_x00_ge_2,A0,2,1.0000
task003_nosolution,sim1_pm_post_always,1.0000,12,cf_x01_le_2,A0,2,1.0000
task003_nosolution,sim1_pm_post_always,1.0000,12,cf_x05_le_2,A2,1,0.5579
task003_nosolution,sim1_pm_post_always,1.0000,12,cf_x08_le_2,A1/A2,1,1.0000
task003_nosolution,sim1_pm_post_always,1.0000,12,cf_x00_ge_x02,A0,1,0.3717
task003_nosolution,sim1_pm_post_always,1.0000,12,cf_x00_ge_x03,A0/A1,2,1.0000
task003_nosolution,sim1_pm_post_always,1.0000,12,cf_x01_ge_x02,A2,2,1.0000
task003_nosolution,sim1_pm_post_always,1.0000,12,cf_x02_le_x04,A2,2,0.7106
task003_nosolution,sim1_pm_post_always,1.0000,12,cf_x02_le_x05,A0,1,0.3210
task003_nosolution,sim1_pm_post_always,1.0000,12,cf_x02_eq_x05,A1/A2,2,1.0000
task003_nosolution,sim1_pm_post_always,1.0000,12,cf_x03_le_x04,A1/A2,1,0.3895
task003_nosolution,sim1_pm_post_always,1.0000,12,cf_x03_eq_x04,A1/A2,2,1.0000
task003_nosolution,sim1_pm_post_always,1.0000,12,cf_x03_ge_x05,A2,2,0.8048
task003_nosolution,sim1_pm_post_always,1.0000,12,cf_x06_le_x07,A1,2,1.0000
task003_nosolution,sim1_pm_post_always,1.0000,12,cf_x06_ge_x07,A2,1,1.0000
task003_nosolution,sim1_pm_post_always,0.7500,3,cf_x00_ge_2,A0,2,0.2686
task003_nosolution,sim1_pm_post_always,0.7500,3,cf_x01_le_2,A0,2,0.2253
task003_nosolution,sim1_pm_post_always,0.7500,3,cf_x05_le_2,A2,1,0.2342
task003_nosolution,sim1_pm_post_always,0.7500,3,cf_x08_le_2,A1/A2,1,0.4389
task003_nosolution,sim1_pm_post_always,0.7500,3,cf_x00_ge_x02,A0,1,0.2571
task003_nosolution,sim1_pm_post_always,0.7500,3,cf_x00_ge_x03,A0/A1,2,0.4689
task003_nosolution,sim1_pm_post_always,0.7500,3,cf_x01_ge_x02,A2,2,0.3413
task003_nosolution,sim1_pm_post_always,0.7500,3,cf_x02_le_x04,A2,2,0.4812
task003_nosolution,sim1_pm_post_always,0.7500,3,cf_x02_le_x05,A0,1,0.0736
task003_nosolution,sim1_pm_post_always,0.7500,3,cf_x02_eq_x05,A1/A2,2,0.4311
task003_nosolution,sim1_pm_post_always,0.7500,3,cf_x03_le_x04,A1/A2,1,0.1475
task003_nosolution,sim1_pm_post_always,0.7500,3,cf_x03_eq_x04,A1/A2,2,0.3529
task003_nosolution,sim1_pm_post_always,0.7500,3,cf_x03_ge_x05,A2,2,0.5586
task003_nosolution,sim1_pm_post_always,0.7500,3,cf_x06_le_x07,A1,2,0.4669
task003_nosolution,sim1_pm_post_always,0.7500,3,cf_x06_ge_x07,A2,1,0.3571
task003_nosolution,sim1_pm_post_always,1.0000,3,cf_x00_ge_2,A0,2,0.9908
task003_nosolution,sim1_pm_post_always,1.0000,3,cf_x01_le_2,A0,2,0.9802
task003_nosolution,sim1_pm_post_always,1.0000,3,cf_x05_le_2,A2,1,0.6298
task003_nosolution,sim1_pm_post_always,1.0000,3,cf_x08_le_2,A1/A2,1,0.9738
task003_nosolution,sim1_pm_post_always,1.0000,3,cf_x00_ge_x02,A0,1,0.4301
task003_nosolution,sim1_pm_post_always,1.0000,3,cf_x00_ge_x03,A0/A1,2,0.9933
task003_nosolution,sim1_pm_post_always,1.0000,3,cf_x01_ge_x02,A2,2,0.9980
task003_nosolution,sim1_pm_post_always,1.0000,3,cf_x02_le_x04,A2,2,0.8098
task003_nosolution,sim1_pm_post_always,1.0000,3,cf_x02_le_x05,A0,1,0.3177
task003_nosolution,sim1_pm_post_always,1.0000,3,cf_x02_eq_x05,A1/A2,2,0.9960
task003_nosolution,sim1_pm_post_always,1.0000,3,cf_x03_le_x04,A1/A2,1,0.4145
task003_nosolution,sim1_pm_post_always,1.0000,3,cf_x03_eq_x04,A1/A2,2,0.9903
task003_nosolution,sim1_pm_post_always,1.0000,3,cf_x03_ge_x05,A2,2,0.8918
task003_nosolution,sim1_pm_post_always,1.0000,3,cf_x06_le_x07,A1,2,0.9919
task003_nosolution,sim1_pm_post_always,1.0000,3,cf_x06_ge_x07,A2,1,0.9966
task003_nosolution,sim1_pm_post_always,0.7500,6,cf_x00_ge_2,A0,2,0.5346
task003_nosolution,sim1_pm_post_always,0.7500,6,cf_x01_le_2,A0,2,0.5130
task003_nosolution,sim1_pm_post_always,0.7500,6,cf_x05_le_2,A2,1,0.3740
task003_nosolution,sim1_pm_post_always,0.7500,6,cf_x08_le_2,A1/A2,1,0.6053
task003_nosolution,sim1_pm_post_always,0.7500,6,cf_x00_ge_x02,A0,1,0.1370
task003_nosolution,sim1_pm_post_always,0.7500,6,cf_x00_ge_x03,A0/A1,2,0.5934
task003_nosolution,sim1_pm_post_always,0.7500,6,cf_x01_ge_x02,A2,2,0.6617
task003_nosolution,sim1_pm_post_always,0.7500,6,cf_x02_le_x04,A2,2,0.5625
task003_nosolution,sim1_pm_post_always,0.7500,6,cf_x02_le_x05,A0,1,0.0757
task003_nosolution,sim1_pm_post_always,0.7500,6,cf_x02_eq_x05,A1/A2,2,0.6736
task003_nosolution,sim1_pm_post_always,0.7500,6,cf_x03_le_x04,A1/A2,1,0.1457
task003_nosolution,sim1_pm_post_always,0.7500,6,cf_x03_eq_x04,A1/A2,2,0.6042
task003_nosolution,sim1_pm_post_always,0.7500,6,cf_x03_ge_x05,A2,2,0.6663
task003_nosolution,sim1_pm_post_always,0.7500,6,cf_x06_le_x07,A1,2,0.6074
task003_nosolution,sim1_pm_post_always,0.7500,6,cf_x06_ge_x07,A2,1,0.6129
task003_nosolution,sim1_pm_post_always,1.0000,6,cf_x00_ge_2,A0,2,0.9997
task003_nosolution,sim1_pm_post_always,1.0000,6,cf_x01_le_2,A0,2,0.9999
task003_nosolution,sim1_pm_post_always,1.0000,6,cf_x05_le_2,A2,1,0.5893
task003_nosolution,sim1_pm_post_always,1.0000,6,cf_x08_le_2,A1/A2,1,0.9998
task003_nosolution,sim1_pm_post_always,1.0000,6,cf_x00_ge_x02,A0,1,0.3925
task003_nosolution,sim1_pm_post_always,1.0000,6,cf_x00_ge_x03,A0/A1,2,1.0000
task003_nosolution,sim1_pm_post_always,1.0000,6,cf_x01_ge_x02,A2,2,1.0000
task003_nosolution,sim1_pm_post_always,1.0000,6,cf_x02_le_x04,A2,2,0.7584
task003_nosolution,sim1_pm_post_always,1.0000,6,cf_x02_le_x05,A0,1,0.3272
task003_nosolution,sim1_pm_post_always,1.0000,6,cf_x02_eq_x05,A1/A2,2,0.9988
task003_nosolution,sim1_pm_post_always,1.0000,6,cf_x03_le_x04,A1/A2,1,0.4062
task003_nosolution,sim1_pm_post_always,1.0000,6,cf_x03_eq_x04,A1/A2,2,0.9994
task003_nosolution,sim1_pm_post_always,1.0000,6,cf_x03_ge_x05,A2,2,0.8551
task003_nosolution,sim1_pm_post_always,1.0000,6,cf_x06_le_x07,A1,2,0.9991
task003_nosolution,sim1_pm_post_always,1.0000,6,cf_x06_ge_x07,A2,1,1.0000
task003_nosolution,sim1_uniform_post,0.7500,12,cf_x00_ge_2,A0,2,0.5058
task003_nosolution,sim1_uniform_post,0.7500,12,cf_x01_le_2,A0,2,0.5359
task003_nosolution,sim1_uniform_post,0.7500,12,cf_x05_le_2,A2,1,0.3487
task003_nosolution,sim1_uniform_post,0.7500,12,cf_x08_le_2,A1/A2,1,0.3288
task003_nosolution,sim1_uniform_post,0.7500,12,cf_x00_ge_x02,A0,1,0.3339
task003_nosolution,sim1_uniform_post,0.7500,12,cf_x00_ge_x03,A0/A1,2,0.5238
task003_nosolution,sim1_uniform_post,0.7500,12,cf_x01_ge_x02,A2,2,0.5513
task003_nosolution,sim1_uniform_post,0.7500,12,cf_x02_le_x04,A2,2,0.5300
task003_nosolution,sim1_uniform_post,0.7500,12,cf_x02_le_x05,A0,1,0.3175
task003_nosolution,sim1_uniform_post,0.7500,12,cf_x02_eq_x05,A1/A2,2,0.5367
task003_nosolution,sim1_uniform_post,0.7500,12,cf_x03_le_x04,A1/A2,1,0.3345
task003_nosolution,sim1_uniform_post,0.7500,12,cf_x03_eq_x04,A1/A2,2,0.5130
task003_nosolution,sim1_uniform_post,0.7500,12,cf_x03_ge_x05,A2,2,0.5150
task003_nosolution,sim1_uniform_post,0.7500,12,cf_x06_le_x07,A1,2,0.5145
task003_nosolution,sim1_uniform_post,0.7500,12,cf_x06_ge_x07,A2,1,0.3281
task003_nosolution,sim1_uniform_post,1.0000,12,cf_x00_ge_2,A0,2,0.9932
task003_nosolution,sim1_uniform_post,1.0000,12,cf_x01_le_2,A0,2,0.9920
task003_nosolution,sim1_uniform_post,1.0000,12,cf_x05_le_2,A2,1,0.9116
task003_nosolution,sim1_uniform_post,1.0000,12,cf_x08_le_2,A1/A2,1,0.9131
task003_nosolution,sim1_uniform_post,1.0000,12,cf_x00_ge_x02,A0,1,0.9200
task003_nosolution,sim1_uniform_post,1.0000,12,cf_x00_ge_x03,A0/A1,2,0.9875
task003_nosolution,sim1_uniform_post,1.0000,12,cf_x01_ge_x02,A2,2,0.9950
task003_nosolution,sim1_uniform_post,1.0000,12,cf_x02_le_x04,A2,2,0.9925
task003_nosolution,sim1_uniform_post,1.0000,12,cf_x02_le_x05,A0,1,0.9236
task003_nosolution,sim1_uniform_post,1.0000,12,cf_x02_eq_x05,A1/A2,2,0.9950
task003_nosolution,sim1_uniform_post,1.0000,12,cf_x03_le_x04,A1/A2,1,0.9124
task003_nosolution,sim1_uniform_post,1.0000,12,cf_x03_eq_x04,A1/A2,2,0.9885
task003_nosolution,sim1_uniform_post,1.0000,12,cf_x03_ge_x05,A2,2,0.9928
task003_nosolution,sim1_uniform_post,1.0000,12,cf_x06_le_x07,A1,2,0.9927
task003_nosolution,sim1_uniform_post,1.0000,12,cf_x06_ge_x07,A2,1,0.9000
task003_nosolution,sim1_uniform_post,0.7500,3,cf_x00_ge_2,A0,2,0.3058
task003_nosolution,sim1_uniform_post,0.7500,3,cf_x01_le_2,A0,2,0.3352
task003_nosolution,sim1_uniform_post,0.7500,3,cf_x05_le_2,A2,1,0.2031
task003_nosolution,sim1_uniform_post,0.7500,3,cf_x08_le_2,A1/A2,1,0.1822
task003_nosolution,sim1_uniform_post,0.7500,3,cf_x00_ge_x02,A0,1,0.2010
task003_nosolution,sim1_uniform_post,0.7500,3,cf_x00_ge_x03,A0/A1,2,0.3531
task003_nosolution,sim1_uniform_post,0.7500,3,cf_x01_ge_x02,A2,2,0.3326
task003_nosolution,sim1_uniform_post,0.7500,3,cf_x02_le_x04,A2,2,0.3166
task003_nosolution,sim1_uniform_post,0.7500,3,cf_x02_le_x05,A0,1,0.1919
task003_nosolution,sim1_uniform_post,0.7500,3,cf_x02_eq_x05,A1/A2,2,0.3441
task003_nosolution,sim1_uniform_post,0.7500,3,cf_x03_le_x04,A1/A2,1,0.1969
task003_nosolution,sim1_uniform_post,0.7500,3,cf_x03_eq_x04,A1/A2,2,0.3515
task003_nosolution,sim1_uniform_post,0.7500,3,cf_x03_ge_x05,A2,2,0.3223
task003_nosolution,sim1_uniform_post,0.7500,3,cf_x06_le_x07,A1,2,0.3116
task003_nosolution,sim1_uniform_post,0.7500,3,cf_x06_ge_x07,A2,1,0.1906
task003_nosolution,sim1_uniform_post,1.0000,3,cf_x00_ge_2,A0,2,0.9663
task003_nosolution,sim1_uniform_post,1.0000,3,cf_x01_le_2,A0,2,0.9637
task003_nosolution,sim1_uniform_post,1.0000,3,cf_x05_le_2,A2,1,0.8172
task003_nosolution,sim1_uniform_post,1.0000,3,cf_x08_le_2,A1/A2,1,0.8281
task003_nosolution,sim1_uniform_post,1.0000,3,cf_x00_ge_x02,A0,1,0.8319
task003_nosolution,sim1_uniform_post,1.0000,3,cf_x00_ge_x03,A0/A1,2,0.9723
task003_nosolution,sim1_uniform_post,1.0000,3,cf_x01_ge_x02,A2,2,0.9621
task003_nosolution,sim1_uniform_post,1.0000,3,cf_x02_le_x04,A2,2,0.9740
task003_nosolution,sim1_uniform_post,1.0000,3,cf_x02_le_x05,A0,1,0.8406
task003_nosolution,sim1_uniform_post,1.0000,3,cf_x02_eq_x05,A1/A2,2,0.9750
task003_nosolution,sim1_uniform_post,1.0000,3,cf_x03_le_x04,A1/A2,1,0.8137
task003_nosolution,sim1_uniform_post,1.0000,3,cf_x03_eq_x04,A1/A2,2,0.9705
task003_nosolution,sim1_uniform_post,1.0000,3,cf_x03_ge_x05,A2,2,0.9653
task003_nosolution,sim1_uniform_post,1.0000,3,cf_x06_le_x07,A1,2,0.9668
task003_nosolution,sim1_uniform_post,1.0000,3,cf_x06_ge_x07,A2,1,0.8148
task003_nosolution,sim1_uniform_post,0.7500,6,cf_x00_ge_2,A0,2,0.4370
task003_nosolution,sim1_uniform_post,0.7500,6,cf_x01_le_2,A0,2,0.4363
task003_nosolution,sim1_uniform_post,0.7500,6,cf_x05_le_2,A2,1,0.2649
task003_nosolution,sim1_uniform_post,0.7500,6,cf_x08_le_2,A1/A2,1,0.2825
task003_nosolution,sim1_uniform_post,0.7500,6,cf_x00_ge_x02,A0,1,0.2835
task003_nosolution,sim1_uniform_post,0.7500,6,cf_x00_ge_x03,A0/A1,2,0.4322
task003_nosolution,sim1_uniform_post,0.7500,6,cf_x01_ge_x02,A2,2,0.4385
task003_nosolution,sim1_uniform_post,0.7500,6,cf_x02_le_x04,A2,2,0.4367
task003_nosolution,sim1_uniform_post,0.7500,6,cf_x02_le_x05,A0,1,0.2746
task003_nosolution,sim1_uniform_post,0.7500,6,cf_x02_eq_x05,A1/A2,2,0.4587
task003_nosolution,sim1_uniform_post,0.7500,6,cf_x03_le_x04,A1/A2,1,0.2721
task003_nosolution,sim1_uniform_post,0.7500,6,cf_x03_eq_x04,A1/A2,2,0.4399
task003_nosolution,sim1_uniform_post,0.7500,6,cf_x03_ge_x05,A2,2,0.4430
task003_nosolution,sim1_uniform_post,0.7500,6,cf_x06_le_x07,A1,2,0.4284
task003_nosolution,sim1_uniform_post,0.7500,6,cf_x06_ge_x07,A2,1,0.2755
task003_nosolution,sim1_uniform_post,1.0000,6,cf_x00_ge_2,A0,2,0.9850
task003_nosolution,sim1_uniform_post,1.0000,6,cf_x01_le_2,A0,2,0.9829
task003_nosolution,sim1_uniform_post,1.0000,6,cf_x05_le_2,A2,1,0.8710
task003_nosolution,sim1_uniform_post,1.0000,6,cf_x08_le_2,A1/A2,1,0.8793
task003_nosolution,sim1_uniform_post,1.0000,6,cf_x00_ge_x02,A0,1,0.8796
task003_nosolution,sim1_uniform_post,1.0000,6,cf_x00_ge_x03,A0/A1,2,0.9832
task003_nosolution,sim1_uniform_post,1.0000,6,cf_x01_ge_x02,A2,2,0.9865
task003_nosolution,sim1_uniform_post,1.0000,6,cf_x02_le_x04,A2,2,0.9849
task003_nosolution,sim1_uniform_post,1.0000,6,cf_x02_le_x05,A0,1,0.8856
task003_nosolution,sim1_uniform_post,1.0000,6,cf_x02_eq_x05,A1/A2,2,0.9879
task003_nosolution,sim1_uniform_post,1.0000,6,cf_x03_le_x04,A1/A2,1,0.8824
task003_nosolution,sim1_uniform_post,1.0000,6,cf_x03_eq_x04,A1/A2,2,0.9849
task003_nosolution,sim1_uniform_post,1.0000,6,cf_x03_ge_x05,A2,2,0.9887
task003_nosolution,sim1_uniform_post,1.0000,6,cf_x06_le_x07,A1,2,0.9852
task003_nosolution,sim1_uniform_post,1.0000,6,cf_x06_ge_x07,A2,1,0.8759
task003_symmetric,sim1_base,0.7500,12,cf_x02_le_2,A0/A2,1,0.2948
task003_symmetric,sim1_base,0.7500,12,cf_x03_eq_2,A0/A2,1,0.2372
task003_symmetric,sim1_base,0.7500,12,cf_x03_le_2,A1,2,0.0188
task003_symmetric,sim1_base,0.7500,12,cf_x06_le_2,A0/A1,1,0.3246
task003_symmetric,sim1_base,0.7500,12,cf_x08_eq_2,A1/A2,1,0.1222
task003_symmetric,sim1_base,0.7500,12,cf_x00_ge_x03,A0/A1,1,0.3130
task003_symmetric,sim1_base,0.7500,12,cf_x00_ge_x04,A0,2,0.8786
task003_symmetric,sim1_base,0.7500,12,cf_x01_le_x04,A0/A2,1,0.4811
task003_symmetric,sim1_base,0.7500,12,cf_x01_le_x05,A0,1,0.3708
task003_symmetric,sim1_base,0.7500,12,cf_x01_eq_x05,A1,2,0.5135
task003_symmetric,sim1_base,0.7500,12,cf_x02_le_x03,A0/A2,1,0.5942
task003_symmetric,sim1_base,0.7500,12,cf_x02_le_x04,A2,2,0.3945
task003_symmetric,sim1_base,0.7500,12,cf_x02_ge_x05,A1/A2,1,0.1851
task003_symmetric,sim1_base,0.7500,12,cf_x03_ge_x05,A2,1,0.4223
task003_symmetric,sim1_base,0.7500,12,cf_x06_le_x07,A1,1,0.2761
task003_symmetric,sim1_base,0.7500,12,cf_x06_ge_x07,A2,2,0.5882
task003_symmetric,sim1_base,0.7500,12,cf_x06_le_x08,A0,2,0.6272
task003_symmetric,sim1_base,0.7500,12,cf_x07_le_x08,A0,1,0.3892
task003_symmetric,sim1_base,1.0000,12,cf_x02_le_2,A0/A2,1,0.4430
task003_symmetric,sim1_base,1.0000,12,cf_x03_eq_2,A0/A2,1,0.4776
task003_symmetric,sim1_base,1.0000,12,cf_x03_le_2,A1,2,0.2867
task003_symmetric,sim1_base,1.0000,12,cf_x06_le_2,A0/A1,1,0.4487
task003_symmetric,sim1_base,1.0000,12,cf_x08_eq_2,A1/A2,1,0.3398
task003_symmetric,sim1_base,1.0000,12,cf_x00_ge_x03,A0/A1,1,0.4678
task003_symmetric,sim1_base,1.0000,12,cf_x00_ge_x04,A0,2,0.9358
task003_symmetric,sim1_base,1.0000,12,cf_x01_le_x04,A0/A2,1,0.5451
task003_symmetric,sim1_base,1.0000,12,cf_x01_le_x05,A0,1,0.4268
task003_symmetric,sim1_base,1.0000,12,cf_x01_eq_x05,A1,2,0.6079
task003_symmetric,sim1_base,1.0000,12,cf_x02_le_x03,A0/A2,1,0.6131
task003_symmetric,sim1_base,1.0000,12,cf_x02_le_x04,A2,2,0.6807
task003_symmetric,sim1_base,1.0000,12,cf_x02_ge_x05,A1/A2,1,0.3790
task003_symmetric,sim1_base,1.0000,12,cf_x03_ge_x05,A2,1,0.5359
task003_symmetric,sim1_base,1.0000,12,cf_x06_le_x07,A1,1,0.4225
task003_symmetric,sim1_base,1.0000,12,cf_x06_ge_x07,A2,2,0.7646
task003_symmetric,sim1_base,1.0000,12,cf_x06_le_x08,A0,2,0.7105
task003_symmetric,sim1_base,1.0000,12,cf_x07_le_x08,A0,1,0.4824
task003_symmetric,sim1_base,0.7500,3,cf_x02_le_2,A0/A2,1,0.3124
task003_symmetric,sim1_base,0.7500,3,cf_x03_eq_2,A0/A2,1,0.1944
task003_symmetric,sim1_base,0.7500,3,cf_x03_le_2,A1,2,0.0041
task003_symmetric,sim1_base,0.7500,3,cf_x06_le_2,A0/A1,1,0.3625
task003_symmetric,sim1_base,0.7500,3,cf_x08_eq_2,A1/A2,1,0.0379
task003_symmetric,sim1_base,0.7500,3,cf_x00_ge_x03,A0/A1,1,0.3258
task003_symmetric,sim1_base,0.7500,3,cf_x00_ge_x04,A0,2,0.5959
task003_symmetric,sim1_base,0.7500,3,cf_x01_le_x04,A0/A2,1,0.4014
task003_symmetric,sim1_base,0.7500,3,cf_x01_le_x05,A0,1,0.2971
task003_symmetric,sim1_base,0.7500,3,cf_x01_eq_x05,A1,2,0.2440
task003_symmetric,sim1_base,0.7500,3,cf_x02_le_x03,A0/A2,1,0.4644
task003_symmetric,sim1_base,0.7500,3,cf_x02_le_x04,A2,2,0.1802
task003_symmetric,sim1_base,0.7500,3,cf_x02_ge_x05,A1/A2,1,0.0507
task003_symmetric,sim1_base,0.7500,3,cf_x03_ge_x05,A2,1,0.1808
task003_symmetric,sim1_base,0.7500,3,cf_x06_le_x07,A1,1,0.2203
task003_symmetric,sim1_base,0.7500,3,cf_x06_ge_x07,A2,2,0.3336
task003_symmetric,sim1_base,0.7500,3,cf_x06_le_x08,A0,2,0.5038
task003_symmetric,sim1_base,0.7500,3,cf_x07_le_x08,A0,1,0.3527
task003_symmetric,sim1_base,1.0000,3,cf_x02_le_2,A0/A2,1,0.5480
task003_symmetric,sim1_base,1.0000,3,cf_x03_eq_2,A0/A2,1,0.5312
task003_symmetric,sim1_base,1.0000,3,cf_x03_le_2,A1,2,0.2713
task003_symmetric,sim1_base,1.0000,3,cf_x06_le_2,A0/A1,1,0.6124
task003_symmetric,sim1_base,1.0000,3,cf_x08_eq_2,A1/A2,1,0.2889
task003_symmetric,sim1_base,1.0000,3,cf_x00_ge_x03,A0/A1,1,0.6032
task003_symmetric,sim1_base,1.0000,3,cf_x00_ge_x04,A0,2,1.0000
task003_symmetric,sim1_base,1.0000,3,cf_x01_le_x04,A0/A2,1,0.7232
task003_symmetric,sim1_base,1.0000,3,cf_x01_le_x05,A0,1,0.5650
task003_symmetric,sim1_base,1.0000,3,cf_x01_eq_x05,A1,2,0.7208
task003_symmetric,sim1_base,1.0000,3,cf_x02_le_x03,A0/A2,1,0.7734
task003_symmetric,sim1_base,1.0000,3,cf_x02_le_x04,A2,2,0.7116
task003_symmetric,sim1_base,1.0000,3,cf_x02_ge_x05,A1/A2,1,0.3864
task003_symmetric,sim1_base,1.0000,3,cf_x03_ge_x05,A2,1,0.5853
task003_symmetric,sim1_base,1.0000,3,cf_x06_le_x07,A1,1,0.5343
task003_symmetric,sim1_base,1.0000,3,cf_x06_ge_x07,A2,2,0.8223
task003_symmetric,sim1_base,1.0000,3,cf_x06_le_x08,A0,2,0.8787
task003_symmetric,sim1_base,1.0000,3,cf_x07_le_x08,A0,1,0.5895
task003_symmetric,sim1_base,0.7500,6,cf_x02_le_2,A0/A2,1,0.3733
task003_symmetric,sim1_base,0.7500,6,cf_x03_eq_2,A0/A2,1,0.2869
task003_symmetric,sim1_base,0.7500,6,cf_x03_le_2,A1,2,0.0100
task003_symmetric,sim1_base,0.7500,6,cf_x06_le_2,A0/A1,1,0.4536
task003_symmetric,sim1_base,0.7500,6,cf_x08_eq_2,A1/A2,1,0.0653
task003_symmetric,sim1_base,0.7500,6,cf_x00_ge_x03,A0/A1,1,0.4311
task003_symmetric,sim1_base,0.7500,6,cf_x00_ge_x04,A0,2,0.8000
task003_symmetric,sim1_base,0.7500,6,cf_x01_le_x04,A0/A2,1,0.5122
task003_symmetric,sim1_base,0.7500,6,cf_x01_le_x05,A0,1,0.3592
task003_symmetric,sim1_base,0.7500,6,cf_x01_eq_x05,A1,2,0.4500
task003_symmetric,sim1_base,0.7500,6,cf_x02_le_x03,A0/A2,1,0.6282
task003_symmetric,sim1_base,0.7500,6,cf_x02_le_x04,A2,2,0.3061
task003_symmetric,sim1_base,0.7500,6,cf_x02_ge_x05,A1/A2,1,0.1540
task003_symmetric,sim1_base,0.7500,6,cf_x03_ge_x05,A2,1,0.3550
task003_symmetric,sim1_base,0.7500,6,cf_x06_le_x07,A1,1,0.3428
task003_symmetric,sim1_base,0.7500,6,cf_x06_ge_x07,A2,2,0.5038
task003_symmetric,sim1_base,0.7500,6,cf_x06_le_x08,A0,2,0.6006
task003_symmetric,sim1_base,0.7500,6,cf_x07_le_x08,A0,1,0.4303
task003_symmetric,sim1_base,1.0000,6,cf_x02_le_2,A0/A2,1,0.5062
task003_symmetric,sim1_base,1.0000,6,cf_x03_eq_2,A0/A2,1,0.5293
task003_symmetric,sim1_base,1.0000,6,cf_x03_le_2,A1,2,0.2811
task003_symmetric,sim1_base,1.0000,6,cf_x06_le_2,A0/A1,1,0.5379
task003_symmetric,sim1_base,1.0000,6,cf_x08_eq_2,A1/A2,1,0.3181
task003_symmetric,sim1_base,1.0000,6,cf_x00_ge_x03,A0/A1,1,0.5535
task003_symmetric,sim1_base,1.0000,6,cf_x00_ge_x04,A0,2,0.9726
task003_symmetric,sim1_base,1.0000,6,cf_x01_le_x04,A0/A2,1,0.6341
task003_symmetric,sim1_base,1.0000,6,cf_x01_le_x05,A0,1,0.5000
task003_symmetric,sim1_base,1.0000,6,cf_x01_eq_x05,A1,2,0.6656
task003_symmetric,sim1_base,1.0000,6,cf_x02_le_x03,A0/A2,1,0.6937
task003_symmetric,sim1_base,1.0000,6,cf_x02_le_x04,A2,2,0.7033
task003_symmetric,sim1_base,1.0000,6,cf_x02_ge_x05,A1/A2,1,0.3909
task003_symmetric,sim1_base,1.0000,6,cf_x03_ge_x05,A2,1,0.5614
task003_symmetric,sim1_base,1.0000,6,cf_x06_le_x07,A1,1,0.4843
task003_symmetric,sim1_base,1.0000,6,cf_x06_ge_x07,A2,2,0.7877
task003_symmetric,sim1_base,1.0000,6,cf_x06_le_x08,A0,2,0.8148
task003_symmetric,sim1_base,1.0000,6,cf_x07_le_x08,A0,1,0.5434
task003_symmetric,sim1_pm,0.7500,12,cf_x02_le_2,A0/A2,1,0.2773
task003_symmetric,sim1_pm,0.7500,12,cf_x03_eq_2,A0/A2,1,0.2405
task003_symmetric,sim1_pm,0.7500,12,cf_x03_le_2,A1,2,0.0308
task003_symmetric,sim1_pm,0.7500,12,cf_x06_le_2,A0/A1,1,0.3039
task003_symmetric,sim1_pm,0.7500,12,cf_x08_eq_2,A1/A2,1,0.1449
task003_symmetric,sim1_pm,0.7500,12,cf_x00_ge_x03,A0/A1,1,0.2858
task003_symmetric,sim1_pm,0.7500,12,cf_x00_ge_x04,A0,2,0.9228
task003_symmetric,sim1_pm,0.7500,12,cf_x01_le_x04,A0/A2,1,0.4829
task003_symmetric,sim1_pm,0.7500,12,cf_x01_le_x05,A0,1,0.3167
task003_symmetric,sim1_pm,0.7500,12,cf_x01_eq_x05,A1,2,0.6272
task003_symmetric,sim1_pm,0.7500,12,cf_x02_le_x03,A0/A2,1,0.5672
task003_symmetric,sim1_pm,0.7500,12,cf_x02_le_x04,A2,2,0.5213
task003_symmetric,sim1_pm,0.7500,12,cf_x02_ge_x05,A1/A2,1,0.2335
task003_symmetric,sim1_pm,0.7500,12,cf_x03_ge_x05,A2,1,0.4331
task003_symmetric,sim1_pm,0.7500,12,cf_x06_le_x07,A1,1,0.2982
task003_symmetric,sim1_pm,0.7500,12,cf_x06_ge_x07,A2,2,0.6380
task003_symmetric,sim1_pm,0.7500,12,cf_x06_le_x08,A0,2,0.6553
task003_symmetric,sim1_pm,0.7500,12,cf_x07_le_x08,A0,1,0.3688
task003_symmetric,sim1_pm,1.0000,12,cf_x02_le_2,A0/A2,1,0.4365
task003_symmetric,sim1_pm,1.0000,12,cf_x03_eq_2,A0/A2,1,0.4898
task003_symmetric,sim1_pm,1.0000,12,cf_x03_le_2,A1,2,0.3537
task003_symmetric,sim1_pm,1.0000,12,cf_x06_le_2,A0/A1,1,0.4562
task003_symmetric,sim1_pm,1.0000,12,cf_x08_eq_2,A1/A2,1,0.3733
task003_symmetric,sim1_pm,1.0000,12,cf_x00_ge_x03,A0/A1,1,0.4770
task003_symmetric,sim1_pm,1.0000,12,cf_x00_ge_x04,A0,2,1.0000
task003_symmetric,sim1_pm,1.0000,12,cf_x01_le_x04,A0/A2,1,0.5777
task003_symmetric,sim1_pm,1.0000,12,cf_x01_le_x05,A0,1,0.4514
task003_symmetric,sim1_pm,1.0000,12,cf_x01_eq_x05,A1,2,0.7085
task003_symmetric,sim1_pm,1.0000,12,cf_x02_le_x03,A0/A2,1,0.6174
task003_symmetric,sim1_pm,1.0000,12,cf_x02_le_x04,A2,2,0.7255
task003_symmetric,sim1_pm,1.0000,12,cf_x02_ge_x05,A1/A2,1,0.4260
task003_symmetric,sim1_pm,1.0000,12,cf_x03_ge_x05,A2,1,0.5433
task003_symmetric,sim1_pm,1.0000,12,cf_x06_le_x07,A1,1,0.4706
task003_symmetric,sim1_pm,1.0000,12,cf_x06_ge_x07,A2,2,0.7733
task003_symmetric,sim1_pm,1.0000,12,cf_x06_le_x08,A0,2,0.7587
task003_symmetric,sim1_pm,1.0000,12,cf_x07_le_x08,A0,1,0.4909
task003_symmetric,sim1_pm,0.7500,3,cf_x02_le_2,A0/A2,1,0.3082
task003_symmetric,sim1_pm,0.7500,3,cf_x03_eq_2,A0/A2,1,0.2583
task003_symmetric,sim1_pm,0.7500,3,cf_x03_le_2,A1,2,0.0543
task003_symmetric,sim1_pm,0.7500,3,cf_x06_le_2,A0/A1,1,0.2994
task003_symmetric,sim1_pm,0.7500,3,cf_x08_eq_2,A1/A2,1,0.1594
task003_symmetric,sim1_pm,0.7500,3,cf_x00_ge_x03,A0/A1,1,0.2821
task003_symmetric,sim1_pm,0.7500,3,cf_x00_ge_x04,A0,2,0.4595
task003_symmetric,sim1_pm,0.7500,3,cf_x01_le_x04,A0/A2,1,0.3483
task003_symmetric,sim1_pm,0.7500,3,cf_x01_le_x05,A0,1,0.1634
task003_symmetric,sim1_pm,0.7500,3,cf_x01_eq_x05,A1,2,0.3281
task003_symmetric,sim1_pm,0.7500,3,cf_x02_le_x03,A0/A2,1,0.4507
task003_symmetric,sim1_pm,0.7500,3,cf_x02_le_x04,A2,2,0.3078
task003_symmetric,sim1_pm,0.7500,3,cf_x02_ge_x05,A1/A2,1,0.1870
task003_symmetric,sim1_pm,0.7500,3,cf_x03_ge_x05,A2,1,0.2248
task003_symmetric,sim1_pm,0.7500,3,cf_x06_le_x07,A1,1,0.3176
task003_symmetric,sim1_pm,0.7500,3,cf_x06_ge_x07,A2,2,0.4451
task003_symmetric,sim1_pm,0.7500,3,cf_x06_le_x08,A0,2,0.3841
task003_symmetric,sim1_pm,0.7500,3,cf_x07_le_x08,A0,1,0.2321
task003_symmetric,sim1_pm,1.0000,3,cf_x02_le_2,A0/A2,1,0.5373
task003_symmetric,sim1_pm,1.0000,3,cf_x03_eq_2,A0/A2,1,0.5872
task003_symmetric,sim1_pm,1.0000,3,cf_x03_le_2,A1,2,0.3680
task003_symmetric,sim1_pm,1.0000,3,cf_x06_le_2,A0/A1,1,0.5489
task003_symmetric,sim1_pm,1.0000,3,cf_x08_eq_2,A1/A2,1,0.4668
task003_symmetric,sim1_pm,1.0000,3,cf_x00_ge_x03,A0/A1,1,0.5729
task003_symmetric,sim1_pm,1.0000,3,cf_x00_ge_x04,A0,2,1.0000
task003_symmetric,sim1_pm,1.0000,3,cf_x01_le_x04,A0/A2,1,0.6846
task003_symmetric,sim1_pm,1.0000,3,cf_x01_le_x05,A0,1,0.5114
task003_symmetric,sim1_pm,1.0000,3,cf_x01_eq_x05,A1,2,0.8000
task003_symmetric,sim1_pm,1.0000,3,cf_x02_le_x03,A0/A2,1,0.7397
task003_symmetric,sim1_pm,1.0000,3,cf_x02_le_x04,A2,2,0.8098
task003_symmetric,sim1_pm,1.0000,3,cf_x02_ge_x05,A1/A2,1,0.5180
task003_symmetric,sim1_pm,1.0000,3,cf_x03_ge_x05,A2,1,0.6036
task003_symmetric,sim1_pm,1.0000,3,cf_x06_le_x07,A1,1,0.5731
task003_symmetric,sim1_pm,1.0000,3,cf_x06_ge_x07,A2,2,0.8685
task003_symmetric,sim1_pm,1.0000,3,cf_x06_le_x08,A0,2,0.8487
task003_symmetric,sim1_pm,1.0000,3,cf_x07_le_x08,A0,1,0.5495
task003_symmetric,sim1_pm,0.7500,6,cf_x02_le_2,A0/A2,1,0.3339
task003_symmetric,sim1_pm,0.7500,6,cf_x03_eq_2,A0/A2,1,0.3592
task003_symmetric,sim1_pm,0.7500,6,cf_x03_le_2,A1,2,0.0506
task003_symmetric,sim1_pm,0.7500,6,cf_x06_le_2,A0/A1,1,0.3692
task003_symmetric,sim1_pm,0.7500,6,cf_x08_eq_2,A1/A2,1,0.1917
task003_symmetric,sim1_pm,0.7500,6,cf_x00_ge_x03,A0/A1,1,0.3762
task003_symmetric,sim1_pm,0.7500,6,cf_x00_ge_x04,A0,2,0.7725
task003_symmetric,sim1_pm,0.7500,6,cf_x01_le_x04,A0/A2,1,0.4807
task003_symmetric,sim1_pm,0.7500,6,cf_x01_le_x05,A0,1,0.2497
task003_symmetric,sim1_pm,0.7500,6,cf_x01_eq_x05,A1,2,0.5606
task003_symmetric,sim1_pm,0.7500,6,cf_x02_le_x03,A0/A2,1,0.5663
task003_symmetric,sim1_pm,0.7500,6,cf_x02_le_x04,A2,2,0.4831
task003_symmetric,sim1_pm,0.7500,6,cf_x02_ge_x05,A1/A2,1,0.2680
task003_symmetric,sim1_pm,0.7500,6,cf_x03_ge_x05,A2,1,0.3889
task003_symmetric,sim1_pm,0.7500,6,cf_x06_le_x07,A1,1,0.3915
task003_symmetric,sim1_pm,0.7500,6,cf_x06_ge_x07,A2,2,0.6298
task003_symmetric,sim1_pm,0.7500,6,cf_x06_le_x08,A0,2,0.5727
task003_symmetric,sim1_pm,0.7500,6,cf_x07_le_x08,A0,1,0.3444
task003_symmetric,sim1_pm,1.0000,6,cf_x02_le_2,A0/A2,1,0.4867
task003_symmetric,sim1_pm,1.0000,6,cf_x03_eq_2,A0/A2,1,0.5384
task003_symmetric,sim1_pm,1.0000,6,cf_x03_le_2,A1,2,0.3603
task003_symmetric,sim1_pm,1.0000,6,cf_x06_le_2,A0/A1,1,0.5133
task003_symmetric,sim1_pm,1.0000,6,cf_x08_eq_2,A1/A2,1,0.4002
task003_symmetric,sim1_pm,1.0000,6,cf_x00_ge_x03,A0/A1,1,0.5309
task003_symmetric,sim1_pm,1.0000,6,cf_x00_ge_x04,A0,2,1.0000
task003_symmetric,sim1_pm,1.0000,6,cf_x01_le_x04,A0/A2,1,0.6530
task003_symmetric,sim1_pm,1.0000,6,cf_x01_le_x05,A0,1,0.4682
task003_symmetric,sim1_pm,1.0000,6,cf_x01_eq_x05,A1,2,0.7782
task003_symmetric,sim1_pm,1.0000,6,cf_x02_le_x03,A0/A2,1,0.7023
task003_symmetric,sim1_pm,1.0000,6,cf_x02_le_x04,A2,2,0.7680
task003_symmetric,sim1_pm,1.0000,6,cf_x02_ge_x05,A1/A2,1,0.4558
task003_symmetric,sim1_pm,1.0000,6,cf_x03_ge_x05,A2,1,0.5806
task003_symmetric,sim1_pm,1.0000,6,cf_x06_le_x07,A1,1,0.5438
task003_symmetric,sim1_pm,1.0000,6,cf_x06_ge_x07,A2,2,0.8334
task003_symmetric,sim1_pm,1.0000,6,cf_x06_le_x08,A0,2,0.8197
task003_symmetric,sim1_pm,1.0000,6,cf_x07_le_x08,A0,1,0.5430
task003_symmetric,sim1_pm_post_always,0.7500,12,cf_x02_le_2,A0/A2,1,0.2717
task003_symmetric,sim1_pm_post_always,0.7500,12,cf_x03_eq_2,A0/A2,1,0.2480
task003_symmetric,sim1_pm_post_always,0.7500,12,cf_x03_le_2,A1,2,0.0295
task003_symmetric,sim1_pm_post_always,0.7500,12,cf_x06_le_2,A0/A1,1,0.2947
task003_symmetric,sim1_pm_post_always,0.7500,12,cf_x08_eq_2,A1/A2,1,0.1405
task003_symmetric,sim1_pm_post_always,0.7500,12,cf_x00_ge_x03,A0/A1,1,0.2949
task003_symmetric,sim1_pm_post_always,0.7500,12,cf_x00_ge_x04,A0,2,0.9256
task003_symmetric,sim1_pm_post_always,0.7500,12,cf_x01_le_x04,A0/A2,1,0.4778
task003_symmetric,sim1_pm_post_always,0.7500,12,cf_x01_le_x05,A0,1,0.2975
task003_symmetric,sim1_pm_post_always,0.7500,12,cf_x01_eq_x05,A1,2,0.6459
task003_symmetric,sim1_pm_post_always,0.7500,12,cf_x02_le_x03,A0/A2,1,0.5625
task003_symmetric,sim1_pm_post_always,0.7500,12,cf_x02_le_x04,A2,2,0.5149
task003_symmetric,sim1_pm_post_always,0.7500,12,cf_x02_ge_x05,A1/A2,1,0.2343
task003_symmetric,sim1_pm_post_always,0.7500,12,cf_x03_ge_x05,A2,1,0.4245
task003_symmetric,sim1_pm_post_always,0.7500,12,cf_x06_le_x07,A1,1,0.2902
task003_symmetric,sim1_pm_post_always,0.7500,12,cf_x06_ge_x07,A2,2,0.6466
task003_symmetric,sim1_pm_post_always,0.7500,12,cf_x06_le_x08,A0,2,0.6620
task003_symmetric,sim1_pm_post_always,0.7500,12,cf_x07_le_x08,A0,1,0.3651
task003_symmetric,sim1_pm_post_always,1.0000,12,cf_x02_le_2,A0/A2,1,0.4342
task003_symmetric,sim1_pm_post_always,1.0000,12,cf_x03_eq_2,A0/A2,1,0.4846
task003_symmetric,sim1_pm_post_always,1.0000,12,cf_x03_le_2,A1,2,0.3572
task003_symmetric,sim1_pm_post_always,1.0000,12,cf_x06_le_2,A0/A1,1,0.4448
task003_symmetric,sim1_pm_post_always,1.0000,12,cf_x08_eq_2,A1/A2,1,0.3735
task003_symmetric,sim1_pm_post_always,1.0000,12,cf_x00_ge_x03,A0/A1,1,0.4850
task003_symmetric,sim1_pm_post_always,1.0000,12,cf_x00_ge_x04,A0,2,1.0000
task003_symmetric,sim1_pm_post_always,1.0000,12,cf_x01_le_x04,A0/A2,1,0.5631
task003_symmetric,sim1_pm_post_always,1.0000,12,cf_x01_le_x05,A0,1,0.4244
task003_symmetric,sim1_pm_post_always,1.0000,12,cf_x01_eq_x05,A1,2,0.7259
task003_symmetric,sim1_pm_post_always,1.0000,12,cf_x02_le_x03,A0/A2,1,0.6171
task003_symmetric,sim1_pm_post_always,1.0000,12,cf_x02_le_x04,A2,2,0.7404
task003_symmetric,sim1_pm_post_always,1.0000,12,cf_x02_ge_x05,A1/A2,1,0.4277
task003_symmetric,sim1_pm_post_always,1.0000,12,cf_x03_ge_x05,A2,1,0.5474
task003_symmetric,sim1_pm_post_always,1.0000,12,cf_x06_le_x07,A1,1,0.4599
task003_symmetric,sim1_pm_post_always,1.0000,12,cf_x06_ge_x07,A2,2,0.7805
task003_symmetric,sim1_pm_post_always,1.0000,12,cf_x06_le_x08,A0,2,0.7572
task003_symmetric,sim1_pm_post_always,1.0000,12,cf_x07_le_x08,A0,1,0.4914
task003_symmetric,sim1_pm_post_always,0.7500,3,cf_x02_le_2,A0/A2,1,0.3109
task003_symmetric,sim1_pm_post_always,0.7500,3,cf_x03_eq_2,A0/A2,1,0.2390
task003_symmetric,sim1_pm_post_always,0.7500,3,cf_x03_le_2,A1,2,0.0602
task003_symmetric,sim1_pm_post_always,0.7500,3,cf_x06_le_2,A0/A1,1,0.3053
task003_symmetric,sim1_pm_post_always,0.7500,3,cf_x08_eq_2,A1/A2,1,0.1666
task003_symmetric,sim1_pm_post_always,0.7500,3,cf_x00_ge_x03,A0/A1,1,0.2788
task003_symmetric,sim1_pm_post_always,0.7500,3,cf_x00_ge_x04,A0,2,0.4589
task003_symmetric,sim1_pm_post_always,0.7500,3,cf_x01_le_x04,A0/A2,1,0.3206
task003_symmetric,sim1_pm_post_always,0.7500,3,cf_x01_le_x05,A0,1,0.1679
task003_symmetric,sim1_pm_post_always,0.7500,3,cf_x01_eq_x05,A1,2,0.3471
task003_symmetric,sim1_pm_post_always,0.7500,3,cf_x02_le_x03,A0/A2,1,0.4545
task003_symmetric,sim1_pm_post_always,0.7500,3,cf_x02_le_x04,A2,2,0.3226
task003_symmetric,sim1_pm_post_always,0.7500,3,cf_x02_ge_x05,A1/A2,1,0.1977
task003_symmetric,sim1_pm_post_always,0.7500,3,cf_x03_ge_x05,A2,1,0.2369
task003_symmetric,sim1_pm_post_always,0.7500,3,cf_x06_le_x07,A1,1,0.3023
task003_symmetric,sim1_pm_post_always,0.7500,3,cf_x06_ge_x07,A2,2,0.4663
task003_symmetric,sim1_pm_post_always,0.7500,3,cf_x06_le_x08,A0,2,0.3688
task003_symmetric,sim1_pm_post_always,0.7500,3,cf_x07_le_x08,A0,1,0.2263
task003_symmetric,sim1_pm_post_always,1.0000,3,cf_x02_le_2,A0/A2,1,0.5344
task003_symmetric,sim1_pm_post_always,1.0000,3,cf_x03_eq_2,A0/A2,1,0.5827
task003_symmetric,sim1_pm_post_always,1.0000,3,cf_x03_le_2,A1,2,0.3902
task003_symmetric,sim1_pm_post_always,1.0000,3,cf_x06_le_2,A0/A1,1,0.5427
task003_symmetric,sim1_pm_post_always,1.0000,3,cf_x08_eq_2,A1/A2,1,0.4747
task003_symmetric,sim1_pm_post_always,1.0000,3,cf_x00_ge_x03,A0/A1,1,0.5656
task003_symmetric,sim1_pm_post_always,1.0000,3,cf_x00_ge_x04,A0,2,1.0000
task003_symmetric,sim1_pm_post_always,1.0000,3,cf_x01_le_x04,A0/A2,1,0.6694
task003_symmetric,sim1_pm_post_always,1.0000,3,cf_x01_le_x05,A0,1,0.4863
task003_symmetric,sim1_pm_post_always,1.0000,3,cf_x01_eq_x05,A1,2,0.8243
task003_symmetric,sim1_pm_post_always,1.0000,3,cf_x02_le_x03,A0/A2,1,0.7431
task003_symmetric,sim1_pm_post_always,1.0000,3,cf_x02_le_x04,A2,2,0.8078
task003_symmetric,sim1_pm_post_always,1.0000,3,cf_x02_ge_x05,A1/A2,1,0.5311
task003_symmetric,sim1_pm_post_always,1.0000,3,cf_x03_ge_x05,A2,1,0.6045
task003_symmetric,sim1_pm_post_always,1.0000,3,cf_x06_le_x07,A1,1,0.5738
task003_symmetric,sim1_pm_post_always,1.0000,3,cf_x06_ge_x07,A2,2,0.8765
task003_symmetric,sim1_pm_post_always,1.0000,3,cf_x06_le_x08,A0,2,0.8436
task003_symmetric,sim1_pm_post_always,1.0000,3,cf_x07_le_x08,A0,1,0.5454
task003_symmetric,sim1_pm_post_always,0.7500,6,cf_x02_le_2,A0/A2,1,0.3336
task003_symmetric,sim1_pm_post_always,0.7500,6,cf_x03_eq_2,A0/A2,1,0.3440
task003_symmetric,sim1_pm_post_always,0.7500,6,cf_x03_le_2,A1,2,0.0597
task003_symmetric,sim1_pm_post_always,0.7500,6,cf_x06_le_2,A0/A1,1,0.3713
task003_symmetric,sim1_pm_post_always,0.7500,6,cf_x08_eq_2,A1/A2,1,0.1833
task003_symmetric,sim1_pm_post_always,0.7500,6,cf_x00_ge_x03,A0/A1,1,0.3876
task003_symmetric,sim1_pm_post_always,0.7500,6,cf_x00_ge_x04,A0,2,0.7714
task003_symmetric,sim1_pm_post_always,0.7500,6,cf_x01_le_x04,A0/A2,1,0.4823
task003_symmetric,sim1_pm_post_always,0.7500,6,cf_x01_le_x05,A0,1,0.2345
task003_symmetric,sim1_pm_post_always,0.7500,6,cf_x01_eq_x05,A1,2,0.5921
task003_symmetric,sim1_pm_post_always,0.7500,6,cf_x02_le_x03,A0/A2,1,0.5725
task003_symmetric,sim1_pm_post_always,0.7500,6,cf_x02_le_x04,A2,2,0.4898
task003_symmetric,sim1_pm_post_always,0.7500,6,cf_x02_ge_x05,A1/A2,1,0.2723
task003_symmetric,sim1_pm_post_always,0.7500,6,cf_x03_ge_x05,A2,1,0.3873
task003_symmetric,sim1_pm_post_always,0.7500,6,cf_x06_le_x07,A1,1,0.3830
task003_symmetric,sim1_pm_post_always,0.7500,6,cf_x06_ge_x07,A2,2,0.6379
task003_symmetric,sim1_pm_post_always,0.7500,6,cf_x06_le_x08,A0,2,0.5680
task003_symmetric,sim1_pm_post_always,0.7500,6,cf_x07_le_x08,A0,1,0.3278
task003_symmetric,sim1_pm_post_always,1.0000,6,cf_x02_le_2,A0/A2,1,0.4902
task003_symmetric,sim1_pm_post_always,1.0000,6,cf_x03_eq_2,A0/A2,1,0.5368
task003_symmetric,sim1_pm_post_always,1.0000,6,cf_x03_le_2,A1,2,0.3681
task003_symmetric,sim1_pm_post_always,1.0000,6,cf_x06_le_2,A0/A1,1,0.5135
task003_symmetric,sim1_pm_post_always,1.0000,6,cf_x08_eq_2,A1/A2,1,0.4042
task003_symmetric,sim1_pm_post_always,1.0000,6,cf_x00_ge_x03,A0/A1,1,0.5421
task003_symmetric,sim1_pm_post_always,1.0000,6,cf_x00_ge_x04,A0,2,1.0000
task003_symmetric,sim1_pm_post_always,1.0000,6,cf_x01_le_x04,A0/A2,1,0.6476
task003_symmetric,sim1_pm_post_always,1.0000,6,cf_x01_le_x05,A0,1,0.4475
task003_symmetric,sim1_pm_post_always,1.0000,6,cf_x01_eq_x05,A1,2,0.7928
task003_symmetric,sim1_pm_post_always,1.0000,6,cf_x02_le_x03,A0/A2,1,0.6964
task003_symmetric,sim1_pm_post_always,1.0000,6,cf_x02_le_x04,A2,2,0.7860
task003_symmetric,sim1_pm_post_always,1.0000,6,cf_x02_ge_x05,A1/A2,1,0.4682
task003_symmetric,sim1_pm_post_always,1.0000,6,cf_x03_ge_x05,A2,1,0.5784
task003_symmetric,sim1_pm_post_always,1.0000,6,cf_x06_le_x07,A1,1,0.5353
task003_symmetric,sim1_pm_post_always,1.0000,6,cf_x06_ge_x07,A2,2,0.8370
task003_symmetric,sim1_pm_post_always,1.0000,6,cf_x06_le_x08,A0,2,0.8107
task003_symmetric,sim1_pm_post_always,1.0000,6,cf_x07_le_x08,A0,1,0.5290
task003_symmetric,sim1_uniform_post,0.7500,12,cf_x02_le_2,A0/A2,1,0.3160
task003_symmetric,sim1_uniform_post,0.7500,12,cf_x03_eq_2,A0/A2,1,0.3262
task003_symmetric,sim1_uniform_post,0.7500,12,cf_x03_le_2,A1,2,0.5155
task003_symmetric,sim1_uniform_post,0.7500,12,cf_x06_le_2,A0/A1,1,0.3277
task003_symmetric,sim1_uniform_post,0.7500,12,cf_x08_eq_2,A1/A2,1,0.3034
task003_symmetric,sim1_uniform_post,0.7500,12,cf_x00_ge_x03,A0/A1,1,0.3251
task003_symmetric,sim1_uniform_post,0.7500,12,cf_x00_ge_x04,A0,2,0.4710
task003_symmetric,sim1_uniform_post,0.7500,12,cf_x01_le_x04,A0/A2,1,0.3362
task003_symmetric,sim1_uniform_post,0.7500,12,cf_x01_le_x05,A0,1,0.3378
task003_symmetric,sim1_uniform_post,0.7500,12,cf_x01_eq_x05,A1,2,0.5114
task003_symmetric,sim1_uniform_post,0.7500,12,cf_x02_le_x03,A0/A2,1,0.3259
task003_symmetric,sim1_uniform_post,0.7500,12,cf_x02_le_x04,A2,2,0.4903
task003_symmetric,sim1_uniform_post,0.7500,12,cf_x02_ge_x05,A1/A2,1,0.3256
task003_symmetric,sim1_uniform_post,0.7500,12,cf_x03_ge_x05,A2,1,0.3429
task003_symmetric,sim1_uniform_post,0.7500,12,cf_x06_le_x07,A1,1,0.3060
task003_symmetric,sim1_uniform_post,0.7500,12,cf_x06_ge_x07,A2,2,0.5168
task003_symmetric,sim1_uniform_post,0.7500,12,cf_x06_le_x08,A0,2,0.5043
task003_symmetric,sim1_uniform_post,0.7500,12,cf_x07_le_x08,A0,1,0.3053
task003_symmetric,sim1_uniform_post,1.0000,12,cf_x02_le_2,A0/A2,1,0.8948
task003_symmetric,sim1_uniform_post,1.0000,12,cf_x03_eq_2,A0/A2,1,0.8816
task003_symmetric,sim1_uniform_post,1.0000,12,cf_x03_le_2,A1,2,0.9912
task003_symmetric,sim1_uniform_post,1.0000,12,cf_x06_le_2,A0/A1,1,0.8989
task003_symmetric,sim1_uniform_post,1.0000,12,cf_x08_eq_2,A1/A2,1,0.9001
task003_symmetric,sim1_uniform_post,1.0000,12,cf_x00_ge_x03,A0/A1,1,0.8880
task003_symmetric,sim1_uniform_post,1.0000,12,cf_x00_ge_x04,A0,2,0.9833
task003_symmetric,sim1_uniform_post,1.0000,12,cf_x01_le_x04,A0/A2,1,0.8966
task003_symmetric,sim1_uniform_post,1.0000,12,cf_x01_le_x05,A0,1,0.8973
task003_symmetric,sim1_uniform_post,1.0000,12,cf_x01_eq_x05,A1,2,0.9922
task003_symmetric,sim1_uniform_post,1.0000,12,cf_x02_le_x03,A0/A2,1,0.9030
task003_symmetric,sim1_uniform_post,1.0000,12,cf_x02_le_x04,A2,2,0.9922
task003_symmetric,sim1_uniform_post,1.0000,12,cf_x02_ge_x05,A1/A2,1,0.8831
task003_symmetric,sim1_uniform_post,1.0000,12,cf_x03_ge_x05,A2,1,0.8882
task003_symmetric,sim1_uniform_post,1.0000,12,cf_x06_le_x07,A1,1,0.8898
task003_symmetric,sim1_uniform_post,1.0000,12,cf_x06_ge_x07,A2,2,0.9833
task003_symmetric,sim1_uniform_post,1.0000,12,cf_x06_le_x08,A0,2,0.9902
task003_symmetric,sim1_uniform_post,1.0000,12,cf_x07_le_x08,A0,1,0.8867
task003_symmetric,sim1_uniform_post,0.7500,3,cf_x02_le_2,A0/A2,1,0.1798
task003_symmetric,sim1_uniform_post,0.7500,3,cf_x03_eq_2,A0/A2,1,0.1878
task003_symmetric,sim1_uniform_post,0.7500,3,cf_x03_le_2,A1,2,0.2933
task003_symmetric,sim1_uniform_post,0.7500,3,cf_x06_le_2,A0/A1,1,0.2091
task003_symmetric,sim1_uniform_post,0.7500,3,cf_x08_eq_2,A1/A2,1,0.1962
task003_symmetric,sim1_uniform_post,0.7500,3,cf_x00_ge_x03,A0/A1,1,0.1847
task003_symmetric,sim1_uniform_post,0.7500,3,cf_x00_ge_x04,A0,2,0.3046
task003_symmetric,sim1_uniform_post,0.7500,3,cf_x01_le_x04,A0/A2,1,0.2107
task003_symmetric,sim1_uniform_post,0.7500,3,cf_x01_le_x05,A0,1,0.1871
task003_symmetric,sim1_uniform_post,0.7500,3,cf_x01_eq_x05,A1,2,0.3358
task003_symmetric,sim1_uniform_post,0.7500,3,cf_x02_le_x03,A0/A2,1,0.2139
task003_symmetric,sim1_uniform_post,0.7500,3,cf_x02_le_x04,A2,2,0.3073
task003_symmetric,sim1_uniform_post,0.7500,3,cf_x02_ge_x05,A1/A2,1,0.2065
task003_symmetric,sim1_uniform_post,0.7500,3,cf_x03_ge_x05,A2,1,0.1936
task003_symmetric,sim1_uniform_post,0.7500,3,cf_x06_le_x07,A1,1,0.1676
task003_symmetric,sim1_uniform_post,0.7500,3,cf_x06_ge_x07,A2,2,0.3103
task003_symmetric,sim1_uniform_post,0.7500,3,cf_x06_le_x08,A0,2,0.3116
task003_symmetric,sim1_uniform_post,0.7500,3,cf_x07_le_x08,A0,1,0.1823
task003_symmetric,sim1_uniform_post,1.0000,3,cf_x02_le_2,A0/A2,1,0.8064
task003_symmetric,sim1_uniform_post,1.0000,3,cf_x03_eq_2,A0/A2,1,0.7835
task003_symmetric,sim1_uniform_post,1.0000,3,cf_x03_le_2,A1,2,0.9577
task003_symmetric,sim1_uniform_post,1.0000,3,cf_x06_le_2,A0/A1,1,0.8053
task003_symmetric,sim1_uniform_post,1.0000,3,cf_x08_eq_2,A1/A2,1,0.7864
task003_symmetric,sim1_uniform_post,1.0000,3,cf_x00_ge_x03,A0/A1,1,0.7923
task003_symmetric,sim1_uniform_post,1.0000,3,cf_x00_ge_x04,A0,2,0.9555
task003_symmetric,sim1_uniform_post,1.0000,3,cf_x01_le_x04,A0/A2,1,0.8039
task003_symmetric,sim1_uniform_post,1.0000,3,cf_x01_le_x05,A0,1,0.8062
task003_symmetric,sim1_uniform_post,1.0000,3,cf_x01_eq_x05,A1,2,0.9573
task003_symmetric,sim1_uniform_post,1.0000,3,cf_x02_le_x03,A0/A2,1,0.8106
task003_symmetric,sim1_uniform_post,1.0000,3,cf_x02_le_x04,A2,2,0.9674
task003_symmetric,sim1_uniform_post,1.0000,3,cf_x02_ge_x05,A1/A2,1,0.8310
task003_symmetric,sim1_uniform_post,1.0000,3,cf_x03_ge_x05,A2,1,0.8008
task003_symmetric,sim1_uniform_post,1.0000,3,cf_x06_le_x07,A1,1,0.8133
task003_symmetric,sim1_uniform_post,1.0000,3,cf_x06_ge_x07,A2,2,0.9597
task003_symmetric,sim1_uniform_post,1.0000,3,cf_x06_le_x08,A0,2,0.9537
task003_symmetric,sim1_uniform_post,1.0000,3,cf_x07_le_x08,A0,1,0.8041
task003_symmetric,sim1_uniform_post,0.7500,6,cf_x02_le_2,A0/A2,1,0.2624
task003_symmetric,sim1_uniform_post,0.7500,6,cf_x03_eq_2,A0/A2,1,0.2627
task003_symmetric,sim1_uniform_post,0.7500,6,cf_x03_le_2,A1,2,0.4155
task003_symmetric,sim1_uniform_post,0.7500,6,cf_x06_le_2,A0/A1,1,0.2575
task003_symmetric,sim1_uniform_post,0.7500,6,cf_x08_eq_2,A1/A2,1,0.2663
task003_symmetric,sim1_uniform_post,0.7500,6,cf_x00_ge_x03,A0/A1,1,0.2539
task003_symmetric,sim1_uniform_post,0.7500,6,cf_x00_ge_x04,A0,2,0.4095
task003_symmetric,sim1_uniform_post,0.7500,6,cf_x01_le_x04,A0/A2,1,0.2748
task003_symmetric,sim1_uniform_post,0.7500,6,cf_x01_le_x05,A0,1,0.2502
task003_symmetric,sim1_uniform_post,0.7500,6,cf_x01_eq_x05,A1,2,0.4487
task003_symmetric,sim1_uniform_post,0.7500,6,cf_x02_le_x03,A0/A2,1,0.2812
task003_symmetric,sim1_uniform_post,0.7500,6,cf_x02_le_x04,A2,2,0.4233
task003_symmetric,sim1_uniform_post,0.7500,6,cf_x02_ge_x05,A1/A2,1,0.2529
task003_symmetric,sim1_uniform_post,0.7500,6,cf_x03_ge_x05,A2,1,0.2629
task003_symmetric,sim1_uniform_post,0.7500,6,cf_x06_le_x07,A1,1,0.2608
task003_symmetric,sim1_uniform_post,0.7500,6,cf_x06_ge_x07,A2,2,0.4070
task003_symmetric,sim1_uniform_post,0.7500,6,cf_x06_le_x08,A0,2,0.4520
task003_symmetric,sim1_uniform_post,0.7500,6,cf_x07_le_x08,A0,1,0.2756
task003_symmetric,sim1_uniform_post,1.0000,6,cf_x02_le_2,A0/A2,1,0.8610
task003_symmetric,sim1_uniform_post,1.0000,6,cf_x03_eq_2,A0/A2,1,0.8540
task003_symmetric,sim1_uniform_post,1.0000,6,cf_x03_le_2,A1,2,0.9757
task003_symmetric,sim1_uniform_post,1.0000,6,cf_x06_le_2,A0/A1,1,0.8616
task003_symmetric,sim1_uniform_post,1.0000,6,cf_x08_eq_2,A1/A2,1,0.8704
task003_symmetric,sim1_uniform_post,1.0000,6,cf_x00_ge_x03,A0/A1,1,0.8685
task003_symmetric,sim1_uniform_post,1.0000,6,cf_x00_ge_x04,A0,2,0.9748
task003_symmetric,sim1_uniform_post,1.0000,6,cf_x01_le_x04,A0/A2,1,0.8564
task003_symmetric,sim1_uniform_post,1.0000,6,cf_x01_le_x05,A0,1,0.8652
task003_symmetric,sim1_uniform_post,1.0000,6,cf_x01_eq_x05,A1,2,0.9792
task003_symmetric,sim1_uniform_post,1.0000,6,cf_x02_le_x03,A0/A2,1,0.8684
task003_symmetric,sim1_uniform_post,1.0000,6,cf_x02_le_x04,A2,2,0.9834
task003_symmetric,sim1_uniform_post,1.0000,6,cf_x02_ge_x05,A1/A2,1,0.8699
task003_symmetric,sim1_uniform_post,1.0000,6,cf_x03_ge_x05,A2,1,0.8564
task003_symmetric,sim1_uniform_post,1.0000,6,cf_x06_le_x07,A1,1,0.8555
task003_symmetric,sim1_uniform_post,1.0000,6,cf_x06_ge_x07,A2,2,0.9789
task003_symmetric,sim1_uniform_post,1.0000,6,cf_x06_le_x08,A0,2,0.9833
task003_symmetric,sim1_uniform_post,1.0000,6,cf_x07_le_x08,A0,1,0.8647
