rho,arm,feature,weighted_tv
0.75,silent,spread,0.13036593200127944
0.75,silent,dec_frac,0.08870801229291465
0.75,silent,pool_frac,0.0653115112942333
0.75,silent,mean_nfacts,0.07857857000946165
0.75,A2,spread,0.04975546341503752
0.75,A2,dec_frac,0.08934263862610883
0.75,A2,pool_frac,0.0685319301106382
0.75,A2,mean_nfacts,0.07216422818796706
0.75,A0,spread,0.05533201181486956
0.75,A0,dec_frac,0.07995603549821707
0.75,A0,pool_frac,0.060880839908081304
0.75,A0,mean_nfacts,0.043450185281785556
1.0,silent,spread,0.09547738693467336
1.0,silent,dec_frac,0.027183299541938905
1.0,silent,pool_frac,0.06519656857952566
1.0,silent,mean_nfacts,0.012655733623070308
1.0,A2,spread,0.0721112076455256
1.0,A2,dec_frac,0.0622595918623486
1.0,A2,pool_frac,
1.0,A2,mean_nfacts,0.11103777664481354
1.0,A0,spread,0.05062856236797539
1.0,A0,dec_frac,0.1239962662559087
1.0,A0,pool_frac,0.015848558221439588
1.0,A0,mean_nfacts,0.10238208611324917
