setup,arm,q,qc,b,rho,episodes,final_share_A0,final_share_A1,final_share_A2,final_mean_p_A0,final_mean_p_A2,final_proof_rate_A0,final_proof_rate_A0_own_evidence,episodes_majority_A0,episodes_majority_A2,abstention_rate,abstention_rate_when_voting_A0,abstention_rate_when_voting_A1,abstention_rate_when_voting_A2,nights_acting,facts_posted_per_episode,nights_proved,nights_gate,nights_posted,nights_posted_proved,nights_fallback,mean_posts_read_by_controller,sensing_bias_vs_all_agents,posters_vs_all_agents,final_share_A0_minus_silent,final_share_A1_minus_silent,final_share_A2_minus_silent
task003_nosolution,false,3,3.0000,3.0000,0.7500,1000,0.0010,0.0026,0.9964,0.1285,0.8047,0.0000,0.0000,0.0000,1.0000,0.0000,0.0000,0.0000,0.0000,0.0784,6.8220,0.0000,0.9216,0.0784,0.0000,0.0000,3.0000,0.0007,0.0001,-0.2535,-0.0089,0.2624
task003_nosolution,false,3,3.0000,6.0000,0.7500,1000,0.0011,0.0027,0.9962,0.1287,0.8048,0.0000,0.0000,0.0000,1.0000,0.0000,0.0000,0.0000,0.0000,0.0797,13.8720,0.0000,0.9203,0.0797,0.0000,0.0000,3.0000,-0.0010,0.0001,-0.2534,-0.0088,0.2622
task003_nosolution,false,3,3.0000,9.0000,0.7500,1000,0.0422,0.0054,0.9524,0.1729,0.7549,0.0000,0.0000,0.0140,0.9750,0.0000,0.0000,0.0000,0.0000,0.2334,60.9120,0.0000,0.7666,0.2334,0.0000,0.0000,3.0000,0.0001,0.0001,-0.2123,-0.0061,0.2184
task003_nosolution,false,3,12.0000,3.0000,0.7500,1000,0.0008,0.0040,0.9952,0.1269,0.8010,0.0000,0.0000,0.0000,1.0000,0.0000,0.0000,0.0000,0.0000,0.0438,3.8070,0.0000,0.9562,0.0438,0.0000,0.0000,12.0000,0.0004,0.0001,-0.2538,-0.0075,0.2612
task003_nosolution,false,3,12.0000,6.0000,0.7500,1000,0.0007,0.0034,0.9959,0.1292,0.7990,0.0000,0.0000,0.0000,1.0000,0.0000,0.0000,0.0000,0.0000,0.0476,8.2800,0.0000,0.9524,0.0476,0.0000,0.0000,12.0000,0.0004,0.0001,-0.2538,-0.0081,0.2619
task003_nosolution,false,3,12.0000,9.0000,0.7500,1000,0.0899,0.0088,0.9012,0.1920,0.7236,0.0000,0.0000,0.0870,0.8910,0.0000,0.0000,0.0000,0.0000,0.2413,62.9910,0.0000,0.7587,0.2413,0.0000,0.0000,12.0000,-0.0001,0.0001,-0.1646,-0.0027,0.1673
task003_nosolution,false,3,24.0000,3.0000,0.7500,1000,0.0009,0.0029,0.9962,0.1231,0.8064,0.0000,0.0000,0.0000,1.0000,0.0000,0.0000,0.0000,0.0000,0.0487,4.2390,0.0000,0.9513,0.0487,0.0000,0.0000,23.9954,0.0001,0.0001,-0.2536,-0.0086,0.2622
task003_nosolution,false,3,24.0000,6.0000,0.7500,1000,0.0013,0.0030,0.9957,0.1298,0.8011,0.0000,0.0000,0.0000,1.0000,0.0000,0.0000,0.0000,0.0000,0.0520,9.0540,0.0000,0.9480,0.0520,0.0000,0.0000,23.9961,0.0001,0.0001,-0.2532,-0.0085,0.2617
task003_nosolution,false,3,24.0000,9.0000,0.7500,1000,0.0872,0.0094,0.9034,0.1875,0.7286,0.0000,0.0000,0.0840,0.9020,0.0000,0.0000,0.0000,0.0000,0.2596,67.7610,0.0000,0.7404,0.2596,0.0000,0.0000,23.9970,0.0001,0.0001,-0.1673,-0.0021,0.1694
task003_nosolution,false,6,3.0000,3.0000,0.7500,1000,0.0010,0.0008,0.9983,0.0920,0.8808,0.0000,0.0000,0.0000,1.0000,0.0000,0.0000,0.0000,0.0000,0.0433,3.7710,0.0000,0.9567,0.0433,0.0000,0.0000,3.0000,-0.0002,0.0000,-0.3454,-0.0035,0.3489
task003_nosolution,false,6,3.0000,6.0000,0.7500,1000,0.0003,0.0007,0.9990,0.0913,0.8811,0.0000,0.0000,0.0000,1.0000,0.0000,0.0000,0.0000,0.0000,0.0444,7.7220,0.0000,0.9556,0.0444,0.0000,0.0000,3.0000,0.0005,0.0000,-0.3460,-0.0036,0.3496
task003_nosolution,false,6,3.0000,9.0000,0.7500,1000,0.1365,0.0023,0.8612,0.1926,0.7729,0.0000,0.0000,0.1560,0.8350,0.0000,0.0000,0.0000,0.0000,0.2411,62.9370,0.0000,0.7589,0.2411,0.0000,0.0000,3.0000,0.0005,0.0000,-0.2098,-0.0020,0.2118
task003_nosolution,false,6,12.0000,3.0000,0.7500,1000,0.0004,0.0007,0.9989,0.0897,0.8810,0.0000,0.0000,0.0000,1.0000,0.0000,0.0000,0.0000,0.0000,0.0265,2.3070,0.0000,0.9735,0.0265,0.0000,0.0000,12.0000,0.0001,0.0000,-0.3459,-0.0036,0.3495
task003_nosolution,false,6,12.0000,6.0000,0.7500,1000,0.0017,0.0008,0.9975,0.0919,0.8789,0.0000,0.0000,0.0020,0.9980,0.0000,0.0000,0.0000,0.0000,0.0334,5.8080,0.0000,0.9666,0.0334,0.0000,0.0000,12.0000,0.0001,0.0000,-0.3446,-0.0035,0.3481
task003_nosolution,false,6,12.0000,9.0000,0.7500,1000,0.1667,0.0027,0.8305,0.2066,0.7526,0.0000,0.0000,0.1880,0.8080,0.0000,0.0000,0.0000,0.0000,0.2464,64.3050,0.0000,0.7536,0.2464,0.0000,0.0000,12.0000,0.0004,0.0000,-0.1796,-0.0015,0.1812
task003_nosolution,false,6,24.0000,3.0000,0.7500,1000,0.0007,0.0006,0.9987,0.0861,0.8852,0.0000,0.0000,0.0010,0.9990,0.0000,0.0000,0.0000,0.0000,0.0271,2.3610,0.0000,0.9729,0.0271,0.0000,0.0000,23.9987,0.0000,0.0000,-0.3456,-0.0037,0.3493
task003_nosolution,false,6,24.0000,6.0000,0.7500,1000,0.0015,0.0006,0.9979,0.0899,0.8809,0.0000,0.0000,0.0000,1.0000,0.0000,0.0000,0.0000,0.0000,0.0338,5.8800,0.0000,0.9662,0.0338,0.0000,0.0000,23.9987,0.0000,0.0000,-0.3448,-0.0037,0.3485
task003_nosolution,false,6,24.0000,9.0000,0.7500,1000,0.0986,0.0032,0.8981,0.1601,0.8034,0.0000,0.0000,0.1070,0.8850,0.0000,0.0000,0.0000,0.0000,0.2160,56.3760,0.0000,0.7840,0.2160,0.0000,0.0000,23.9990,0.0000,0.0000,-0.2477,-0.0010,0.2487
task003_nosolution,false,12,3.0000,3.0000,0.7500,1000,0.0197,0.0005,0.9798,0.0891,0.8953,0.0000,0.0000,0.0240,0.9730,0.0000,0.0000,0.0000,0.0000,0.0597,5.1900,0.0000,0.9403,0.0597,0.0000,0.0000,3.0000,0.0004,0.0000,-0.4147,-0.0088,0.4235
task003_nosolution,false,12,3.0000,6.0000,0.7500,1000,0.0190,0.0004,0.9806,0.0904,0.8939,0.0000,0.0000,0.0210,0.9770,0.0000,0.0000,0.0000,0.0000,0.0648,11.2740,0.0000,0.9352,0.0648,0.0000,0.0000,3.0000,0.0004,0.0000,-0.4154,-0.0089,0.4243
task003_nosolution,false,12,3.0000,9.0000,0.7500,1000,0.3252,0.0002,0.6747,0.3210,0.6623,0.0000,0.0000,0.3370,0.6630,0.0000,0.0000,0.0000,0.0000,0.3525,91.9980,0.0000,0.6475,0.3525,0.0000,0.0000,3.0000,-0.0007,0.0000,-0.1092,-0.0091,0.1183
task003_nosolution,false,12,12.0000,3.0000,0.7500,1000,0.0216,0.0004,0.9780,0.0877,0.8955,0.0000,0.0000,0.0260,0.9720,0.0000,0.0000,0.0000,0.0000,0.0489,4.2540,0.0000,0.9511,0.0489,0.0000,0.0000,12.0000,0.0001,0.0000,-0.4128,-0.0089,0.4217
task003_nosolution,false,12,12.0000,6.0000,0.7500,1000,0.0288,0.0003,0.9708,0.0932,0.8902,0.0000,0.0000,0.0310,0.9680,0.0000,0.0000,0.0000,0.0000,0.0572,9.9480,0.0000,0.9428,0.0572,0.0000,0.0000,12.0000,0.0001,0.0000,-0.4055,-0.0090,0.4145
task003_nosolution,false,12,12.0000,9.0000,0.7500,1000,0.2752,0.0003,0.7245,0.2825,0.6995,0.0000,0.0000,0.2810,0.7180,0.0000,0.0000,0.0000,0.0000,0.2989,78.0030,0.0000,0.7011,0.2989,0.0000,0.0000,12.0000,-0.0003,0.0000,-0.1592,-0.0090,0.1682
task003_nosolution,false,12,24.0000,3.0000,0.7500,1000,0.0130,0.0004,0.9866,0.0790,0.9042,0.0000,0.0000,0.0150,0.9850,0.0000,0.0000,0.0000,0.0000,0.0359,3.1200,0.0000,0.9641,0.0359,0.0000,0.0000,23.9985,0.0000,0.0000,-0.4214,-0.0089,0.4303
task003_nosolution,false,12,24.0000,6.0000,0.7500,1000,0.0102,0.0004,0.9894,0.0805,0.9035,0.0000,0.0000,0.0110,0.9890,0.0000,0.0000,0.0000,0.0000,0.0371,6.4560,0.0000,0.9629,0.0371,0.0000,0.0000,23.9987,0.0000,0.0000,-0.4242,-0.0089,0.4331
task003_nosolution,false,12,24.0000,9.0000,0.7500,1000,0.1727,0.0004,0.8269,0.1947,0.7870,0.0000,0.0000,0.1790,0.8170,0.0000,0.0000,0.0000,0.0000,0.2259,58.9500,0.0000,0.7741,0.2259,0.0000,0.0000,23.9988,0.0000,0.0000,-0.2616,-0.0089,0.2705
task003_nosolution,false,3,3.0000,3.0000,1.0000,1000,0.0152,0.0000,0.9848,0.1514,0.8486,0.0000,0.0000,0.0090,0.9890,0.0000,0.0000,0.0000,0.0000,0.0860,7.4850,0.0000,0.9140,0.0860,0.0000,0.0000,3.0000,0.0002,0.0000,-0.3884,0.0000,0.3884
task003_nosolution,false,3,3.0000,6.0000,1.0000,1000,0.0459,0.0000,0.9541,0.1753,0.8247,0.0000,0.0000,0.0230,0.9680,0.0000,0.0000,0.0000,0.0000,0.1187,20.6520,0.0000,0.8813,0.1187,0.0000,0.0000,3.0000,0.0001,0.0000,-0.3577,0.0000,0.3577
task003_nosolution,false,3,3.0000,9.0000,1.0000,1000,0.5885,0.0000,0.4115,0.5225,0.4774,0.0000,0.0000,0.5890,0.4060,0.0000,0.0000,0.0000,0.0000,0.5521,144.0990,0.0000,0.4479,0.5521,0.0000,0.0000,3.0000,-0.0006,0.0000,0.1849,0.0000,-0.1849
task003_nosolution,false,3,12.0000,3.0000,1.0000,1000,0.0220,0.0000,0.9780,0.1383,0.8616,0.0000,0.0000,0.0160,0.9760,0.0000,0.0000,0.0000,0.0000,0.0667,5.8020,0.0000,0.9333,0.0667,0.0000,0.0000,12.0000,0.0001,0.0000,-0.3816,0.0000,0.3816
task003_nosolution,false,3,12.0000,6.0000,1.0000,1000,0.0407,0.0000,0.9593,0.1622,0.8377,0.0000,0.0000,0.0280,0.9610,0.0000,0.0000,0.0000,0.0000,0.0872,15.1800,0.0000,0.9128,0.0872,0.0000,0.0000,12.0000,0.0005,0.0000,-0.3629,0.0000,0.3629
task003_nosolution,false,3,12.0000,9.0000,1.0000,1000,0.5210,0.0000,0.4790,0.4825,0.5174,0.0000,0.0000,0.5180,0.4750,0.0000,0.0000,0.0000,0.0000,0.5079,132.5700,0.0000,0.4921,0.5079,0.0000,0.0000,12.0000,0.0002,0.0000,0.1174,0.0000,-0.1174
task003_nosolution,false,3,24.0000,3.0000,1.0000,1000,0.0065,0.0000,0.9935,0.1172,0.8828,0.0000,0.0000,0.0030,0.9960,0.0000,0.0000,0.0000,0.0000,0.0574,4.9950,0.0000,0.9426,0.0574,0.0000,0.0000,24.0000,0.0000,0.0000,-0.3971,0.0000,0.3971
task003_nosolution,false,3,24.0000,6.0000,1.0000,1000,0.0110,0.0000,0.9890,0.1306,0.8694,0.0000,0.0000,0.0060,0.9900,0.0000,0.0000,0.0000,0.0000,0.0684,11.8980,0.0000,0.9316,0.0684,0.0000,0.0000,24.0000,0.0000,0.0000,-0.3926,0.0000,0.3926
task003_nosolution,false,3,24.0000,9.0000,1.0000,1000,0.3233,0.0000,0.6767,0.3626,0.6373,0.0000,0.0000,0.3050,0.6570,0.0000,0.0000,0.0000,0.0000,0.4438,115.8390,0.0000,0.5562,0.4438,0.0000,0.0000,24.0000,0.0000,0.0000,-0.0803,0.0000,0.0803
task003_nosolution,false,6,3.0000,3.0000,1.0000,1000,0.0118,0.0000,0.9882,0.1663,0.8337,0.0000,0.0000,0.0110,0.9850,0.0000,0.0000,0.0000,0.0000,0.0539,4.6890,0.0000,0.9461,0.0539,0.0000,0.0000,3.0000,0.0003,0.0000,-0.4090,-0.0040,0.4130
task003_nosolution,false,6,3.0000,6.0000,1.0000,1000,0.0718,0.0000,0.9282,0.2079,0.7921,0.0000,0.0000,0.0580,0.9200,0.0000,0.0000,0.0000,0.0000,0.1400,24.3600,0.0000,0.8600,0.1400,0.0000,0.0000,3.0000,-0.0006,0.0000,-0.3490,-0.0040,0.3530
task003_nosolution,false,6,3.0000,9.0000,1.0000,1000,0.5515,0.0000,0.4485,0.4911,0.5089,0.0000,0.0000,0.5520,0.4460,0.0000,0.0000,0.0000,0.0000,0.5137,134.0820,0.0000,0.4863,0.5137,0.0000,0.0000,3.0000,0.0006,0.0000,0.1307,-0.0040,-0.1267
task003_nosolution,false,6,12.0000,3.0000,1.0000,1000,0.0152,0.0000,0.9848,0.1524,0.8476,0.0000,0.0000,0.0110,0.9840,0.0000,0.0000,0.0000,0.0000,0.0509,4.4250,0.0000,0.9491,0.0509,0.0000,0.0000,12.0000,-0.0000,0.0000,-0.4056,-0.0040,0.4096
task003_nosolution,false,6,12.0000,6.0000,1.0000,1000,0.0665,0.0000,0.9335,0.1935,0.8064,0.0000,0.0000,0.0480,0.9310,0.0000,0.0000,0.0000,0.0000,0.1206,20.9880,0.0000,0.8794,0.1206,0.0000,0.0000,12.0000,-0.0002,0.0000,-0.3543,-0.0040,0.3583
task003_nosolution,false,6,12.0000,9.0000,1.0000,1000,0.4844,0.0000,0.5156,0.4526,0.5474,0.0000,0.0000,0.4830,0.5140,0.0000,0.0000,0.0000,0.0000,0.4676,122.0400,0.0000,0.5324,0.4676,0.0000,0.0000,12.0000,0.0002,0.0000,0.0635,-0.0040,-0.0595
task003_nosolution,false,6,24.0000,3.0000,1.0000,1000,0.0042,0.0000,0.9958,0.1304,0.8696,0.0000,0.0000,0.0050,0.9940,0.0000,0.0000,0.0000,0.0000,0.0330,2.8740,0.0000,0.9670,0.0330,0.0000,0.0000,24.0000,0.0000,0.0000,-0.4167,-0.0040,0.4207
task003_nosolution,false,6,24.0000,6.0000,1.0000,1000,0.0270,0.0000,0.9730,0.1620,0.8380,0.0000,0.0000,0.0210,0.9740,0.0000,0.0000,0.0000,0.0000,0.0684,11.9100,0.0000,0.9316,0.0684,0.0000,0.0000,24.0000,0.0000,0.0000,-0.3938,-0.0040,0.3978
task003_nosolution,false,6,24.0000,9.0000,1.0000,1000,0.2404,0.0000,0.7596,0.3180,0.6820,0.0000,0.0000,0.2320,0.7510,0.0000,0.0000,0.0000,0.0000,0.3296,86.0220,0.0000,0.6704,0.3296,0.0000,0.0000,24.0000,0.0000,0.0000,-0.1804,-0.0040,0.1844
task003_nosolution,false,12,3.0000,3.0000,1.0000,1000,0.0086,0.0000,0.9914,0.1979,0.8020,0.0000,0.0000,0.0060,0.9910,0.0000,0.0000,0.0000,0.0000,0.0433,3.7650,0.0000,0.9567,0.0433,0.0000,0.0000,3.0000,0.0004,0.0000,-0.4492,-0.0090,0.4582
task003_nosolution,false,12,3.0000,6.0000,1.0000,1000,0.0724,0.0000,0.9276,0.2287,0.7712,0.0000,0.0000,0.0540,0.9090,0.0000,0.0000,0.0000,0.0000,0.1434,24.9480,0.0000,0.8566,0.1434,0.0000,0.0000,3.0000,0.0007,0.0000,-0.3854,-0.0090,0.3944
task003_nosolution,false,12,3.0000,9.0000,1.0000,1000,0.5272,0.0000,0.4728,0.4777,0.5223,0.0000,0.0000,0.5270,0.4720,0.0000,0.0000,0.0000,0.0000,0.5104,133.2270,0.0000,0.4896,0.5104,0.0000,0.0000,3.0000,0.0004,0.0000,0.0695,-0.0090,-0.0605
task003_nosolution,false,12,12.0000,3.0000,1.0000,1000,0.0110,0.0000,0.9890,0.1738,0.8261,0.0000,0.0000,0.0110,0.9860,0.0000,0.0000,0.0000,0.0000,0.0419,3.6480,0.0000,0.9581,0.0419,0.0000,0.0000,12.0000,-0.0001,0.0000,-0.4468,-0.0090,0.4558
task003_nosolution,false,12,12.0000,6.0000,1.0000,1000,0.0582,0.0000,0.9418,0.2073,0.7926,0.0000,0.0000,0.0520,0.9260,0.0000,0.0000,0.0000,0.0000,0.1157,20.1360,0.0000,0.8843,0.1157,0.0000,0.0000,12.0000,-0.0001,0.0000,-0.3996,-0.0090,0.4086
task003_nosolution,false,12,12.0000,9.0000,1.0000,1000,0.4103,0.0000,0.5897,0.4105,0.5894,0.0000,0.0000,0.4100,0.5860,0.0000,0.0000,0.0000,0.0000,0.4098,106.9560,0.0000,0.5902,0.4098,0.0000,0.0000,12.0000,0.0002,0.0000,-0.0475,-0.0090,0.0565
task003_nosolution,false,12,24.0000,3.0000,1.0000,1000,0.0004,0.0000,0.9996,0.1560,0.8439,0.0000,0.0000,0.0000,1.0000,0.0000,0.0000,0.0000,0.0000,0.0236,2.0550,0.0000,0.9764,0.0236,0.0000,0.0000,24.0000,0.0000,0.0000,-0.4574,-0.0090,0.4664
task003_nosolution,false,12,24.0000,6.0000,1.0000,1000,0.0216,0.0000,0.9784,0.1823,0.8177,0.0000,0.0000,0.0220,0.9690,0.0000,0.0000,0.0000,0.0000,0.0548,9.5280,0.0000,0.9452,0.0548,0.0000,0.0000,24.0000,0.0000,0.0000,-0.4361,-0.0090,0.4451
task003_nosolution,false,12,24.0000,9.0000,1.0000,1000,0.1749,0.0000,0.8251,0.2866,0.7133,0.0000,0.0000,0.1650,0.8250,0.0000,0.0000,0.0000,0.0000,0.2358,61.5510,0.0000,0.7642,0.2358,0.0000,0.0000,24.0000,0.0000,0.0000,-0.2828,-0.0090,0.2918
task003_nosolution,silent,3,,,0.7500,1000,0.2545,0.0115,0.7340,0.2888,0.5988,0.0000,0.0000,0.2610,0.7290,0.0000,0.0000,0.0000,0.0000,,,,,,,,,,,0.0000,0.0000,0.0000
task003_nosolution,silent,6,,,0.7500,1000,0.3463,0.0043,0.6494,0.3218,0.6148,0.0000,0.0000,0.3510,0.6460,0.0000,0.0000,0.0000,0.0000,,,,,,,,,,,0.0000,0.0000,0.0000
task003_nosolution,silent,12,,,0.7500,1000,0.4344,0.0093,0.5563,0.3818,0.5706,0.0000,0.0000,0.4420,0.5490,0.0000,0.0000,0.0000,0.0000,,,,,,,,,,,0.0000,0.0000,0.0000
task003_nosolution,silent,3,,,1.0000,1000,0.4036,0.0000,0.5964,0.4023,0.5905,0.0000,0.0000,0.3860,0.5650,0.0000,0.0000,0.0000,0.0000,,,,,,,,,,,0.0000,0.0000,0.0000
task003_nosolution,silent,6,,,1.0000,1000,0.4208,0.0040,0.5752,0.4053,0.5829,0.0000,0.0000,0.4000,0.5600,0.0000,0.0000,0.0000,0.0000,,,,,,,,,,,0.0000,0.0000,0.0000
task003_nosolution,silent,12,,,1.0000,1000,0.4577,0.0090,0.5333,0.4229,0.5578,0.0000,0.0000,0.4450,0.5250,0.0000,0.0000,0.0000,0.0000,,,,,,,,,,,0.0000,0.0000,0.0000
task003_nosolution,truth,3,3.0000,3.0000,0.7500,1000,0.9706,0.0165,0.0129,0.7562,0.1219,0.0000,0.0000,0.9990,0.0000,0.0000,0.0000,0.0000,0.0000,0.1923,16.7280,0.0000,0.8077,0.1923,0.0000,0.0000,3.0000,0.0002,0.0001,0.7161,0.0050,-0.7211
task003_nosolution,truth,3,3.0000,6.0000,0.7500,1000,0.9540,0.0243,0.0217,0.7407,0.1341,0.0000,0.0000,0.9990,0.0000,0.0000,0.0000,0.0000,0.0000,0.2358,41.0340,0.0000,0.7642,0.2358,0.0000,0.0000,3.0000,0.0009,0.0000,0.6995,0.0128,-0.7123
task003_nosolution,truth,3,3.0000,9.0000,0.7500,1000,0.8787,0.0322,0.0891,0.6586,0.2054,0.0000,0.0000,0.9740,0.0150,0.0000,0.0000,0.0000,0.0000,0.4255,111.0600,0.0000,0.5745,0.4255,0.0000,0.0000,3.0000,-0.0011,0.0000,0.6242,0.0207,-0.6449
task003_nosolution,truth,3,12.0000,3.0000,0.7500,1000,0.9559,0.0252,0.0189,0.7318,0.1418,0.0000,0.0000,1.0000,0.0000,0.0000,0.0000,0.0000,0.0000,0.1063,9.2520,0.0000,0.8937,0.1063,0.0000,0.0000,12.0000,0.0000,0.0001,0.7014,0.0137,-0.7151
task003_nosolution,truth,3,12.0000,6.0000,0.7500,1000,0.9387,0.0318,0.0295,0.7147,0.1514,0.0000,0.0000,0.9940,0.0040,0.0000,0.0000,0.0000,0.0000,0.1702,29.6100,0.0000,0.8298,0.1702,0.0000,0.0000,12.0000,-0.0002,0.0001,0.6843,0.0203,-0.7045
task003_nosolution,truth,3,12.0000,9.0000,0.7500,1000,0.9031,0.0355,0.0614,0.6819,0.1789,0.0000,0.0000,0.9710,0.0110,0.0000,0.0000,0.0000,0.0000,0.2836,74.0070,0.0000,0.7164,0.2836,0.0000,0.0000,12.0000,0.0002,0.0000,0.6486,0.0240,-0.6726
task003_nosolution,truth,3,24.0000,3.0000,0.7500,1000,0.9381,0.0289,0.0330,0.7048,0.1650,0.0000,0.0000,0.9900,0.0060,0.0000,0.0000,0.0000,0.0000,0.1982,17.2440,0.0000,0.8018,0.1982,0.0000,0.0000,23.9978,0.0000,0.0000,0.6836,0.0174,-0.7010
task003_nosolution,truth,3,24.0000,6.0000,0.7500,1000,0.8942,0.0331,0.0727,0.6781,0.1862,0.0000,0.0000,0.9510,0.0370,0.0000,0.0000,0.0000,0.0000,0.3223,56.0760,0.0000,0.6777,0.3223,0.0000,0.0000,23.9983,0.0000,0.0000,0.6398,0.0216,-0.6613
task003_nosolution,truth,3,24.0000,9.0000,0.7500,1000,0.8887,0.0346,0.0767,0.6754,0.1867,0.0000,0.0000,0.9490,0.0350,0.0000,0.0000,0.0000,0.0000,0.3265,85.2210,0.0000,0.6735,0.3265,0.0000,0.0000,23.9986,0.0000,0.0000,0.6342,0.0231,-0.6573
task003_nosolution,truth,6,3.0000,3.0000,0.7500,1000,0.9834,0.0110,0.0057,0.8490,0.0809,0.0000,0.0000,1.0000,0.0000,0.0000,0.0000,0.0000,0.0000,0.0996,8.6670,0.0000,0.9004,0.0996,0.0000,0.0000,3.0000,0.0009,0.0000,0.6370,0.0067,-0.6437
task003_nosolution,truth,6,3.0000,6.0000,0.7500,1000,0.9826,0.0106,0.0068,0.8446,0.0859,0.0000,0.0000,1.0000,0.0000,0.0000,0.0000,0.0000,0.0000,0.1144,19.9080,0.0000,0.8856,0.1144,0.0000,0.0000,3.0000,-0.0002,0.0000,0.6363,0.0063,-0.6426
task003_nosolution,truth,6,3.0000,9.0000,0.7500,1000,0.9587,0.0161,0.0252,0.8047,0.1204,0.0000,0.0000,0.9930,0.0070,0.0000,0.0000,0.0000,0.0000,0.1820,47.5020,0.0000,0.8180,0.1820,0.0000,0.0000,3.0000,0.0002,0.0000,0.6124,0.0118,-0.6242
task003_nosolution,truth,6,12.0000,3.0000,0.7500,1000,0.9683,0.0215,0.0103,0.8110,0.1089,0.0000,0.0000,1.0000,0.0000,0.0000,0.0000,0.0000,0.0000,0.0465,4.0470,0.0000,0.9535,0.0465,0.0000,0.0000,12.0000,0.0000,0.0000,0.6219,0.0172,-0.6391
task003_nosolution,truth,6,12.0000,6.0000,0.7500,1000,0.9681,0.0210,0.0109,0.8069,0.1113,0.0000,0.0000,1.0000,0.0000,0.0000,0.0000,0.0000,0.0000,0.0613,10.6620,0.0000,0.9387,0.0613,0.0000,0.0000,12.0000,-0.0002,0.0000,0.6218,0.0167,-0.6385
task003_nosolution,truth,6,12.0000,9.0000,0.7500,1000,0.9672,0.0195,0.0133,0.7983,0.1170,0.0000,0.0000,0.9980,0.0020,0.0000,0.0000,0.0000,0.0000,0.0803,20.9520,0.0000,0.9197,0.0803,0.0000,0.0000,12.0000,-0.0005,0.0000,0.6208,0.0152,-0.6360
task003_nosolution,truth,6,24.0000,3.0000,0.7500,1000,0.9481,0.0302,0.0217,0.7686,0.1394,0.0000,0.0000,0.9970,0.0010,0.0000,0.0000,0.0000,0.0000,0.0708,6.1590,0.0000,0.9292,0.0708,0.0000,0.0000,23.9994,0.0000,0.0000,0.6018,0.0259,-0.6277
task003_nosolution,truth,6,24.0000,6.0000,0.7500,1000,0.9477,0.0295,0.0228,0.7661,0.1416,0.0000,0.0000,0.9940,0.0030,0.0000,0.0000,0.0000,0.0000,0.0941,16.3800,0.0000,0.9059,0.0941,0.0000,0.0000,23.9996,0.0000,0.0000,0.6013,0.0252,-0.6265
task003_nosolution,truth,6,24.0000,9.0000,0.7500,1000,0.9615,0.0214,0.0171,0.7739,0.1354,0.0000,0.0000,0.9960,0.0040,0.0000,0.0000,0.0000,0.0000,0.0853,22.2750,0.0000,0.9147,0.0853,0.0000,0.0000,23.9997,0.0000,0.0000,0.6152,0.0171,-0.6323
task003_nosolution,truth,12,3.0000,3.0000,0.7500,1000,0.9906,0.0056,0.0038,0.8981,0.0633,0.0000,0.0000,0.9990,0.0010,0.0000,0.0000,0.0000,0.0000,0.0601,5.2260,0.0000,0.9399,0.0601,0.0000,0.0000,3.0000,-0.0008,0.0000,0.5562,-0.0037,-0.5525
task003_nosolution,truth,12,3.0000,6.0000,0.7500,1000,0.9909,0.0063,0.0028,0.8898,0.0703,0.0000,0.0000,1.0000,0.0000,0.0000,0.0000,0.0000,0.0000,0.0594,10.3440,0.0000,0.9406,0.0594,0.0000,0.0000,3.0000,-0.0003,0.0000,0.5565,-0.0030,-0.5535
task003_nosolution,truth,12,3.0000,9.0000,0.7500,1000,0.9840,0.0105,0.0055,0.8746,0.0828,0.0000,0.0000,0.9980,0.0020,0.0000,0.0000,0.0000,0.0000,0.0730,19.0530,0.0000,0.9270,0.0730,0.0000,0.0000,3.0000,0.0004,0.0000,0.5496,0.0012,-0.5508
task003_nosolution,truth,12,12.0000,3.0000,0.7500,1000,0.9830,0.0115,0.0055,0.8519,0.0986,0.0000,0.0000,1.0000,0.0000,0.0000,0.0000,0.0000,0.0000,0.0251,2.1840,0.0000,0.9749,0.0251,0.0000,0.0000,12.0000,0.0001,0.0000,0.5487,0.0022,-0.5509
task003_nosolution,truth,12,12.0000,6.0000,0.7500,1000,0.9788,0.0153,0.0060,0.8356,0.1097,0.0000,0.0000,1.0000,0.0000,0.0000,0.0000,0.0000,0.0000,0.0262,4.5540,0.0000,0.9738,0.0262,0.0000,0.0000,12.0000,-0.0001,0.0000,0.5444,0.0060,-0.5504
task003_nosolution,truth,12,12.0000,9.0000,0.7500,1000,0.9747,0.0163,0.0090,0.8237,0.1205,0.0000,0.0000,1.0000,0.0000,0.0000,0.0000,0.0000,0.0000,0.0271,7.0650,0.0000,0.9729,0.0271,0.0000,0.0000,12.0000,-0.0001,0.0000,0.5403,0.0070,-0.5474
task003_nosolution,truth,12,24.0000,3.0000,0.7500,1000,0.9735,0.0178,0.0087,0.8302,0.1141,0.0000,0.0000,1.0000,0.0000,0.0000,0.0000,0.0000,0.0000,0.0248,2.1570,0.0000,0.9752,0.0248,0.0000,0.0000,23.9994,0.0000,0.0000,0.5391,0.0085,-0.5476
task003_nosolution,truth,12,24.0000,6.0000,0.7500,1000,0.9697,0.0210,0.0094,0.8124,0.1268,0.0000,0.0000,1.0000,0.0000,0.0000,0.0000,0.0000,0.0000,0.0254,4.4280,0.0000,0.9746,0.0254,0.0000,0.0000,23.9994,0.0000,0.0000,0.5353,0.0117,-0.5470
task003_nosolution,truth,12,24.0000,9.0000,0.7500,1000,0.9714,0.0192,0.0093,0.8100,0.1297,0.0000,0.0000,1.0000,0.0000,0.0000,0.0000,0.0000,0.0000,0.0253,6.6150,0.0000,0.9747,0.0253,0.0000,0.0000,23.9995,0.0000,0.0000,0.5370,0.0100,-0.5470
task003_nosolution,truth,3,3.0000,3.0000,1.0000,1000,1.0000,0.0000,0.0000,0.9254,0.0724,0.0000,0.0000,1.0000,0.0000,0.0000,0.0000,0.0000,0.0000,0.0845,7.3500,0.0000,0.9155,0.0845,0.0000,0.0000,3.0000,-0.0004,0.0000,0.5964,0.0000,-0.5964
task003_nosolution,truth,3,3.0000,6.0000,1.0000,1000,1.0000,0.0000,0.0000,0.9088,0.0889,0.0000,0.0000,1.0000,0.0000,0.0000,0.0000,0.0000,0.0000,0.0993,17.2860,0.0000,0.9007,0.0993,0.0000,0.0000,3.0000,0.0007,0.0000,0.5964,0.0000,-0.5964
task003_nosolution,truth,3,3.0000,9.0000,1.0000,1000,1.0000,0.0000,0.0000,0.8951,0.1029,0.0000,0.0000,1.0000,0.0000,0.0000,0.0000,0.0000,0.0000,0.1305,34.0650,0.0000,0.8695,0.1305,0.0000,0.0000,3.0000,-0.0003,0.0000,0.5964,0.0000,-0.5964
task003_nosolution,truth,3,12.0000,3.0000,1.0000,1000,0.9998,0.0000,0.0002,0.9123,0.0838,0.0000,0.0000,1.0000,0.0000,0.0000,0.0000,0.0000,0.0000,0.0706,6.1440,0.0000,0.9294,0.0706,0.0000,0.0000,12.0000,-0.0002,0.0000,0.5962,0.0000,-0.5962
task003_nosolution,truth,3,12.0000,6.0000,1.0000,1000,0.9998,0.0000,0.0002,0.9005,0.0954,0.0000,0.0000,1.0000,0.0000,0.0000,0.0000,0.0000,0.0000,0.0842,14.6580,0.0000,0.9158,0.0842,0.0000,0.0000,12.0000,0.0001,0.0000,0.5962,0.0000,-0.5962
task003_nosolution,truth,3,12.0000,9.0000,1.0000,1000,0.9998,0.0000,0.0002,0.8908,0.1052,0.0000,0.0000,1.0000,0.0000,0.0000,0.0000,0.0000,0.0000,0.1040,27.1350,0.0000,0.8960,0.1040,0.0000,0.0000,12.0000,-0.0002,0.0000,0.5962,0.0000,-0.5962
task003_nosolution,truth,3,24.0000,3.0000,1.0000,1000,0.9998,0.0000,0.0003,0.9055,0.0904,0.0000,0.0000,1.0000,0.0000,0.0000,0.0000,0.0000,0.0000,0.0902,7.8510,0.0000,0.9098,0.0902,0.0000,0.0000,24.0000,0.0000,0.0000,0.5962,0.0000,-0.5962
task003_nosolution,truth,3,24.0000,6.0000,1.0000,1000,0.9996,0.0000,0.0004,0.8990,0.0967,0.0000,0.0000,1.0000,0.0000,0.0000,0.0000,0.0000,0.0000,0.1117,19.4340,0.0000,0.8883,0.1117,0.0000,0.0000,24.0000,0.0000,0.0000,0.5960,0.0000,-0.5960
task003_nosolution,truth,3,24.0000,9.0000,1.0000,1000,0.9996,0.0000,0.0004,0.8980,0.0978,0.0000,0.0000,1.0000,0.0000,0.0000,0.0000,0.0000,0.0000,0.1136,29.6550,0.0000,0.8864,0.1136,0.0000,0.0000,24.0000,0.0000,0.0000,0.5960,0.0000,-0.5960
task003_nosolution,truth,6,3.0000,3.0000,1.0000,1000,1.0000,0.0000,0.0000,0.9003,0.0937,0.0000,0.0000,1.0000,0.0000,0.0000,0.0000,0.0000,0.0000,0.0434,3.7740,0.0000,0.9566,0.0434,0.0000,0.0000,3.0000,0.0006,0.0000,0.5791,-0.0040,-0.5751
task003_nosolution,truth,6,3.0000,6.0000,1.0000,1000,1.0000,0.0000,0.0000,0.8899,0.1042,0.0000,0.0000,1.0000,0.0000,0.0000,0.0000,0.0000,0.0000,0.0500,8.7060,0.0000,0.9500,0.0500,0.0000,0.0000,3.0000,0.0006,0.0000,0.5792,-0.0040,-0.5752
task003_nosolution,truth,6,3.0000,9.0000,1.0000,1000,1.0000,0.0000,0.0000,0.8756,0.1188,0.0000,0.0000,1.0000,0.0000,0.0000,0.0000,0.0000,0.0000,0.0637,16.6140,0.0000,0.9363,0.0637,0.0000,0.0000,3.0000,0.0007,0.0000,0.5792,-0.0040,-0.5752
task003_nosolution,truth,6,12.0000,3.0000,1.0000,1000,0.9999,0.0000,0.0001,0.8900,0.1023,0.0000,0.0000,1.0000,0.0000,0.0000,0.0000,0.0000,0.0000,0.0363,3.1620,0.0000,0.9637,0.0363,0.0000,0.0000,12.0000,-0.0001,0.0000,0.5791,-0.0040,-0.5751
task003_nosolution,truth,6,12.0000,6.0000,1.0000,1000,0.9999,0.0000,0.0001,0.8851,0.1072,0.0000,0.0000,1.0000,0.0000,0.0000,0.0000,0.0000,0.0000,0.0426,7.4040,0.0000,0.9574,0.0426,0.0000,0.0000,12.0000,-0.0001,0.0000,0.5791,-0.0040,-0.5751
task003_nosolution,truth,6,12.0000,9.0000,1.0000,1000,0.9999,0.0000,0.0001,0.8762,0.1159,0.0000,0.0000,1.0000,0.0000,0.0000,0.0000,0.0000,0.0000,0.0513,13.3830,0.0000,0.9487,0.0513,0.0000,0.0000,12.0000,-0.0001,0.0000,0.5790,-0.0040,-0.5751
task003_nosolution,truth,6,24.0000,3.0000,1.0000,1000,0.9999,0.0000,0.0001,0.8875,0.1043,0.0000,0.0000,1.0000,0.0000,0.0000,0.0000,0.0000,0.0000,0.0421,3.6660,0.0000,0.9579,0.0421,0.0000,0.0000,24.0000,0.0000,0.0000,0.5791,-0.0040,-0.5751
task003_nosolution,truth,6,24.0000,6.0000,1.0000,1000,0.9999,0.0000,0.0001,0.8835,0.1084,0.0000,0.0000,1.0000,0.0000,0.0000,0.0000,0.0000,0.0000,0.0496,8.6340,0.0000,0.9504,0.0496,0.0000,0.0000,24.0000,0.0000,0.0000,0.5791,-0.0040,-0.5751
task003_nosolution,truth,6,24.0000,9.0000,1.0000,1000,0.9999,0.0000,0.0001,0.8816,0.1105,0.0000,0.0000,1.0000,0.0000,0.0000,0.0000,0.0000,0.0000,0.0536,13.9770,0.0000,0.9464,0.0536,0.0000,0.0000,24.0000,0.0000,0.0000,0.5791,-0.0040,-0.5751
task003_nosolution,truth,12,3.0000,3.0000,1.0000,1000,1.0000,0.0000,0.0000,0.8787,0.1102,0.0000,0.0000,1.0000,0.0000,0.0000,0.0000,0.0000,0.0000,0.0267,2.3190,0.0000,0.9733,0.0267,0.0000,0.0000,3.0000,-0.0001,0.0000,0.5423,-0.0090,-0.5333
task003_nosolution,truth,12,3.0000,6.0000,1.0000,1000,1.0000,0.0000,0.0000,0.8733,0.1153,0.0000,0.0000,1.0000,0.0000,0.0000,0.0000,0.0000,0.0000,0.0272,4.7400,0.0000,0.9728,0.0272,0.0000,0.0000,3.0000,-0.0000,0.0000,0.5423,-0.0090,-0.5333
task003_nosolution,truth,12,3.0000,9.0000,1.0000,1000,1.0000,0.0000,0.0000,0.8642,0.1248,0.0000,0.0000,1.0000,0.0000,0.0000,0.0000,0.0000,0.0000,0.0295,7.7040,0.0000,0.9705,0.0295,0.0000,0.0000,3.0000,-0.0001,0.0000,0.5423,-0.0090,-0.5333
task003_nosolution,truth,12,12.0000,3.0000,1.0000,1000,1.0000,0.0000,0.0000,0.8690,0.1181,0.0000,0.0000,1.0000,0.0000,0.0000,0.0000,0.0000,0.0000,0.0231,2.0130,0.0000,0.9769,0.0231,0.0000,0.0000,12.0000,-0.0001,0.0000,0.5423,-0.0090,-0.5333
task003_nosolution,truth,12,12.0000,6.0000,1.0000,1000,1.0000,0.0000,0.0000,0.8672,0.1198,0.0000,0.0000,1.0000,0.0000,0.0000,0.0000,0.0000,0.0000,0.0230,4.0020,0.0000,0.9770,0.0230,0.0000,0.0000,12.0000,-0.0000,0.0000,0.5423,-0.0090,-0.5333
task003_nosolution,truth,12,12.0000,9.0000,1.0000,1000,1.0000,0.0000,0.0000,0.8612,0.1255,0.0000,0.0000,1.0000,0.0000,0.0000,0.0000,0.0000,0.0000,0.0236,6.1650,0.0000,0.9764,0.0236,0.0000,0.0000,12.0000,-0.0001,0.0000,0.5423,-0.0090,-0.5333
task003_nosolution,truth,12,24.0000,3.0000,1.0000,1000,1.0000,0.0000,0.0000,0.8690,0.1174,0.0000,0.0000,1.0000,0.0000,0.0000,0.0000,0.0000,0.0000,0.0229,1.9920,0.0000,0.9771,0.0229,0.0000,0.0000,24.0000,0.0000,0.0000,0.5422,-0.0090,-0.5333
task003_nosolution,truth,12,24.0000,6.0000,1.0000,1000,1.0000,0.0000,0.0000,0.8673,0.1190,0.0000,0.0000,1.0000,0.0000,0.0000,0.0000,0.0000,0.0000,0.0232,4.0440,0.0000,0.9768,0.0232,0.0000,0.0000,24.0000,0.0000,0.0000,0.5423,-0.0090,-0.5333
task003_nosolution,truth,12,24.0000,9.0000,1.0000,1000,1.0000,0.0000,0.0000,0.8643,0.1217,0.0000,0.0000,1.0000,0.0000,0.0000,0.0000,0.0000,0.0000,0.0233,6.0750,0.0000,0.9767,0.0233,0.0000,0.0000,24.0000,0.0000,0.0000,0.5423,-0.0090,-0.5333
