setup,arm,q,qc,b,rho,episodes,final_share_A0,final_share_A1,final_share_A2,final_mean_p_A0,final_mean_p_A2,final_proof_rate_A0,final_proof_rate_A0_own_evidence,episodes_majority_A0,episodes_majority_A2,abstention_rate,abstention_rate_when_voting_A0,abstention_rate_when_voting_A1,abstention_rate_when_voting_A2,nights_acting,facts_posted_per_episode,nights_proved,nights_gate,nights_posted,nights_posted_proved,nights_fallback,mean_posts_read_by_controller,sensing_bias_vs_all_agents,posters_vs_all_agents
task003_symmetric,truth,3,3,1,0.7500,1000,0.8390,0.0604,0.1006,0.8385,0.1015,0.0946,0.0002,0.9980,0.0000,0.0028,0.0002,0.0186,0.0094,0.4769,13.8290,0.0000,0.5231,0.4769,0.0000,0.0000,3.0000,0.0004,0.0018
task003_symmetric,truth,3,3,2,0.7500,1000,0.8644,0.0621,0.0735,0.8639,0.0719,0.1016,0.0000,1.0000,0.0000,0.0030,0.0002,0.0168,0.0157,0.4201,24.3660,0.0000,0.5799,0.4201,0.0000,0.0000,3.0000,-0.0003,0.0020
task003_symmetric,truth,3,3,3,0.7500,1000,0.8630,0.0699,0.0672,0.8635,0.0668,0.1041,0.0000,1.0000,0.0000,0.0031,0.0002,0.0148,0.0199,0.4034,35.0970,0.0000,0.5966,0.4034,0.0000,0.0000,3.0000,0.0027,0.0022
task003_symmetric,truth,3,3,6,0.7500,1000,0.8594,0.0701,0.0705,0.8587,0.0691,0.0757,0.0000,0.9990,0.0000,0.0045,0.0002,0.0165,0.0324,0.4161,72.3960,0.0000,0.5839,0.4161,0.0000,0.0000,3.0000,0.0017,0.0033
task003_symmetric,truth,3,3,9,0.7500,1000,0.8479,0.0870,0.0651,0.8503,0.0657,0.0540,0.0000,0.9990,0.0000,0.0048,0.0002,0.0115,0.0394,0.4318,112.6980,0.0000,0.5682,0.4318,0.0000,0.0000,3.0000,0.0026,0.0035
task003_symmetric,truth,3,6,1,0.7500,1000,0.8373,0.0648,0.0979,0.8376,0.0955,0.1002,0.0000,0.9990,0.0000,0.0026,0.0002,0.0148,0.0099,0.3512,10.1840,0.0000,0.6488,0.3487,0.0025,0.0000,6.0000,0.0021,0.0017
task003_symmetric,truth,3,6,2,0.7500,1000,0.8454,0.0742,0.0804,0.8455,0.0810,0.0981,0.0002,0.9980,0.0000,0.0028,0.0002,0.0125,0.0154,0.3047,17.6720,0.0000,0.6953,0.3031,0.0016,0.0000,6.0000,0.0029,0.0019
task003_symmetric,truth,3,6,3,0.7500,1000,0.8465,0.0742,0.0793,0.8444,0.0805,0.0976,0.0000,0.9980,0.0000,0.0032,0.0002,0.0128,0.0189,0.3030,26.3640,0.0000,0.6970,0.3017,0.0013,0.0000,6.0000,0.0022,0.0022
task003_symmetric,truth,3,6,6,0.7500,1000,0.8448,0.0744,0.0808,0.8441,0.0806,0.0663,0.0000,0.9990,0.0000,0.0041,0.0002,0.0133,0.0262,0.3093,53.8140,0.0000,0.6907,0.3089,0.0004,0.0000,6.0000,0.0043,0.0029
task003_symmetric,truth,3,6,9,0.7500,1000,0.8416,0.0804,0.0780,0.8399,0.0768,0.0609,0.0000,1.0000,0.0000,0.0043,0.0002,0.0111,0.0310,0.3092,80.7030,0.0000,0.6908,0.3084,0.0008,0.0000,6.0000,0.0032,0.0031
task003_symmetric,truth,3,12,1,0.7500,1000,0.8210,0.0738,0.1051,0.8199,0.1064,0.0991,0.0003,0.9980,0.0000,0.0027,0.0002,0.0126,0.0105,0.2751,7.9790,0.0000,0.7249,0.2214,0.0537,0.0000,12.0000,0.0014,0.0017
task003_symmetric,truth,3,12,2,0.7500,1000,0.8299,0.0699,0.1002,0.8310,0.0991,0.0980,0.0001,1.0000,0.0000,0.0029,0.0002,0.0145,0.0127,0.2343,13.5920,0.0000,0.7657,0.1877,0.0467,0.0000,12.0000,0.0016,0.0020
task003_symmetric,truth,3,12,3,0.7500,1000,0.8334,0.0695,0.0971,0.8332,0.0980,0.0930,0.0002,0.9990,0.0000,0.0034,0.0002,0.0166,0.0161,0.2208,19.2060,0.0000,0.7792,0.1761,0.0447,0.0000,12.0000,0.0019,0.0024
task003_symmetric,truth,3,12,6,0.7500,1000,0.8367,0.0766,0.0866,0.8362,0.0878,0.0785,0.0001,1.0000,0.0000,0.0037,0.0002,0.0134,0.0213,0.2194,38.1720,0.0000,0.7806,0.1830,0.0363,0.0000,12.0000,0.0027,0.0026
task003_symmetric,truth,3,12,9,0.7500,1000,0.8294,0.0827,0.0879,0.8297,0.0877,0.0670,0.0001,0.9970,0.0000,0.0039,0.0002,0.0110,0.0249,0.2227,58.1310,0.0000,0.7773,0.1895,0.0332,0.0000,12.0000,0.0024,0.0027
task003_symmetric,truth,3,24,1,0.7500,1000,0.8021,0.0643,0.1336,0.8017,0.1294,0.1123,0.0003,0.9960,0.0000,0.0027,0.0002,0.0160,0.0084,0.2981,8.6460,0.0000,0.7019,0.0711,0.2271,0.0000,23.9343,0.0017,0.0017
task003_symmetric,truth,3,24,2,0.7500,1000,0.8278,0.0587,0.1135,0.8237,0.1146,0.1005,0.0002,1.0000,0.0000,0.0033,0.0002,0.0234,0.0111,0.2266,13.1440,0.0000,0.7734,0.0564,0.1702,0.0000,23.9196,0.0023,0.0023
task003_symmetric,truth,3,24,3,0.7500,1000,0.8344,0.0610,0.1045,0.8347,0.1059,0.0873,0.0000,0.9990,0.0000,0.0040,0.0002,0.0285,0.0152,0.1977,17.1960,0.0000,0.8023,0.0532,0.1444,0.0000,23.9028,0.0029,0.0029
task003_symmetric,truth,3,24,6,0.7500,1000,0.8420,0.0743,0.0837,0.8428,0.0812,0.0780,0.0001,1.0000,0.0000,0.0036,0.0002,0.0145,0.0222,0.1789,31.1220,0.0000,0.8211,0.0492,0.1297,0.0000,23.9113,0.0026,0.0026
task003_symmetric,truth,3,24,9,0.7500,1000,0.8375,0.0810,0.0815,0.8397,0.0809,0.0630,0.0001,0.9980,0.0010,0.0040,0.0002,0.0141,0.0251,0.1927,50.3010,0.0000,0.8073,0.0563,0.1364,0.0000,23.9038,0.0028,0.0028
task003_symmetric,truth,6,3,1,0.7500,1000,0.9383,0.0187,0.0431,0.9398,0.0422,0.5525,0.0015,1.0000,0.0000,0.0010,0.0002,0.0152,0.0071,0.2270,6.5830,0.0000,0.7730,0.2270,0.0000,0.0000,3.0000,0.0001,0.0006
task003_symmetric,truth,6,3,2,0.7500,1000,0.9559,0.0183,0.0258,0.9562,0.0266,0.5620,0.0015,1.0000,0.0000,0.0009,0.0002,0.0144,0.0094,0.1820,10.5560,0.0000,0.8180,0.1820,0.0000,0.0000,3.0000,0.0001,0.0005
task003_symmetric,truth,6,3,3,0.7500,1000,0.9606,0.0168,0.0226,0.9598,0.0227,0.5602,0.0011,1.0000,0.0000,0.0009,0.0002,0.0128,0.0113,0.1658,14.4240,0.0000,0.8342,0.1658,0.0000,0.0000,3.0000,0.0002,0.0005
task003_symmetric,truth,6,3,6,0.7500,1000,0.9587,0.0184,0.0229,0.9587,0.0230,0.5511,0.0003,1.0000,0.0000,0.0010,0.0002,0.0134,0.0127,0.1624,28.2540,0.0000,0.8376,0.1624,0.0000,0.0000,3.0000,0.0008,0.0005
task003_symmetric,truth,6,3,9,0.7500,1000,0.9612,0.0191,0.0197,0.9603,0.0211,0.5401,0.0004,1.0000,0.0000,0.0009,0.0002,0.0113,0.0121,0.1678,43.7850,0.0000,0.8322,0.1678,0.0000,0.0000,3.0000,-0.0001,0.0005
task003_symmetric,truth,6,6,1,0.7500,1000,0.9352,0.0190,0.0458,0.9351,0.0452,0.5367,0.0188,1.0000,0.0000,0.0010,0.0002,0.0127,0.0068,0.1196,3.4690,0.0000,0.8804,0.1183,0.0013,0.0000,6.0000,0.0014,0.0005
task003_symmetric,truth,6,6,2,0.7500,1000,0.9440,0.0184,0.0375,0.9442,0.0364,0.5483,0.0084,1.0000,0.0000,0.0010,0.0002,0.0135,0.0079,0.0947,5.4900,0.0000,0.9053,0.0935,0.0011,0.0000,6.0000,0.0008,0.0005
task003_symmetric,truth,6,6,3,0.7500,1000,0.9460,0.0193,0.0347,0.9471,0.0335,0.5499,0.0047,1.0000,0.0000,0.0010,0.0002,0.0131,0.0097,0.0855,7.4400,0.0000,0.9145,0.0846,0.0009,0.0000,6.0000,0.0007,0.0006
task003_symmetric,truth,6,6,6,0.7500,1000,0.9456,0.0210,0.0334,0.9462,0.0331,0.5375,0.0047,1.0000,0.0000,0.0010,0.0002,0.0115,0.0099,0.0848,14.7540,0.0000,0.9152,0.0840,0.0008,0.0000,6.0000,0.0012,0.0005
task003_symmetric,truth,6,6,9,0.7500,1000,0.9481,0.0216,0.0303,0.9482,0.0304,0.5353,0.0026,1.0000,0.0000,0.0010,0.0002,0.0112,0.0106,0.0812,21.1860,0.0000,0.9188,0.0807,0.0005,0.0000,6.0000,0.0013,0.0005
task003_symmetric,truth,6,12,1,0.7500,1000,0.9231,0.0243,0.0526,0.9217,0.0537,0.5092,0.0495,1.0000,0.0000,0.0010,0.0002,0.0110,0.0059,0.0711,2.0630,0.0000,0.9289,0.0575,0.0136,0.0000,12.0000,-0.0000,0.0005
task003_symmetric,truth,6,12,2,0.7500,1000,0.9272,0.0226,0.0503,0.9289,0.0498,0.5288,0.0264,1.0000,0.0000,0.0010,0.0002,0.0125,0.0068,0.0558,3.2360,0.0000,0.9442,0.0449,0.0109,0.0000,12.0000,0.0004,0.0005
task003_symmetric,truth,6,12,3,0.7500,1000,0.9304,0.0218,0.0478,0.9313,0.0473,0.5315,0.0198,1.0000,0.0000,0.0010,0.0002,0.0131,0.0078,0.0517,4.4940,0.0000,0.9483,0.0416,0.0100,0.0000,12.0000,0.0004,0.0006
task003_symmetric,truth,6,12,6,0.7500,1000,0.9347,0.0234,0.0419,0.9361,0.0412,0.5264,0.0198,1.0000,0.0000,0.0010,0.0002,0.0119,0.0082,0.0509,8.8560,0.0000,0.9491,0.0407,0.0102,0.0000,12.0000,0.0002,0.0005
task003_symmetric,truth,6,12,9,0.7500,1000,0.9393,0.0232,0.0375,0.9386,0.0383,0.5172,0.0168,1.0000,0.0000,0.0010,0.0002,0.0108,0.0093,0.0475,12.3930,0.0000,0.9525,0.0395,0.0080,0.0000,12.0000,0.0003,0.0005
task003_symmetric,truth,6,24,1,0.7500,1000,0.9175,0.0217,0.0608,0.9166,0.0610,0.5325,0.0261,1.0000,0.0000,0.0010,0.0002,0.0131,0.0062,0.0571,1.6560,0.0000,0.9429,0.0115,0.0456,0.0000,23.9745,0.0006,0.0006
task003_symmetric,truth,6,24,2,0.7500,1000,0.9257,0.0199,0.0544,0.9274,0.0538,0.5337,0.0199,1.0000,0.0000,0.0010,0.0002,0.0166,0.0065,0.0468,2.7140,0.0000,0.9532,0.0097,0.0371,0.0000,23.9747,0.0006,0.0006
task003_symmetric,truth,6,24,3,0.7500,1000,0.9346,0.0191,0.0463,0.9340,0.0474,0.5077,0.0196,1.0000,0.0000,0.0010,0.0002,0.0165,0.0076,0.0418,3.6330,0.0000,0.9582,0.0092,0.0326,0.0000,23.9749,0.0006,0.0006
task003_symmetric,truth,6,24,6,0.7500,1000,0.9423,0.0227,0.0349,0.9441,0.0335,0.5174,0.0198,1.0000,0.0000,0.0010,0.0002,0.0122,0.0109,0.0387,6.7380,0.0000,0.9613,0.0084,0.0303,0.0000,23.9754,0.0005,0.0005
task003_symmetric,truth,6,24,9,0.7500,1000,0.9459,0.0231,0.0310,0.9455,0.0317,0.5212,0.0198,1.0000,0.0000,0.0010,0.0002,0.0118,0.0113,0.0388,10.1250,0.0000,0.9612,0.0090,0.0298,0.0000,23.9758,0.0005,0.0005
task003_symmetric,truth,12,3,1,0.7500,1000,0.9680,0.0096,0.0224,0.9685,0.0219,0.8089,0.0311,1.0000,0.0000,0.0009,0.0002,0.0266,0.0124,0.1219,3.5360,0.0000,0.8781,0.1219,0.0000,0.0000,3.0000,0.0015,0.0006
task003_symmetric,truth,12,3,2,0.7500,1000,0.9754,0.0092,0.0154,0.9754,0.0159,0.8065,0.0143,1.0000,0.0000,0.0009,0.0002,0.0260,0.0161,0.1059,6.1400,0.0000,0.8941,0.1059,0.0000,0.0000,3.0000,-0.0000,0.0006
task003_symmetric,truth,12,3,3,0.7500,1000,0.9797,0.0077,0.0126,0.9785,0.0122,0.8021,0.0145,1.0000,0.0000,0.0009,0.0002,0.0246,0.0183,0.0917,7.9800,0.0000,0.9083,0.0917,0.0000,0.0000,3.0000,0.0009,0.0005
task003_symmetric,truth,12,3,6,0.7500,1000,0.9814,0.0082,0.0104,0.9815,0.0106,0.8091,0.0173,1.0000,0.0000,0.0008,0.0002,0.0249,0.0207,0.0821,14.2800,0.0000,0.9179,0.0821,0.0000,0.0000,3.0000,-0.0002,0.0005
task003_symmetric,truth,12,3,9,0.7500,1000,0.9820,0.0082,0.0099,0.9822,0.0101,0.8087,0.0145,1.0000,0.0000,0.0008,0.0002,0.0246,0.0203,0.0765,19.9710,0.0000,0.9235,0.0765,0.0000,0.0000,3.0000,0.0013,0.0005
task003_symmetric,truth,12,6,1,0.7500,1000,0.9622,0.0123,0.0255,0.9603,0.0279,0.7710,0.2667,1.0000,0.0000,0.0009,0.0002,0.0194,0.0106,0.0499,1.4460,0.0000,0.9501,0.0494,0.0004,0.0000,6.0000,0.0007,0.0005
task003_symmetric,truth,12,6,2,0.7500,1000,0.9667,0.0136,0.0197,0.9655,0.0224,0.7788,0.1840,1.0000,0.0000,0.0008,0.0002,0.0197,0.0116,0.0420,2.4360,0.0000,0.9580,0.0415,0.0005,0.0000,6.0000,0.0012,0.0005
task003_symmetric,truth,12,6,3,0.7500,1000,0.9686,0.0115,0.0199,0.9676,0.0215,0.7871,0.1431,1.0000,0.0000,0.0009,0.0002,0.0212,0.0132,0.0386,3.3600,0.0000,0.9614,0.0382,0.0004,0.0000,6.0000,0.0011,0.0005
task003_symmetric,truth,12,6,6,0.7500,1000,0.9707,0.0118,0.0175,0.9693,0.0196,0.7934,0.1378,1.0000,0.0000,0.0009,0.0002,0.0203,0.0145,0.0378,6.5700,0.0000,0.9622,0.0374,0.0003,0.0000,6.0000,0.0012,0.0005
task003_symmetric,truth,12,6,9,0.7500,1000,0.9725,0.0108,0.0167,0.9719,0.0177,0.7887,0.1288,1.0000,0.0000,0.0008,0.0002,0.0209,0.0149,0.0350,9.1260,0.0000,0.9650,0.0348,0.0002,0.0000,6.0000,0.0013,0.0005
task003_symmetric,truth,12,12,1,0.7500,1000,0.9550,0.0138,0.0312,0.9546,0.0316,0.7574,0.4424,1.0000,0.0000,0.0009,0.0002,0.0181,0.0090,0.0234,0.6790,0.0000,0.9766,0.0196,0.0038,0.0000,12.0000,0.0003,0.0005
task003_symmetric,truth,12,12,2,0.7500,1000,0.9593,0.0118,0.0290,0.9571,0.0300,0.7666,0.3536,1.0000,0.0000,0.0009,0.0002,0.0198,0.0098,0.0210,1.2200,0.0000,0.9790,0.0178,0.0032,0.0000,12.0000,0.0005,0.0005
task003_symmetric,truth,12,12,3,0.7500,1000,0.9609,0.0119,0.0272,0.9593,0.0280,0.7745,0.3272,1.0000,0.0000,0.0009,0.0002,0.0198,0.0112,0.0208,1.8090,0.0000,0.9792,0.0176,0.0032,0.0000,12.0000,0.0005,0.0005
task003_symmetric,truth,12,12,6,0.7500,1000,0.9611,0.0129,0.0260,0.9599,0.0269,0.7722,0.3205,1.0000,0.0000,0.0009,0.0002,0.0191,0.0111,0.0206,3.5880,0.0000,0.9794,0.0175,0.0031,0.0000,12.0000,0.0002,0.0005
task003_symmetric,truth,12,12,9,0.7500,1000,0.9634,0.0124,0.0242,0.9630,0.0247,0.7640,0.3240,1.0000,0.0000,0.0008,0.0002,0.0186,0.0116,0.0200,5.2200,0.0000,0.9800,0.0170,0.0030,0.0000,12.0000,0.0003,0.0005
task003_symmetric,truth,12,24,1,0.7500,1000,0.9576,0.0124,0.0300,0.9560,0.0307,0.7752,0.3431,1.0000,0.0000,0.0009,0.0002,0.0206,0.0102,0.0209,0.6060,0.0000,0.9791,0.0045,0.0164,0.0000,23.9768,0.0006,0.0006
task003_symmetric,truth,12,24,2,0.7500,1000,0.9594,0.0125,0.0281,0.9576,0.0297,0.7759,0.3225,1.0000,0.0000,0.0009,0.0002,0.0236,0.0108,0.0200,1.1600,0.0000,0.9800,0.0043,0.0157,0.0000,23.9765,0.0006,0.0006
task003_symmetric,truth,12,24,3,0.7500,1000,0.9605,0.0120,0.0275,0.9594,0.0284,0.7696,0.3212,1.0000,0.0000,0.0009,0.0002,0.0221,0.0119,0.0197,1.7160,0.0000,0.9803,0.0041,0.0156,0.0000,23.9770,0.0006,0.0006
task003_symmetric,truth,12,24,6,0.7500,1000,0.9637,0.0121,0.0242,0.9626,0.0249,0.7618,0.3222,1.0000,0.0000,0.0009,0.0002,0.0196,0.0127,0.0195,3.3900,0.0000,0.9805,0.0042,0.0153,0.0000,23.9784,0.0005,0.0005
task003_symmetric,truth,12,24,9,0.7500,1000,0.9654,0.0115,0.0231,0.9642,0.0236,0.7625,0.3243,1.0000,0.0000,0.0009,0.0002,0.0198,0.0136,0.0195,5.0850,0.0000,0.9805,0.0041,0.0153,0.0000,23.9785,0.0005,0.0005
task003_symmetric,truth,3,3,1,1.0000,1000,0.9999,0.0000,0.0001,0.9999,0.0000,0.9991,0.4178,1.0000,0.0000,0.0008,0.0002,0.0166,0.0116,0.1101,3.1920,0.0000,0.8899,0.1101,0.0000,0.0000,3.0000,0.0007,0.0003
task003_symmetric,truth,3,3,2,1.0000,1000,1.0000,0.0000,0.0000,1.0000,0.0000,0.9992,0.5083,1.0000,0.0000,0.0008,0.0002,0.0167,0.0140,0.0983,5.7020,0.0000,0.9017,0.0983,0.0000,0.0000,3.0000,-0.0003,0.0003
task003_symmetric,truth,3,3,3,1.0000,1000,1.0000,0.0000,0.0000,1.0000,0.0000,0.9994,0.6140,1.0000,0.0000,0.0008,0.0002,0.0173,0.0145,0.0911,7.9260,0.0000,0.9089,0.0911,0.0000,0.0000,3.0000,0.0011,0.0003
task003_symmetric,truth,3,3,6,1.0000,1000,1.0000,0.0000,0.0000,1.0000,0.0000,0.9999,0.7103,1.0000,0.0000,0.0008,0.0002,0.0157,0.0148,0.0970,16.8780,0.0000,0.9030,0.0970,0.0000,0.0000,3.0000,0.0009,0.0003
task003_symmetric,truth,3,3,9,1.0000,1000,1.0000,0.0000,0.0000,1.0000,0.0000,0.9999,0.6906,1.0000,0.0000,0.0008,0.0002,0.0148,0.0148,0.1015,26.4870,0.0000,0.8985,0.1015,0.0000,0.0000,3.0000,0.0002,0.0003
task003_symmetric,truth,3,6,1,1.0000,1000,0.9999,0.0000,0.0001,0.9999,0.0000,0.9988,0.5157,1.0000,0.0000,0.0008,0.0002,0.0156,0.0116,0.0850,2.4660,0.0000,0.9150,0.0850,0.0001,0.0000,6.0000,0.0004,0.0003
task003_symmetric,truth,3,6,2,1.0000,1000,1.0000,0.0000,0.0000,1.0000,0.0000,0.9995,0.5622,1.0000,0.0000,0.0008,0.0002,0.0160,0.0137,0.0759,4.4040,0.0000,0.9241,0.0758,0.0001,0.0000,6.0000,0.0003,0.0003
task003_symmetric,truth,3,6,3,1.0000,1000,1.0000,0.0000,0.0000,1.0000,0.0000,0.9995,0.6239,1.0000,0.0000,0.0008,0.0002,0.0160,0.0143,0.0750,6.5250,0.0000,0.9250,0.0749,0.0001,0.0000,6.0000,-0.0001,0.0003
task003_symmetric,truth,3,6,6,1.0000,1000,1.0000,0.0000,0.0000,1.0000,0.0000,0.9997,0.6726,1.0000,0.0000,0.0008,0.0002,0.0154,0.0137,0.0768,13.3680,0.0000,0.9232,0.0768,0.0001,0.0000,6.0000,0.0004,0.0003
task003_symmetric,truth,3,6,9,1.0000,1000,1.0000,0.0000,0.0000,1.0000,0.0000,0.9997,0.6594,1.0000,0.0000,0.0008,0.0002,0.0145,0.0147,0.0773,20.1780,0.0000,0.9227,0.0772,0.0001,0.0000,6.0000,0.0004,0.0003
task003_symmetric,truth,3,12,1,1.0000,1000,0.9998,0.0000,0.0001,0.9999,0.0000,0.9988,0.5390,1.0000,0.0000,0.0008,0.0002,0.0146,0.0113,0.0736,2.1340,0.0000,0.9264,0.0652,0.0084,0.0000,12.0000,-0.0000,0.0003
task003_symmetric,truth,3,12,2,1.0000,1000,1.0000,0.0000,0.0000,1.0000,0.0000,0.9994,0.5231,1.0000,0.0000,0.0008,0.0002,0.0157,0.0130,0.0656,3.8020,0.0000,0.9344,0.0580,0.0076,0.0000,12.0000,0.0000,0.0003
task003_symmetric,truth,3,12,3,1.0000,1000,1.0000,0.0000,0.0000,1.0000,0.0000,0.9991,0.5575,1.0000,0.0000,0.0008,0.0002,0.0161,0.0130,0.0643,5.5920,0.0000,0.9357,0.0563,0.0080,0.0000,12.0000,0.0001,0.0003
task003_symmetric,truth,3,12,6,1.0000,1000,1.0000,0.0000,0.0000,1.0000,0.0000,0.9992,0.6128,1.0000,0.0000,0.0008,0.0002,0.0151,0.0131,0.0670,11.6640,0.0000,0.9330,0.0595,0.0075,0.0000,12.0000,0.0002,0.0003
task003_symmetric,truth,3,12,9,1.0000,1000,1.0000,0.0000,0.0000,1.0000,0.0000,0.9995,0.6435,1.0000,0.0000,0.0008,0.0002,0.0145,0.0141,0.0662,17.2800,0.0000,0.9338,0.0592,0.0070,0.0000,12.0000,-0.0000,0.0003
task003_symmetric,truth,3,24,1,1.0000,1000,1.0000,0.0000,0.0000,1.0000,0.0000,0.9990,0.3723,1.0000,0.0000,0.0008,0.0002,0.0172,0.0117,0.0737,2.1360,0.0000,0.9263,0.0232,0.0504,0.0000,23.9796,0.0003,0.0003
task003_symmetric,truth,3,24,2,1.0000,1000,1.0000,0.0000,0.0000,1.0000,0.0000,0.9993,0.3797,1.0000,0.0000,0.0008,0.0002,0.0182,0.0132,0.0660,3.8280,0.0000,0.9340,0.0197,0.0463,0.0000,23.9795,0.0003,0.0003
task003_symmetric,truth,3,24,3,1.0000,1000,1.0000,0.0000,0.0000,1.0000,0.0000,0.9990,0.4122,1.0000,0.0000,0.0008,0.0002,0.0184,0.0135,0.0643,5.5950,0.0000,0.9357,0.0198,0.0445,0.0000,23.9795,0.0003,0.0003
task003_symmetric,truth,3,24,6,1.0000,1000,1.0000,0.0000,0.0000,1.0000,0.0000,0.9998,0.6627,1.0000,0.0000,0.0008,0.0002,0.0160,0.0152,0.0656,11.4060,0.0000,0.9344,0.0207,0.0448,0.0000,23.9794,0.0003,0.0003
task003_symmetric,truth,3,24,9,1.0000,1000,1.0000,0.0000,0.0000,1.0000,0.0000,0.9998,0.6984,1.0000,0.0000,0.0008,0.0002,0.0149,0.0150,0.0661,17.2620,0.0000,0.9339,0.0202,0.0460,0.0000,23.9796,0.0003,0.0003
task003_symmetric,truth,6,3,1,1.0000,1000,1.0000,0.0000,0.0000,1.0000,0.0000,0.9998,0.5525,1.0000,0.0000,0.0007,0.0002,0.0279,0.0183,0.0532,1.5430,0.0000,0.9468,0.0532,0.0000,0.0000,3.0000,0.0004,0.0002
task003_symmetric,truth,6,3,2,1.0000,1000,1.0000,0.0000,0.0000,1.0000,0.0000,0.9998,0.6119,1.0000,0.0000,0.0007,0.0002,0.0295,0.0198,0.0488,2.8300,0.0000,0.9512,0.0488,0.0000,0.0000,3.0000,0.0003,0.0002
task003_symmetric,truth,6,3,3,1.0000,1000,1.0000,0.0000,0.0000,1.0000,0.0000,0.9999,0.7077,1.0000,0.0000,0.0007,0.0002,0.0298,0.0211,0.0461,4.0080,0.0000,0.9539,0.0461,0.0000,0.0000,3.0000,0.0002,0.0002
task003_symmetric,truth,6,3,6,1.0000,1000,1.0000,0.0000,0.0000,1.0000,0.0000,1.0000,0.9124,1.0000,0.0000,0.0007,0.0002,0.0290,0.0208,0.0465,8.0940,0.0000,0.9535,0.0465,0.0000,0.0000,3.0000,0.0004,0.0002
task003_symmetric,truth,6,3,9,1.0000,1000,1.0000,0.0000,0.0000,1.0000,0.0000,1.0000,0.9025,1.0000,0.0000,0.0007,0.0002,0.0270,0.0202,0.0499,13.0230,0.0000,0.9501,0.0499,0.0000,0.0000,3.0000,0.0003,0.0002
task003_symmetric,truth,6,6,1,1.0000,1000,1.0000,0.0000,0.0000,1.0000,0.0000,0.9998,0.6394,1.0000,0.0000,0.0007,0.0002,0.0264,0.0176,0.0422,1.2240,0.0000,0.9578,0.0422,0.0000,0.0000,6.0000,0.0004,0.0002
task003_symmetric,truth,6,6,2,1.0000,1000,1.0000,0.0000,0.0000,1.0000,0.0000,0.9999,0.6491,1.0000,0.0000,0.0007,0.0002,0.0279,0.0196,0.0374,2.1700,0.0000,0.9626,0.0374,0.0000,0.0000,6.0000,0.0004,0.0002
task003_symmetric,truth,6,6,3,1.0000,1000,1.0000,0.0000,0.0000,1.0000,0.0000,0.9999,0.7078,1.0000,0.0000,0.0007,0.0002,0.0287,0.0203,0.0361,3.1440,0.0000,0.9639,0.0361,0.0000,0.0000,6.0000,0.0003,0.0002
task003_symmetric,truth,6,6,6,1.0000,1000,1.0000,0.0000,0.0000,1.0000,0.0000,0.9999,0.8145,1.0000,0.0000,0.0007,0.0002,0.0276,0.0198,0.0366,6.3660,0.0000,0.9634,0.0366,0.0000,0.0000,6.0000,0.0005,0.0002
task003_symmetric,truth,6,6,9,1.0000,1000,1.0000,0.0000,0.0000,1.0000,0.0000,0.9999,0.8544,1.0000,0.0000,0.0007,0.0002,0.0266,0.0198,0.0378,9.8550,0.0000,0.9622,0.0377,0.0000,0.0000,6.0000,0.0003,0.0002
task003_symmetric,truth,6,12,1,1.0000,1000,1.0000,0.0000,0.0000,1.0000,0.0000,0.9998,0.6508,1.0000,0.0000,0.0007,0.0002,0.0263,0.0175,0.0357,1.0340,0.0000,0.9643,0.0316,0.0041,0.0000,12.0000,0.0001,0.0002
task003_symmetric,truth,6,12,2,1.0000,1000,1.0000,0.0000,0.0000,1.0000,0.0000,0.9998,0.6406,1.0000,0.0000,0.0007,0.0002,0.0273,0.0192,0.0323,1.8760,0.0000,0.9677,0.0287,0.0036,0.0000,12.0000,0.0001,0.0002
task003_symmetric,truth,6,12,3,1.0000,1000,1.0000,0.0000,0.0000,1.0000,0.0000,0.9999,0.6739,1.0000,0.0000,0.0007,0.0002,0.0282,0.0193,0.0314,2.7300,0.0000,0.9686,0.0278,0.0036,0.0000,12.0000,0.0001,0.0002
task003_symmetric,truth,6,12,6,1.0000,1000,1.0000,0.0000,0.0000,1.0000,0.0000,0.9999,0.7250,1.0000,0.0000,0.0007,0.0002,0.0271,0.0192,0.0323,5.6220,0.0000,0.9677,0.0287,0.0036,0.0000,12.0000,0.0001,0.0002
task003_symmetric,truth,6,12,9,1.0000,1000,1.0000,0.0000,0.0000,1.0000,0.0000,0.9998,0.8458,1.0000,0.0000,0.0007,0.0002,0.0262,0.0200,0.0314,8.1900,0.0000,0.9686,0.0278,0.0036,0.0000,12.0000,-0.0000,0.0002
task003_symmetric,truth,6,24,1,1.0000,1000,1.0000,0.0000,0.0000,1.0000,0.0000,0.9998,0.4923,1.0000,0.0000,0.0007,0.0002,0.0287,0.0187,0.0358,1.0380,0.0000,0.9642,0.0083,0.0275,0.0000,23.9834,0.0002,0.0002
task003_symmetric,truth,6,24,2,1.0000,1000,1.0000,0.0000,0.0000,1.0000,0.0000,0.9998,0.4890,1.0000,0.0000,0.0007,0.0002,0.0305,0.0199,0.0335,1.9420,0.0000,0.9665,0.0077,0.0258,0.0000,23.9833,0.0002,0.0002
task003_symmetric,truth,6,24,3,1.0000,1000,1.0000,0.0000,0.0000,1.0000,0.0000,0.9999,0.5030,1.0000,0.0000,0.0007,0.0002,0.0300,0.0205,0.0325,2.8260,0.0000,0.9675,0.0072,0.0252,0.0000,23.9835,0.0002,0.0002
task003_symmetric,truth,6,24,6,1.0000,1000,1.0000,0.0000,0.0000,1.0000,0.0000,1.0000,0.8203,1.0000,0.0000,0.0007,0.0002,0.0292,0.0217,0.0321,5.5860,0.0000,0.9679,0.0073,0.0248,0.0000,23.9836,0.0002,0.0002
task003_symmetric,truth,6,24,9,1.0000,1000,1.0000,0.0000,0.0000,1.0000,0.0000,0.9999,0.9073,1.0000,0.0000,0.0007,0.0002,0.0276,0.0212,0.0327,8.5320,0.0000,0.9673,0.0074,0.0252,0.0000,23.9835,0.0002,0.0002
task003_symmetric,truth,12,3,1,1.0000,1000,1.0000,0.0000,0.0000,1.0000,0.0000,0.9999,0.6607,1.0000,0.0000,0.0007,0.0002,0.0503,0.0331,0.0294,0.8520,0.0000,0.9706,0.0294,0.0000,0.0000,3.0000,0.0004,0.0003
task003_symmetric,truth,12,3,2,1.0000,1000,1.0000,0.0000,0.0000,1.0000,0.0000,1.0000,0.6574,1.0000,0.0000,0.0007,0.0002,0.0523,0.0352,0.0268,1.5540,0.0000,0.9732,0.0268,0.0000,0.0000,3.0000,0.0007,0.0003
task003_symmetric,truth,12,3,3,1.0000,1000,1.0000,0.0000,0.0000,1.0000,0.0000,0.9999,0.7332,1.0000,0.0000,0.0007,0.0002,0.0532,0.0363,0.0261,2.2740,0.0000,0.9739,0.0261,0.0000,0.0000,3.0000,0.0006,0.0003
task003_symmetric,truth,12,3,6,1.0000,1000,1.0000,0.0000,0.0000,1.0000,0.0000,0.9999,0.9304,1.0000,0.0000,0.0007,0.0002,0.0535,0.0369,0.0256,4.4580,0.0000,0.9744,0.0256,0.0000,0.0000,3.0000,0.0005,0.0003
task003_symmetric,truth,12,3,9,1.0000,1000,1.0000,0.0000,0.0000,1.0000,0.0000,1.0000,0.9492,1.0000,0.0000,0.0007,0.0002,0.0539,0.0365,0.0260,6.7770,0.0000,0.9740,0.0260,0.0000,0.0000,3.0000,0.0005,0.0003
task003_symmetric,truth,12,6,1,1.0000,1000,1.0000,0.0000,0.0000,1.0000,0.0000,1.0000,0.7555,1.0000,0.0000,0.0007,0.0002,0.0489,0.0327,0.0210,0.6100,0.0000,0.9790,0.0210,0.0000,0.0000,6.0000,0.0004,0.0003
task003_symmetric,truth,12,6,2,1.0000,1000,1.0000,0.0000,0.0000,1.0000,0.0000,0.9999,0.7301,1.0000,0.0000,0.0007,0.0002,0.0505,0.0350,0.0200,1.1600,0.0000,0.9800,0.0200,0.0000,0.0000,6.0000,0.0004,0.0003
task003_symmetric,truth,12,6,3,1.0000,1000,1.0000,0.0000,0.0000,1.0000,0.0000,0.9999,0.7757,1.0000,0.0000,0.0007,0.0002,0.0506,0.0357,0.0196,1.7040,0.0000,0.9804,0.0196,0.0000,0.0000,6.0000,0.0005,0.0003
task003_symmetric,truth,12,6,6,1.0000,1000,1.0000,0.0000,0.0000,1.0000,0.0000,0.9998,0.8571,1.0000,0.0000,0.0007,0.0002,0.0511,0.0361,0.0194,3.3840,0.0000,0.9806,0.0194,0.0000,0.0000,6.0000,0.0005,0.0003
task003_symmetric,truth,12,6,9,1.0000,1000,1.0000,0.0000,0.0000,1.0000,0.0000,0.9999,0.9121,1.0000,0.0000,0.0007,0.0002,0.0521,0.0359,0.0194,5.0670,0.0000,0.9806,0.0194,0.0000,0.0000,6.0000,0.0005,0.0003
task003_symmetric,truth,12,12,1,1.0000,1000,1.0000,0.0000,0.0000,1.0000,0.0000,0.9999,0.8007,1.0000,0.0000,0.0007,0.0002,0.0489,0.0324,0.0172,0.5000,0.0000,0.9828,0.0154,0.0019,0.0000,12.0000,0.0002,0.0003
task003_symmetric,truth,12,12,2,1.0000,1000,1.0000,0.0000,0.0000,1.0000,0.0000,0.9999,0.7537,1.0000,0.0000,0.0007,0.0002,0.0503,0.0348,0.0166,0.9640,0.0000,0.9834,0.0148,0.0018,0.0000,12.0000,0.0002,0.0003
task003_symmetric,truth,12,12,3,1.0000,1000,1.0000,0.0000,0.0000,1.0000,0.0000,0.9998,0.7705,1.0000,0.0000,0.0007,0.0002,0.0511,0.0352,0.0164,1.4310,0.0000,0.9836,0.0147,0.0018,0.0000,12.0000,0.0002,0.0003
task003_symmetric,truth,12,12,6,1.0000,1000,1.0000,0.0000,0.0000,1.0000,0.0000,0.9998,0.8040,1.0000,0.0000,0.0007,0.0002,0.0507,0.0353,0.0164,2.8620,0.0000,0.9836,0.0147,0.0017,0.0000,12.0000,0.0003,0.0003
task003_symmetric,truth,12,12,9,1.0000,1000,1.0000,0.0000,0.0000,1.0000,0.0000,1.0000,0.9261,1.0000,0.0000,0.0007,0.0002,0.0521,0.0353,0.0164,4.2750,0.0000,0.9836,0.0147,0.0017,0.0000,12.0000,0.0003,0.0003
task003_symmetric,truth,12,24,1,1.0000,1000,1.0000,0.0000,0.0000,1.0000,0.0000,0.9998,0.6767,1.0000,0.0000,0.0007,0.0002,0.0520,0.0335,0.0187,0.5420,0.0000,0.9813,0.0041,0.0146,0.0000,23.9834,0.0003,0.0003
task003_symmetric,truth,12,24,2,1.0000,1000,1.0000,0.0000,0.0000,1.0000,0.0000,0.9998,0.6518,1.0000,0.0000,0.0007,0.0002,0.0538,0.0351,0.0182,1.0580,0.0000,0.9818,0.0040,0.0142,0.0000,23.9833,0.0003,0.0003
task003_symmetric,truth,12,24,3,1.0000,1000,1.0000,0.0000,0.0000,1.0000,0.0000,0.9997,0.6603,1.0000,0.0000,0.0007,0.0002,0.0529,0.0358,0.0182,1.5810,0.0000,0.9818,0.0040,0.0142,0.0000,23.9835,0.0003,0.0003
task003_symmetric,truth,12,24,6,1.0000,1000,1.0000,0.0000,0.0000,1.0000,0.0000,0.9999,0.8956,1.0000,0.0000,0.0007,0.0002,0.0531,0.0366,0.0182,3.1620,0.0000,0.9818,0.0040,0.0142,0.0000,23.9836,0.0003,0.0003
task003_symmetric,truth,12,24,9,1.0000,1000,1.0000,0.0000,0.0000,1.0000,0.0000,1.0000,0.9637,1.0000,0.0000,0.0007,0.0002,0.0534,0.0365,0.0182,4.7430,0.0000,0.9818,0.0040,0.0142,0.0000,23.9836,0.0003,0.0003
